Workbook

Sheet Overview
A2: 온라인 강의 요약 서비스 · 24개월 사업모델
A4: 노란 셀을 바꾸면 월별 전망과 아래 차트가 함께 갱신됩니다. 숫자는 실측 매출이 아닌 계획 시나리오입니다.
A6: 지표 | B6: M6 | C6: M12 | D6: M24
A7: 월 신규 가입 | B7: ='Monthly Model'!H14 -> 25.525631 | C7: ='Monthly Model'!N14 -> 34.206787 | D7: ='Monthly Model'!Z14 -> 61.430475
A8: 기말 유료 고객 | B8: ='Monthly Model'!H34 -> 20.97794 | C8: ='Monthly Model'!N34 -> 37.651698 | D8: ='Monthly Model'!Z34 -> 80.526663
A9: 월 순매출 (VAT 제외) | B9: ='Monthly Model'!H52 -> 385898.74 | C9: ='Monthly Model'!N52 -> 692620.1 | D9: ='Monthly Model'!Z52 -> 1481324.6
A10: 월 전체 비용 | B10: ='Monthly Model'!H74 -> 257595.14 | C10: ='Monthly Model'!N74 -> 278737.61 | D10: ='Monthly Model'!Z74 -> 333646.04
A11: 월 순이익 | B11: ='Monthly Model'!H80 -> 127796.26 | C11: ='Monthly Model'!N80 -> 372494.25 | D11: ='Monthly Model'!Z80 -> 1032910.7
A12: 누적 순이익 | B12: ='Monthly Model'!H81 -> 4566.0496 | C12: ='Monthly Model'!N81 -> 1584514 | D12: ='Monthly Model'!Z81 -> 10076368
A13: 추천 신규 가입 | B13: ='Monthly Model'!H11 -> 0 | C13: ='Monthly Model'!N11 -> 0 | D13: ='Monthly Model'!Z11 -> 0
A16: 기간 합계 | B16: 1~12개월 | C16: 13~24개월 | D16: 24개월 합계
A17: 신규 가입 | B17: =SUM('Monthly Model'!C14:N14) -> 334.70837 | C17: =SUM('Monthly Model'!O14:Z14) -> 571.69745 | D17: =B17+C17 -> 906.40582
A18: 순매출 | B18: =SUM('Monthly Model'!C52:N52) -> 4870172.1 | C18: =SUM('Monthly Model'!O52:Z52) -> 13113559 | D18: =B18+C18 -> 17983731
A19: 전체 비용 | B19: =SUM('Monthly Model'!C74:N74) -> 3109601 | C19: =SUM('Monthly Model'!O74:Z74) -> 3678166 | D19: =B19+C19 -> 6787767
A20: 순이익 | B20: =SUM('Monthly Model'!C80:N80) -> 1584514 | C20: =SUM('Monthly Model'!O80:Z80) -> 8491853.8 | D20: =B20+C20 -> 10076368
A21: 추천 가입 | B21: =SUM('Monthly Model'!C11:N11) -> 1.36584 | C21: =SUM('Monthly Model'!O11:Z11) -> 0 | D21: =B21+C21 -> 1.36584
A22: 추천 무료월 획득 | B22: =SUM('Monthly Model'!C43:N43) -> 0.10038924 | C22: =SUM('Monthly Model'!O43:Z43) -> 0 | D22: =B22+C22 -> 0.10038924
A23: 월별 매출 · 비용 · 순이익 (원) | F23: 모델 적용 규칙
A24: 월 | B24: 순매출 | C24: 전체 비용 | D24: 순이익
A25: M1 | B25: ='Monthly Model'!C52 -> 55186.364 | C25: ='Monthly Model'!C74 -> 237720.66 | D25: ='Monthly Model'!C80 -> -182534.3 | F25: 일반 무료체험 폐지. 피추천인만 Essential/EDU 14일·200분 체험.
A26: M2 | B26: ='Monthly Model'!D52 -> 189724.7 | C26: ='Monthly Model'!D74 -> 243534.36 | D26: ='Monthly Model'!D80 -> -53809.656 | F26: 일반 가입은 당월 직접 결제. 전환율 15%는 임시 비교값(C102).
A27: M3 | B27: ='Monthly Model'!E52 -> 239782.04 | C27: ='Monthly Model'!E74 -> 247212.84 | D27: ='Monthly Model'!E80 -> -7430.799 | F27: 추천 캠페인은 M1~M2만 운영합니다. 이후 신규 추천 가입은 0입니다.
A28: M4 | B28: ='Monthly Model'!F52 -> 288414.86 | C28: ='Monthly Model'!F74 -> 250729.12 | D28: ='Monthly Model'!F80 -> 37685.745 | F28: 두 명의 카드 체험으로 얻은 무료월은 다음 달 사용하고, 미사용분은 만료로 근사합니다.
A29: M5 | B29: ='Monthly Model'!G52 -> 337035.68 | C29: ='Monthly Model'!G74 -> 254176.88 | D29: ='Monthly Model'!G80 -> 82858.803 | F29: 현재 직원이 없으므로 인건비는 0원입니다. 채용 시 해당 레버를 변경하세요.
A30: M6 | B30: ='Monthly Model'!H52 -> 385898.74 | C30: ='Monthly Model'!H74 -> 257595.14 | D30: ='Monthly Model'!H80 -> 127796.26 | F30: Vercel Hobby는 비상업용만 허용되어 유료 서비스는 Pro부터 시작합니다.
A31: M7 | B31: ='Monthly Model'!I52 -> 435156.22 | C31: ='Monthly Model'!I74 -> 261011.54 | D31: ='Monthly Model'!I80 -> 156730.22 | F31: 월 이용 한도: Essential/EDU 400분, Pro 600분. 평균 사용량과 별도.
A32: M8 | B32: ='Monthly Model'!J52 -> 484958.98 | C32: ='Monthly Model'!J74 -> 264448.37 | D32: ='Monthly Model'!J80 -> 198459.55 | F32: 음성 인식은 기기 내 처리. 외부 AI 요약은 텍스트 토큰 비용만 포함합니다.
A33: M9 | B33: ='Monthly Model'!K52 -> 535457 | C33: ='Monthly Model'!K74 -> 267924.21 | D33: ='Monthly Model'!K80 -> 240779.51 | F33: 매출은 VAT 제외. 법인세는 월간 추정과 이월결손금 단순 적용입니다.
A34: M10 | B34: ='Monthly Model'!L52 -> 586799.91 | C34: ='Monthly Model'!L74 -> 271455.07 | D34: ='Monthly Model'!L80 -> 283810.36
A35: M11 | B35: ='Monthly Model'!M52 -> 639137.49 | C35: ='Monthly Model'!M74 -> 275055.18 | D35: ='Monthly Model'!M80 -> 327674.07
A36: M12 | B36: ='Monthly Model'!N52 -> 692620.1 | C36: ='Monthly Model'!N74 -> 278737.61 | D36: ='Monthly Model'!N80 -> 372494.25
A37: M13 | B37: ='Monthly Model'!O52 -> 747399.19 | C37: ='Monthly Model'!O74 -> 282514.6 | D37: ='Monthly Model'!O80 -> 418396.13
A38: M14 | B38: ='Monthly Model'!P52 -> 803627.76 | C38: ='Monthly Model'!P74 -> 286397.98 | D38: ='Monthly Model'!P80 -> 465506.81
A39: M15 | B39: ='Monthly Model'!Q52 -> 861460.81 | C39: ='Monthly Model'!Q74 -> 290399.25 | D39: ='Monthly Model'!Q80 -> 513955.41
A40: M16 | B40: ='Monthly Model'!R52 -> 921055.81 | C40: ='Monthly Model'!R74 -> 294529.85 | D40: ='Monthly Model'!R80 -> 563873.36
A41: M17 | B41: ='Monthly Model'!S52 -> 982573.15 | C41: ='Monthly Model'!S74 -> 298801.24 | D41: ='Monthly Model'!S80 -> 615394.72
A42: M18 | B42: ='Monthly Model'!T52 -> 1046176.6 | C42: ='Monthly Model'!T74 -> 303224.97 | D42: ='Monthly Model'!T80 -> 668656.48
A43: M19 | B43: ='Monthly Model'!U52 -> 1112033.9 | C43: ='Monthly Model'!U74 -> 307812.82 | D43: ='Monthly Model'!U80 -> 723798.96
A44: M20 | B44: ='Monthly Model'!V52 -> 1180316.9 | C44: ='Monthly Model'!V74 -> 312576.79 | D44: ='Monthly Model'!V80 -> 780966.11
A45: M21 | B45: ='Monthly Model'!W52 -> 1251202.5 | C45: ='Monthly Model'!W74 -> 317529.2 | D45: ='Monthly Model'!W80 -> 840305.95
A46: M22 | B46: ='Monthly Model'!X52 -> 1324872.7 | C46: ='Monthly Model'!X74 -> 322682.75 | D46: ='Monthly Model'!X80 -> 901970.92
A47: M23 | B47: ='Monthly Model'!Y52 -> 1401515.3 | C47: ='Monthly Model'!Y74 -> 328050.52 | D47: ='Monthly Model'!Y80 -> 966118.31
A48: M24 | B48: ='Monthly Model'!Z52 -> 1481324.6 | C48: ='Monthly Model'!Z74 -> 333646.04 | D48: ='Monthly Model'!Z80 -> 1032910.7

Sheet Assumptions
A2: 사업모델 가정과 조절값
A4: 조절 항목 | B4: 단위 | C4: 값 | D4: 근거 구분 | E4: 출처 ID | F4: 정의 / 바꿀 때 확인할 점 | G4: 출시 후 1개월 | H4: 출시 후 2개월 | I4: 출시 후 3개월 | J4: 출시 후 4개월 | K4: 출시 후 5개월 | L4: 출시 후 6개월 | M4: 출시 후 7개월 | N4: 출시 후 8개월 | O4: 출시 후 9개월 | P4: 출시 후 10개월 | Q4: 출시 후 11개월 | R4: 출시 후 12개월
A5: 상품 · 체험 · 추천 규칙 | G5: 오가닉 계절 계수
A6: Essential 월 가격 | B6: 원 | C6: 24000 | D6: 사용자 | E6: U | F6: 부가세 포함 소비자 표시가 | G6: 1 | H6: 1 | I6: 1 | J6: 1 | K6: 1 | L6: 1 | M6: 1 | N6: 1 | O6: 1 | P6: 1 | Q6: 1 | R6: 1
A7: Essential 학생가 | B7: 원 | C7: 14000 | D7: 사용자 | E7: U | F7: 학생 인증 시 같은 기능
A8: Pro 월 가격 | B8: 원 | C8: 28900 | D8: 사용자 | E8: U | F8: 부가세 포함 소비자 표시가 | G8: 2년차에도 같은 계수를 반복합니다. 방학·개강 효과는 실측 후 입력하세요.
A9: 피추천인 전용 체험 기간 | B9: 일 | C9: 14 | D9: 사용자 | E9: U | F9: 일반 체험 없음. 추천 코드·카드 등록 후 14일; 다음 달 유료 전환 근사
A10: 피추천인 체험 최대 이용량 | B10: 분 | C10: 200 | D10: 사용자 | E10: U | F10: 14일 체험 전체 누적 200분; 월 한도가 아님 | G10: 가격 비중 합계 | H10: =SUM(C33,C34,C35) -> 1
A11: 1인당 초대 코드 | B11: 개 | C11: 2 | D11: 사용자 | E11: U | F11: 추천 보상은 두 코드가 모두 인정될 때 지급
A12: 사전예약 첫달 무료 | B12: 개월 | C12: 1 | D12: 사용자 | E12: U | F12: 카드 등록을 완료한 유료 플랜 이용자
A13: 추천 보상 무료 기간 | B13: 개월 | C13: 1 | D13: 사용자 | E13: U | F13: 한 추천인이 코드 2개 모두 달성 시 1회 지급
A14: 신규 유입 · 무료체험 전환
A15: 출시 시 사전예약자 | B15: 명 | C15: 25 | D15: 가정 | E15: A | F15: 현재 웨이트리스트 실측값으로 교체
A16: 사전예약 → 계정 가입 | B16: % | C16: 0.6 | D16: 가정 | E16: A | F16: 사전예약자 중 출시 후 가입 비중
A17: 사전예약 가입 → 카드 등록 | B17: % | C17: 0.7 | D17: 가정 | E17: A | F17: 첫달 무료 혜택 시작 비중
A18: 출시 첫달 오가닉 가입 | B18: 명 | C18: 20 | D18: 가정 | E18: A | F18: 광고·추천 제외. 실측 획득 채널로 교체
A19: 오가닉 월 성장률 | B19: % | C19: 0.05 | D19: 가정 | E19: A | F19: 아래 학사시즌 계수와 별도 적용
A20: 이전 오가닉 카드 체험률 (미사용) | B20: % | C20: 0.6 | D20: 가정 | E20: B1 | F20: 기존 60% 보존. 일반 체험 폐지로 계산에 미사용
A21: 추천 자격자 중 두 코드 공유 | B21: % | C21: 0.2 | D21: 참고 기반 가정 | E21: B3 | F21: 추천으로 유입된 고객의 공유율 참고. 본 제품 실측 아님
A22: 초대 코드 수신 → 가입 | B22: % | C22: 0.3 | D22: 참고 기반 가정 | E22: B3 | F22: 공유한 각 코드의 가입 확률
A23: 추천 가입 → 카드 체험 | B23: % | C23: 0.7 | D23: 가정 | E23: A | F23: 카드 등록 후 무료체험 시작이 추천 인정 조건
A24: 이전 오가닉 체험 유료율 (미사용) | B24: % | C24: 0.25 | D24: 가정 | E24: B1 | F24: 기존 25% 보존. 신규 직접 결제 전환율은 C102
A25: 추천 카드 체험 → 유료 | B25: % | C25: 0.25 | D25: 가정 | E25: B1 | F25: 체험 완료 다음 달부터 유료 과금
A26: 사전예약 첫달 무료 → 유료 | B26: % | C26: 0.4 | D26: 가정 | E26: A | F26: 무료 한 달 후 첫 결제 성공률
A27: 기존 고객 유지 · 가격 구성
A28: Essential 월 유료 이탈률 | B28: % | C28: 0.064 | D28: 벤치마크 | E28: B2 | F28: 저가 SaaS의 월 고객 이탈률 6.1~6.4% 참고
A29: 학생가 월 유료 이탈률 | B29: % | C29: 0.064 | D29: 벤치마크 | E29: B2 | F29: 방학 영향 미반영. 학사시즌 계수 조정 권장
A30: Pro 월 유료 이탈률 | B30: % | C30: 0.064 | D30: 벤치마크 | E30: B2 | F30: 계약/실측 전까지 동일 기본값
A31: Free 월 비활성 이탈률 | B31: % | C31: 0.3 | D31: 가정 | E31: A | F31: Free 계정 활성 사용자 재고의 이탈
A32: 유료 이탈 → Free 잔류 | B32: % | C32: 0.3 | D32: 가정 | E32: A | F32: 유료 해지 후 무료 사용자는 Free 재고로 이동
A33: 신규 유료 Essential 비중 | B33: % | C33: 0.4 | D33: 가정 | E33: A | F33: 학생가·Pro 비중과 합계 100%
A34: 신규 유료 학생가 비중 | B34: % | C34: 0.45 | D34: 가정 | E34: A | F34: 학생 타깃 특성 반영한 초기 가정
A35: 신규 유료 Pro 비중 | B35: % | C35: 0.15 | D35: 가정 | E35: A | F35: 나머지와 합계 100%
A36: 다음달 추천 보상 사용률 | B36: % | C36: 0.7 | D36: 가정 | E36: A | F36: 미사용분은 만료. 유료 구독 지속 여부 근사
A37: 활동량 · 추론 비용
A38: Essential 유료 월 평균 강의 | B38: 분 | C38: 200 | D38: 가정 | E38: A | F38: 평균 사용량 유지. 비용 산식에 Essential 월 한도 C100 적용
A39: 학생가 유료 월 평균 강의 | B39: 분 | C39: 200 | D39: 가정 | E39: A | F39: 평균 사용량 유지. EDU는 Essential과 동일한 월 한도
A40: Pro 유료 월 평균 강의 | B40: 분 | C40: 400 | D40: 가정 | E40: A | F40: 평균 사용량 유지. 비용 산식에 Pro 월 한도 C101 적용
A41: 피추천인 체험 평균 강의 | B41: 분 | C41: 80 | D41: 가정 | E41: A | F41: 평균 80분 가정. 체험 전체 상한 C10=200분
A42: 사전예약 무료월 평균 강의 | B42: 분 | C42: 200 | D42: 가정 | E42: A | F42: 평균 사용량 유지. 요금제 구성별 월 한도 적용
A43: Free 월 평균 강의 | B43: 분 | C43: 60 | D43: 가정 | E43: A | F43: 기본은 기기 내 처리, 외부 LLM 0
A44: 유료·체험 강의의 외부 AI 요약 비중 | B44: % | C44: 1 | D44: 가정 | E44: A | F44: 사용자가 별도 동의한 텍스트 요약만 포함
A45: 강의 1분당 입력 토큰 | B45: 토큰 | C45: 500 | D45: 가정 | E45: A | F45: 자막·OCR·프롬프트 합계. 실측 API 로그로 교체
A46: 강의 1분당 출력 토큰 | B46: 토큰 | C46: 100 | D46: 가정 | E46: A | F46: 노트 출력. 실측 API 로그로 교체
A47: 재시도·부가 호출 배수 | B47: 배 | C47: 1.2 | D47: 가정 | E47: A | F47: 요약 단계 수와 실패 재시도 포함
A48: Gemini 3.8 Flash 사용 비중 | B48: % | C48: 0.5 | D48: 가정 | E48: A | F48: 나머지는 Flash Lite. 실제 기본 모델은 Flash Lite
A49: Flash Lite 입력 USD/100만 토큰 | B49: USD | C49: 0.1 | D49: 공식 요금 | E49: P3 | F49: OpenRouter Google Vertex 공개 단가
... A56: 비전 엔진 1분당 원가 | B56: 원 | C56: 0 | D56: 미측정 | E56: A | F56: 프레임/토큰 실측 전에는 0. 원가가 누락될 수 있음
A57: 호스팅 · 결제 · 판관비 · 세금
A58: Vercel Pro 기본료 | B58: USD | C58: 20 | D58: 공식 요금 | E58: P1 | F58: 월 20달러 플랫폼 요금. 사용량 크레딧 포함
A59: Vercel 기타 종량 비용 | B59: USD | C59: 0 | D59: 미측정 | E59: P1 | F59: 월 USD, Pro $20 사용량 크레딧 적용 전 추가 비용
A60: Supabase Pro 기본료 | B60: USD | C60: 25 | D60: 공식 요금 | E60: P2 | F60: 첫 프로젝트 기본료
A61: Supabase 10만 MAU 초과 단가 | B61: USD | C61: 0.00325 | D61: 공식 요금 | E61: P2 | F61: 활성 사용자 수에 적용. 기타 초과는 별도
A62: Supabase 기타 초과 사용료 | B62: USD | C62: 0 | D62: 미측정 | E62: P2 | F62: 월 USD, 아래 자동 계산 항목 외의 실청구 비용
A63: 카드 결제 비율 수수료 | B63: % | C63: 0.034 | D63: 참고 단가 | E63: P6 | F63: 토스 일반카드 요율. 구독 자동결제 계약 시 확인
A64: PG 가입비 | B64: 원 | C64: 0 | D64: 참고 단가 | E64: P6 | F64: 첫 달 1회 반영. 계약별 변경 가능
A65: PG 연관리비 | B65: 원 | C65: 0 | D65: 참고 단가 | E65: P6 | F65: 1개월과 13개월 반영
A66: 활성 계정당 월 지원 비용 | B66: 원 | C66: 100 | D66: 가정 | E66: A | F66: 인원 수 증가에 따른 지원·운영 변동비
A67: 월 마케팅비 | B67: 원 | C67: 0 | D67: 가정 | E67: A | F67: 유료 광고·콘텐츠 제작 등. 오가닉과 비용 혼동 금지
A68: 월 인건비 (직원 없음) | B68: 원 | C68: 0 | D68: 가정 | E68: A | F68: 현재 직원 0명. 채용 계획이 생기면 비용 입력
A69: 기타 월 판관비 | B69: 원 | C69: 200000 | D69: 가정 | E69: A | F69: 법무·소프트웨어·운영비
... A71: 법인세 추정률 | B71: % | C71: 0.1 | D71: 단순화 | E71: P8 | F71: 2억원 이하 구간 예시. 월 손실이월 단순 근사
A73: 추천 기간 · 인프라 사용량 레버
A74: 추천 캠페인 운영 개월 | B74: 개월 | C74: 2 | D74: 사용자 조건 | E74: U | F74: M1~M2만 신규 추천 유입·보상 자격 발생
A75: Vercel Hobby 사용 자격 (0=상업, 1=비상업) | B75: 0/1 | C75: 0 | D75: 공식 약관 | E75: P1 | F75: 상업 서비스 기본값 0: 첫달부터 Pro
A76: 방문자 → 신규 가입률 | B76: % | C76: 0.05 | D76: 가정 | E76: A | F76: 유입 채널 통합 근사. 분석 도구 실측값으로 교체
A77: 방문자당 Edge 요청 | B77: 회 | C77: 8 | D77: 가정 | E77: A | F77: 랜딩 웹 요청 수
A78: 방문자당 Vercel 전송량 | B78: MB | C78: 2 | D78: 가정 | E78: A | F78: 이미지·스크립트 포함 랜딩 전송량
A79: Vercel Pro 포함 전송량 | B79: GB | C79: 1024 | D79: 공식 요금 | E79: P1 | F79: 1 TB / 월 근사
A80: Vercel Pro 포함 Edge 요청 | B80: 회 | C80: 10000000 | D80: 공식 요금 | E80: P1 | F80: 월 1천만 건
A81: Vercel 초과 전송 단가 | B81: USD/GB | C81: 0.35 | D81: 공식 요금 | E81: P1 | F81: 서울 지역 상한 단가로 보수적 근사
A82: Vercel 초과 Edge 요청 단가 | B82: USD/백만건 | C82: 3.2 | D82: 공식 요금 | E82: P1 | F82: 서울 지역 상한 단가로 보수적 근사
A83: Vercel Hobby 포함 전송량 | B83: GB | C83: 100 | D83: 공식 요금 | E83: P1 | F83: 비상업 파일럿에서만 적용
A84: Vercel Hobby 포함 Edge 요청 | B84: 회 | C84: 1000000 | D84: 공식 요금 | E84: P1 | F84: 비상업 파일럿에서만 적용
A85: Supabase Free 포함 MAU | B85: 명 | C85: 50000 | D85: 공식 요금 | E85: P2 | F85: 월 활성 계정 한도
... A98: Supabase Pro 저장 초과 단가 | B98: USD/GB | C98: 0.0213 | D98: 공식 요금 | E98: P2 | F98: 100GB 초과
A99: 요금제 이용 한도 · 일반 가입 직접 결제
A100: Essential / EDU 월 이용 한도 | B100: 분 | C100: 400 | D100: 사용자 | E100: U | F100: Essential과 EDU 동일. 월 평균 사용량과 별도
A101: Pro 월 이용 한도 | B101: 분 | C101: 600 | D101: 사용자 | E101: U | F101: 월 평균 사용량 C40과 별도
A102: 일반 가입 → 당월 직접 유료 전환 | B102: % | C102: 0.15 | D102: 임시 비교 가정 | E102: A | F102: 이전 60%×25%=15%를 임시 적용. 실측·확정값 아님

Sheet Monthly Model
A2: 24개월 월별 가입 · 매출 · 손익
A4: 지표 | B4: 단위 | C4: M1 | D4: M2 | E4: M3 | F4: M4 | G4: M5 | H4: M6 | I4: M7 | J4: M8 | K4: M9 | L4: M10 | M4: M11 | N4: M12 | O4: M13 | P4: M14 | Q4: M15 | R4: M16 | S4: M17 | T4: M18 | U4: M19 | V4: M20 | W4: M21 | X4: M22 | Y4: M23 | Z4: M24
A5: 유입 · 카드 등록
A6: 출시 시 사전예약 명단 | B6: 명 | C6: =Assumptions!$C$15 -> 25 | D6: =0 -> 0 | E6: =0 -> 0 | F6: =0 -> 0 | G6: =0 -> 0 | H6: =0 -> 0 | I6: =0 -> 0 | J6: =0 -> 0 | K6: =0 -> 0 | ... Z6: =0 -> 0
A7: 사전예약 → 실제 가입 | B7: 명 | C7: =C6*Assumptions!$C$16 -> 15 | D7: =D6*Assumptions!$C$16 -> 0 | E7: =E6*Assumptions!$C$16 -> 0 | F7: =F6*Assumptions!$C$16 -> 0 | G7: =G6*Assumptions!$C$16 -> 0 | H7: =H6*Assumptions!$C$16 -> 0 | I7: =I6*Assumptions!$C$16 -> 0 | J7: =J6*Assumptions!$C$16 -> 0 | ... Z7: =Z6*Assumptions!$C$16 -> 0
A8: 사전예약 카드 등록 · 첫달 무료 | B8: 명 | C8: =C7*Assumptions!$C$17 -> 10.5 | D8: =D7*Assumptions!$C$17 -> 0 | E8: =E7*Assumptions!$C$17 -> 0 | F8: =F7*Assumptions!$C$17 -> 0 | G8: =G7*Assumptions!$C$17 -> 0 | H8: =H7*Assumptions!$C$17 -> 0 | I8: =I7*Assumptions!$C$17 -> 0 | J8: =J7*Assumptions!$C$17 -> 0 | ... Z8: =Z7*Assumptions!$C$17 -> 0
A9: 오가닉 신규 가입 | B9: 명 | C9: =Assumptions!$C$18*(1+Assumptions!$C$19)^0*Assumptions!$G$6 -> 20 | D9: =Assumptions!$C$18*(1+Assumptions!$C$19)^1*Assumptions!$H$6 -> 21 | E9: =Assumptions!$C$18*(1+Assumptions!$C$19)^2*Assumptions!$I$6 -> 22.05 | F9: =Assumptions!$C$18*(1+Assumptions!$C$19)^3*Assumptions!$J$6 -> 23.1525 | G9: =Assumptions!$C$18*(1+Assumptions!$C$19)^4*Assumptions!$K$6 -> 24.310125 | H9: =Assumptions!$C$18*(1+Assumptions!$C$19)^5*Assumptions!$L$6 -> 25.525631 | I9: =Assumptions!$C$18*(1+Assumptions!$C$19)^6*Assumptions!$M$6 -> 26.801913 | J9: =Assumptions!$C$18*(1+Assumptions!$C$19)^7*Assumptions!$N$6 -> 28.142008 | K9: =Assumptions!$C$18*(1+Assumptions!$C$19)^8*Assumptions!$O$6 -> 29.549109 | L9: =Assumptions!$C$18*(1+Assumptions!$C$19)^9*Assumptions!$P$6 -> 31.026564 | M9: =Assumptions!$C$18*(1+Assumptions!$C$19)^10*Assumptions!$Q$6 -> 32.577893 | N9: =Assumptions!$C$18*(1+Assumptions!$C$19)^11*Assumptions!$R$6 -> 34.206787 | O9: =Assumptions!$C$18*(1+Assumptions!$C$19)^12*Assumptions!$G$6 -> 35.917127 | P9: =Assumptions!$C$18*(1+Assumptions!$C$19)^13*Assumptions!$H$6 -> 37.712983 | Q9: =Assumptions!$C$18*(1+Assumptions!$C$19)^14*Assumptions!$I$6 -> 39.598632 | R9: =Assumptions!$C$18*(1+Assumptions!$C$19)^15*Assumptions!$J$6 -> 41.578564 | S9: =Assumptions!$C$18*(1+Assumptions!$C$19)^16*Assumptions!$K$6 -> 43.657492 | T9: =Assumptions!$C$18*(1+Assumptions!$C$19)^17*Assumptions!$L$6 -> 45.840366 | U9: =Assumptions!$C$18*(1+Assumptions!$C$19)^18*Assumptions!$M$6 -> 48.132385 | V9: =Assumptions!$C$18*(1+Assumptions!$C$19)^19*Assumptions!$N$6 -> 50.539004 | W9: =Assumptions!$C$18*(1+Assumptions!$C$19)^20*Assumptions!$O$6 -> 53.065954 | X9: =Assumptions!$C$18*(1+Assumptions!$C$19)^21*Assumptions!$P$6 -> 55.719252 | Y9: =Assumptions!$C$18*(1+Assumptions!$C$19)^22*Assumptions!$Q$6 -> 58.505214 | Z9: =Assumptions!$C$18*(1+Assumptions!$C$19)^23*Assumptions!$R$6 -> 61.430475
A10: 추천 코드 2개 공유자 | B10: 명 | C10: =IF(1<=Assumptions!$C$74,C8*Assumptions!$C$21,0) -> 2.1 | D10: =IF(2<=Assumptions!$C$74,C12*Assumptions!$C$21,0) -> 0.1764 | E10: =IF(3<=Assumptions!$C$74,D12*Assumptions!$C$21,0) -> 0 | F10: =IF(4<=Assumptions!$C$74,E12*Assumptions!$C$21,0) -> 0 | G10: =IF(5<=Assumptions!$C$74,F12*Assumptions!$C$21,0) -> 0 | H10: =IF(6<=Assumptions!$C$74,G12*Assumptions!$C$21,0) -> 0 | I10: =IF(7<=Assumptions!$C$74,H12*Assumptions!$C$21,0) -> 0 | J10: =IF(8<=Assumptions!$C$74,I12*Assumptions!$C$21,0) -> 0 | K10: =IF(9<=Assumptions!$C$74,J12*Assumptions!$C$21,0) -> 0 | L10: =IF(10<=Assumptions!$C$74,K12*Assumptions!$C$21,0) -> 0 | M10: =IF(11<=Assumptions!$C$74,L12*Assumptions!$C$21,0) -> 0 | N10: =IF(12<=Assumptions!$C$74,M12*Assumptions!$C$21,0) -> 0 | O10: =IF(13<=Assumptions!$C$74,N12*Assumptions!$C$21,0) -> 0 | P10: =IF(14<=Assumptions!$C$74,O12*Assumptions!$C$21,0) -> 0 | Q10: =IF(15<=Assumptions!$C$74,P12*Assumptions!$C$21,0) -> 0 | R10: =IF(16<=Assumptions!$C$74,Q12*Assumptions!$C$21,0) -> 0 | S10: =IF(17<=Assumptions!$C$74,R12*Assumptions!$C$21,0) -> 0 | T10: =IF(18<=Assumptions!$C$74,S12*Assumptions!$C$21,0) -> 0 | U10: =IF(19<=Assumptions!$C$74,T12*Assumptions!$C$21,0) -> 0 | V10: =IF(20<=Assumptions!$C$74,U12*Assumptions!$C$21,0) -> 0 | W10: =IF(21<=Assumptions!$C$74,V12*Assumptions!$C$21,0) -> 0 | X10: =IF(22<=Assumptions!$C$74,W12*Assumptions!$C$21,0) -> 0 | Y10: =IF(23<=Assumptions!$C$74,X12*Assumptions!$C$21,0) -> 0 | Z10: =IF(24<=Assumptions!$C$74,Y12*Assumptions!$C$21,0) -> 0
A11: 추천 코드 신규 가입 | B11: 명 | C11: =C10*Assumptions!$C$11*Assumptions!$C$22 -> 1.26 | D11: =D10*Assumptions!$C$11*Assumptions!$C$22 -> 0.10584 | E11: =E10*Assumptions!$C$11*Assumptions!$C$22 -> 0 | F11: =F10*Assumptions!$C$11*Assumptions!$C$22 -> 0 | G11: =G10*Assumptions!$C$11*Assumptions!$C$22 -> 0 | H11: =H10*Assumptions!$C$11*Assumptions!$C$22 -> 0 | I11: =I10*Assumptions!$C$11*Assumptions!$C$22 -> 0 | J11: =J10*Assumptions!$C$11*Assumptions!$C$22 -> 0 | ... Z11: =Z10*Assumptions!$C$11*Assumptions!$C$22 -> 0
A12: 추천 카드 등록 체험 | B12: 명 | C12: =C11*Assumptions!$C$23 -> 0.882 | D12: =D11*Assumptions!$C$23 -> 0.074088 | E12: =E11*Assumptions!$C$23 -> 0 | F12: =F11*Assumptions!$C$23 -> 0 | G12: =G11*Assumptions!$C$23 -> 0 | H12: =H11*Assumptions!$C$23 -> 0 | I12: =I11*Assumptions!$C$23 -> 0 | J12: =J11*Assumptions!$C$23 -> 0 | ... Z12: =Z11*Assumptions!$C$23 -> 0
A13: 일반 가입 직접 결제 | B13: 명 | C13: =C9*Assumptions!$C$102 -> 3 | D13: =D9*Assumptions!$C$102 -> 3.15 | E13: =E9*Assumptions!$C$102 -> 3.3075 | F13: =F9*Assumptions!$C$102 -> 3.472875 | G13: =G9*Assumptions!$C$102 -> 3.6465187 | H13: =H9*Assumptions!$C$102 -> 3.8288447 | I13: =I9*Assumptions!$C$102 -> 4.0202869 | J13: =J9*Assumptions!$C$102 -> 4.2213013 | ... Z13: =Z9*Assumptions!$C$102 -> 9.2145713
A14: 전체 신규 가입 | B14: 명 | C14: =SUM(C7,C9,C11) -> 36.26 | D14: =SUM(D7,D9,D11) -> 21.10584 | E14: =SUM(E7,E9,E11) -> 22.05 | F14: =SUM(F7,F9,F11) -> 23.1525 | G14: =SUM(G7,G9,G11) -> 24.310125 | H14: =SUM(H7,H9,H11) -> 25.525631 | I14: =SUM(I7,I9,I11) -> 26.801913 | J14: =SUM(J7,J9,J11) -> 28.142008 | ... Z14: =SUM(Z7,Z9,Z11) -> 61.430475
A15: 신규 카드 등록 | B15: 명 | C15: =SUM(C8,C13,C12) -> 14.382 | D15: =SUM(D8,D13,D12) -> 3.224088 | E15: =SUM(E8,E13,E12) -> 3.3075 | F15: =SUM(F8,F13,F12) -> 3.472875 | G15: =SUM(G8,G13,G12) -> 3.6465187 | H15: =SUM(H8,H13,H12) -> 3.8288447 | I15: =SUM(I8,I13,I12) -> 4.0202869 | J15: =SUM(J8,J13,J12) -> 4.2213013 | ... Z15: =SUM(Z8,Z13,Z12) -> 9.2145713
A17: 가입 전환 · 고객 유지
A18: 일반 가입 당월 신규 유료 | B18: 명 | C18: =C13 -> 3 | D18: =D13 -> 3.15 | E18: =E13 -> 3.3075 | F18: =F13 -> 3.472875 | G18: =G13 -> 3.6465187 | H18: =H13 -> 3.8288447 | I18: =I13 -> 4.0202869 | J18: =J13 -> 4.2213013 | ... Z18: =Z13 -> 9.2145713
A19: 추천 신규 유료 | B19: 명 | C19: =SUM(IF(0=MAX(1,ROUNDUP(Assumptions!$C$9/30,0)),C12*Assumptions!$C$25,0)) -> 0 | D19: =SUM(IF(1=MAX(1,ROUNDUP(Assumptions!$C$9/30,0)),C12*Assumptions!$C$25,0),IF(0=MAX(1,ROUNDUP(Assumptions!$C$9/30,0)),D12*Assumptions!$C$25,0)) -> 0.2205 | E19: =SUM(IF(2=MAX(1,ROUNDUP(Assumptions!$C$9/30,0)),C12*Assumptions!$C$25,0),IF(1=MAX(1,ROUNDUP(Assumptions!$C$9/30,0)),D12*Assumptions!$C$25,0),IF(0=MAX(1,ROUNDUP(Assumptions!$C$9/30,0)),E12*Assumptions!$C$25,0)) -> 0.018522 | F19: =SUM(IF(3=MAX(1,ROUNDUP(Assumptions!$C$9/30,0)),C12*Assumptions!$C$25,0),IF(2=MAX(1,ROUNDUP(Assumptions!$C$9/30,0)),D12*Assumptions!$C$25,0),IF(1=MAX(1,ROUNDUP(Assumptions!$C$9/30,0)),E12*Assumptions!$C$25,0),IF(0=MAX(1,ROUNDUP(Assumptions!$C$9/30,0)),F12*Assumptions!$C$25,0)) -> 0 | G19: =SUM(IF(4=MAX(1,ROUNDUP(Assumptions!$C$9/30,0)),C12*Assumptions!$C$25,0),IF(3=MAX(1,ROUNDUP(Assumptions!$C$9/30,0)),D12*Assumptions!$C$25,0),IF(2=MAX(1,ROUNDUP(Assumptions!$C$9/30,0)),E12*Assumptions!$C$25,0),IF(1=MAX(1,ROUNDUP(Assumptions!$C$9/30,0)),F12*Assumptions!$C$25,0),IF(0=MAX(1,ROUNDUP(Assumptions!$C$9/30,0)),G12*Assumptions!$C$25,0)) -> 0 | H19: =SUM(IF(5=MAX(1,ROUNDUP(Assumptions!$C$9/30,0)),C12*Assumptions!$C$25,0),IF(4=MAX(1,ROUNDUP(Assumptions!$C$9/30,0)),D12*Assumptions!$C$25,0),IF(3=MAX(1,ROUNDUP(Assumptions!$C$9/30,0)),E12*Assumptions!$C$25,0),IF(2=MAX(1,ROUNDUP(Assumptions!$C$9/30,0)),F12*Assumptions!$C$25,0),IF(1=MAX(1,ROUNDUP(Assumptions!$C$9/30,0)),G12*Assumptions!$C$25,0),IF(0=MAX(1,ROUNDUP(Assumptions!$C$9/30,0)),H12*Assumptions!$C$25,0)) -> 0 | I19: =SUM(IF(6=MAX(1,ROUNDUP(Assumptions!$C$9/30,0)),C12*Assumptions!$C$25,0),IF(5=MAX(1,ROUNDUP(Assumptions!$C$9/30,0)),D12*Assumptions!$C$25,0),IF(4=MAX(1,ROUNDUP(Assumptions!$C$9/30,0)),E12*Assumptions!$C$25,0),IF(3=MAX(1,ROUNDUP(Assumptions!$C$9/30,0)),F12*Assumptions!$C$25,0),IF(2=MAX(1,ROUNDUP(Assumptions!$C$9/30,0)),G12*Assumptions!$C$25,0),IF(1=MAX(1,ROUNDUP(Assumptions!$C$9/30,0)),H12*Assumptions!$C$25,0),IF(0=MAX(1,ROUNDUP(Assumptions!$C$9/30,0)),I12*Assumptions!$C$25,0)) -> 0 | J19: =SUM(IF(7=MAX(1,ROUNDUP(Assumptions!$C$9/30,0)),C12*Assumptions!$C$25,0),IF(6=MAX(1,ROUNDUP(Assumptions!$C$9/30,0)),D12*Assumptions!$C$25,0),IF(5=MAX(1,ROUNDUP(Assumptions!$C$9/30,0)),E12*Assumptions!$C$25,0),IF(4=MAX(1,ROUNDUP(Assumptions!$C$9/30,0)),F12*Assumptions!$C$25,0),IF(3=MAX(1,ROUNDUP(Assumptions!$C$9/30,0)),G12*Assumptions!$C$25,0),IF(2=MAX(1,ROUNDUP(Assumptions!$C$9/30,0)),H12*Assumptions!$C$25,0),IF(1=MAX(1,ROUNDUP(Assumptions!$C$9/30,0)),I12*Assumptions!$C$25,0),IF(0=MAX(1,ROUNDUP(Assumptions!$C$9/30,0)),J12*Assumptions!$C$25,0)) -> 0 | K19: =SUM(IF(8=MAX(1,ROUNDUP(Assumptions!$C$9/30,0)),C12*Assumptions!$C$25,0),IF(7=MAX(1,ROUNDUP(Assumptions!$C$9/30,0)),D12*Assumptions!$C$25,0),IF(6=MAX(1,ROUNDUP(Assumptions!$C$9/30,0)),E12*Assumptions!$C$25,0),IF(5=MAX(1,ROUNDUP(Assumptions!$C$9/30,0)),F12*Assumptions!$C$25,0),IF(4=MAX(1,ROUNDUP(Assumptions!$C$9/30,0)),G12*Assumptions!$C$25,0),IF(3=MAX(1,ROUNDUP(Assumptions!$C$9/30,0)),H12*Assumptions!$C$25,0),IF(2=MAX(1,ROUNDUP(Assumptions!$C$9/30,0)),I12*Assumptions!$C$25,0),IF(1=MAX(1,ROUNDUP(Assumptions!$C$9/30,0)),J12*Assumptions!$C$25,0),IF(0=MAX(1,ROUNDUP(Assumptions!$C$9/30,0)),K12*Assumptions!$C$25,0)) -> 0 | L19: =SUM(IF(9=MAX(1,ROUNDUP(Assumptions!$C$9/30,0)),C12*Assumptions!$C$25,0),IF(8=MAX(1,ROUNDUP(Assumptions!$C$9/30,0)),D12*Assumptions!$C$25,0),IF(7=MAX(1,ROUNDUP(Assumptions!$C$9/30,0)),E12*Assumptions!$C$25,0),IF(6=MAX(1,ROUNDUP(Assumptions!$C$9/30,0)),F12*Assumptions!$C$25,0),IF(5=MAX(1,ROUNDUP(Assumptions!$C$9/30,0)),G12*Assumptions!$C$25,0),IF(4=MAX(1,ROUNDUP(Assumptions!$C$9/30,0)),H12*Assumptions!$C$25,0),IF(3=MAX(1,ROUNDUP(Assumptions!$C$9/30,0)),I12*Assumptions!$C$25,0),IF(2=MAX(1,ROUNDUP(Assumptions!$C$9/30,0)),J12*Assumptions!$C$25,0),IF(1=MAX(1,ROUNDUP(Assumptions!$C$9/30,0)),K12*Assumptions!$C$25,0),IF(0=MAX(1,ROUNDUP(Assumptions!$C$9/30,0)),L12*Assumptions!$C$25,0)) -> 0 | M19: =SUM(IF(10=MAX(1,ROUNDUP(Assumptions!$C$9/30,0)),C12*Assumptions!$C$25,0),IF(9=MAX(1,ROUNDUP(Assumptions!$C$9/30,0)),D12*Assumptions!$C$25,0),IF(8=MAX(1,ROUNDUP(Assumptions!$C$9/30,0)),E12*Assumptions!$C$25,0),IF(7=MAX(1,ROUNDUP(Assumptions!$C$9/30,0)),F12*Assumptions!$C$25,0),IF(6=MAX(1,ROUNDUP(Assumptions!$C$9/30,0)),G12*Assumptions!$C$25,0),IF(5=MAX(1,ROUNDUP(Assumptions!$C$9/30,0)),H12*Assumptions!$C$25,0),IF(4=MAX(1,ROUNDUP(Assumptions!$C$9/30,0)),I12*Assumptions!$C$25,0),IF(3=MAX(1,ROUNDUP(Assumptions!$C$9/30,0)),J12*Assumptions!$C$25,0),IF(2=MAX(1,ROUNDUP(Assumptions!$C$9/30,0)),K12*Assumptions!$C$25,0),IF(1=MAX(1,ROUNDUP(Assumptions!$C$9/30,0)),L12*Assumptions!$C$25,0),IF(0=MAX(1,ROUNDUP(Assumptions!$C$9/30,0)),M12*Assumptions!$C$25,0)) -> 0 | N19: =SUM(IF(11=MAX(1,ROUNDUP(Assumptions!$C$9/30,0)),C12*Assumptions!$C$25,0),IF(10=MAX(1,ROUNDUP(Assumptions!$C$9/30,0)),D12*Assumptions!$C$25,0),IF(9=MAX(1,ROUNDUP(Assumptions!$C$9/30,0)),E12*Assumptions!$C$25,0),IF(8=MAX(1,ROUNDUP(Assumptions!$C$9/30,0)),F12*Assumptions!$C$25,0),IF(7=MAX(1,ROUNDUP(Assumptions!$C$9/30,0)),G12*Assumptions!$C$25,0),IF(6=MAX(1,ROUNDUP(Assumptions!$C$9/30,0)),H12*Assumptions!$C$25,0),IF(5=MAX(1,ROUNDUP(Assumptions!$C$9/30,0)),I12*Assumptions!$C$25,0),IF(4=MAX(1,ROUNDUP(Assumptions!$C$9/30,0)),J12*Assumptions!$C$25,0),IF(3=MAX(1,ROUNDUP(Assumptions!$C$9/30,0)),K12*Assumptions!$C$25,0),IF(2=MAX(1,ROUNDUP(Assumptions!$C$9/30,0)),L12*Assumptions!$C$25,0),IF(1=MAX(1,ROUNDUP(Assumptions!$C$9/30,0)),M12*Assumptions!$C$25,0),IF(0=MAX(1,ROUNDUP(Assumptions!$C$9/30,0)),N12*Assumptions!$C$25,0)) -> 0 | O19: =SUM(IF(12=MAX(1,ROUNDUP(Assumptions!$C$9/30,0)),C12*Assumptions!$C$25,0),IF(11=MAX(1,ROUNDUP(Assumptions!$C$9/30,0)),D12*Assumptions!$C$25,0),IF(10=MAX(1,ROUNDUP(Assumptions!$C$9/30,0)),E12*Assumptions!$C$25,0),IF(9=MAX(1,ROUNDUP(Assumptions!$C$9/30,0)),F12*Assumptions!$C$25,0),IF(8=MAX(1,ROUNDUP(Assumptions!$C$9/30,0)),G12*Assumptions!$C$25,0),IF(7=MAX(1,ROUNDUP(Assumptions!$C$9/30,0)),H12*Assumptions!$C$25,0),IF(6=MAX(1,ROUNDUP(Assumptions!$C$9/30,0)),I12*Assumptions!$C$25,0),IF(5=MAX(1,ROUNDUP(Assumptions!$C$9/30,0)),J12*Assumptions!$C$25,0),IF(4=MAX(1,ROUNDUP(Assumptions!$C$9/30,0)),K12*Assumptions!$C$25,0),IF(3=MAX(1,ROUNDUP(Assumptions!$C$9/30,0)),L12*Assumptions!$C$25,0),IF(2=MAX(1,ROUNDUP(Assumptions!$C$9/30,0)),M12*Assumptions!$C$25,0),IF(1=MAX(1,ROUNDUP(Assumptions!$C$9/30,0)),N12*Assumptions!$C$25,0),IF(0=MAX(1,ROUNDUP(Assumptions!$C$9/30,0)),O12*Assumptions!$C$25,0)) -> 0 | P19: =SUM(IF(13=MAX(1,ROUNDUP(Assumptions!$C$9/30,0)),C12*Assumptions!$C$25,0),IF(12=MAX(1,ROUNDUP(Assumptions!$C$9/30,0)),D12*Assumptions!$C$25,0),IF(11=MAX(1,ROUNDUP(Assumptions!$C$9/30,0)),E12*Assumptions!$C$25,0),IF(10=MAX(1,ROUNDUP(Assumptions!$C$9/30,0)),F12*Assumptions!$C$25,0),IF(9=MAX(1,ROUNDUP(Assumptions!$C$9/30,0)),G12*Assumptions!$C$25,0),IF(8=MAX(1,ROUNDUP(Assumptions!$C$9/30,0)),H12*Assumptions!$C$25,0),IF(7=MAX(1,ROUNDUP(Assumptions!$C$9/30,0)),I12*Assumptions!$C$25,0),IF(6=MAX(1,ROUNDUP(Assumptions!$C$9/30,0)),J12*Assumptions!$C$25,0),IF(5=MAX(1,ROUNDUP(Assumptions!$C$9/30,0)),K12*Assumptions!$C$25,0),IF(4=MAX(1,ROUNDUP(Assumptions!$C$9/30,0)),L12*Assumptions!$C$25,0),IF(3=MAX(1,ROUNDUP(Assumptions!$C$9/30,0)),M12*Assumptions!$C$25,0),IF(2=MAX(1,ROUNDUP(Assumptions!$C$9/30,0)),N12*Assumptions!$C$25,0),IF(1=MAX(1,ROUNDUP(Assumptions!$C$9/30,0)),O12*Assumptions!$C$25,0),IF(0=MAX(1,ROUNDUP(Assumptions!$C$9/30,0)),P12*Assumptions!$C$25,0)) -> 0 | Q19: =SUM(IF(14=MAX(1,ROUNDUP(Assumptions!$C$9/30,0)),C12*Assumptions!$C$25,0),IF(13=MAX(1,ROUNDUP(Assumptions!$C$9/30,0)),D12*Assumptions!$C$25,0),IF(12=MAX(1,ROUNDUP(Assumptions!$C$9/30,0)),E12*Assumptions!$C$25,0),IF(11=MAX(1,ROUNDUP(Assumptions!$C$9/30,0)),F12*Assumptions!$C$25,0),IF(10=MAX(1,ROUNDUP(Assumptions!$C$9/30,0)),G12*Assumptions!$C$25,0),IF(9=MAX(1,ROUNDUP(Assumptions!$C$9/30,0)),H12*Assumptions!$C$25,0),IF(8=MAX(1,ROUNDUP(Assumptions!$C$9/30,0)),I12*Assumptions!$C$25,0),IF(7=MAX(1,ROUNDUP(Assumptions!$C$9/30,0)),J12*Assumptions!$C$25,0),IF(6=MAX(1,ROUNDUP(Assumptions!$C$9/30,0)),K12*Assumptions!$C$25,0),IF(5=MAX(1,ROUNDUP(Assumptions!$C$9/30,0)),L12*Assumptions!$C$25,0),IF(4=MAX(1,ROUNDUP(Assumptions!$C$9/30,0)),M12*Assumptions!$C$25,0),IF(3=MAX(1,ROUNDUP(Assumptions!$C$9/30,0)),N12*Assumptions!$C$25,0),IF(2=MAX(1,ROUNDUP(Assumptions!$C$9/30,0)),O12*Assumptions!$C$25,0),IF(1=MAX(1,ROUNDUP(Assumptions!$C$9/30,0)),P12*Assumptions!$C$25,0),IF(0=MAX(1,ROUNDUP(Assumptions!$C$9/30,0)),Q12*Assumptions!$C$25,0)) -> 0 | R19: =SUM(IF(15=MAX(1,ROUNDUP(Assumptions!$C$9/30,0)),C12*Assumptions!$C$25,0),IF(14=MAX(1,ROUNDUP(Assumptions!$C$9/30,0)),D12*Assumptions!$C$25,0),IF(13=MAX(1,ROUNDUP(Assumptions!$C$9/30,0)),E12*Assumptions!$C$25,0),IF(12=MAX(1,ROUNDUP(Assumptions!$C$9/30,0)),F12*Assumptions!$C$25,0),IF(11=MAX(1,ROUNDUP(Assumptions!$C$9/30,0)),G12*Assumptions!$C$25,0),IF(10=MAX(1,ROUNDUP(Assumptions!$C$9/30,0)),H12*Assumptions!$C$25,0),IF(9=MAX(1,ROUNDUP(Assumptions!$C$9/30,0)),I12*Assumptions!$C$25,0),IF(8=MAX(1,ROUNDUP(Assumptions!$C$9/30,0)),J12*Assumptions!$C$25,0),IF(7=MAX(1,ROUNDUP(Assumptions!$C$9/30,0)),K12*Assumptions!$C$25,0),IF(6=MAX(1,ROUNDUP(Assumptions!$C$9/30,0)),L12*Assumptions!$C$25,0),IF(5=MAX(1,ROUNDUP(Assumptions!$C$9/30,0)),M12*Assumptions!$C$25,0),IF(4=MAX(1,ROUNDUP(Assumptions!$C$9/30,0)),N12*Assumptions!$C$25,0),IF(3=MAX(1,ROUNDUP(Assumptions!$C$9/30,0)),O12*Assumptions!$C$25,0),IF(2=MAX(1,ROUNDUP(Assumptions!$C$9/30,0)),P12*Assumptions!$C$25,0),IF(1=MAX(1,ROUNDUP(Assumptions!$C$9/30,0)),Q12*Assumptions!$C$25,0),IF(0=MAX(1,ROUNDUP(Assumptions!$C$9/30,0)),R12*Assumptions!$C$25,0)) -> 0 | S19: =SUM(IF(16=MAX(1,ROUNDUP(Assumptions!$C$9/30,0)),C12*Assumptions!$C$25,0),IF(15=MAX(1,ROUNDUP(Assumptions!$C$9/30,0)),D12*Assumptions!$C$25,0),IF(14=MAX(1,ROUNDUP(Assumptions!$C$9/30,0)),E12*Assumptions!$C$25,0),IF(13=MAX(1,ROUNDUP(Assumptions!$C$9/30,0)),F12*Assumptions!$C$25,0),IF(12=MAX(1,ROUNDUP(Assumptions!$C$9/30,0)),G12*Assumptions!$C$25,0),IF(11=MAX(1,ROUNDUP(Assumptions!$C$9/30,0)),H12*Assumptions!$C$25,0),IF(10=MAX(1,ROUNDUP(Assumptions!$C$9/30,0)),I12*Assumptions!$C$25,0),IF(9=MAX(1,ROUNDUP(Assumptions!$C$9/30,0)),J12*Assumptions!$C$25,0),IF(8=MAX(1,ROUNDUP(Assumptions!$C$9/30,0)),K12*Assumptions!$C$25,0),IF(7=MAX(1,ROUNDUP(Assumptions!$C$9/30,0)),L12*Assumptions!$C$25,0),IF(6=MAX(1,ROUNDUP(Assumptions!$C$9/30,0)),M12*Assumptions!$C$25,0),IF(5=MAX(1,ROUNDUP(Assumptions!$C$9/30,0)),N12*Assumptions!$C$25,0),IF(4=MAX(1,ROUNDUP(Assumptions!$C$9/30,0)),O12*Assumptions!$C$25,0),IF(3=MAX(1,ROUNDUP(Assumptions!$C$9/30,0)),P12*Assumptions!$C$25,0),IF(2=MAX(1,ROUNDUP(Assumptions!$C$9/30,0)),Q12*Assumptions!$C$25,0),IF(1=MAX(1,ROUNDUP(Assumptions!$C$9/30,0)),R12*Assumptions!$C$25,0),IF(0=MAX(1,ROUNDUP(Assumptions!$C$9/30,0)),S12*Assumptions!$C$25,0)) -> 0 | T19: =SUM(IF(17=MAX(1,ROUNDUP(Assumptions!$C$9/30,0)),C12*Assumptions!$C$25,0),IF(16=MAX(1,ROUNDUP(Assumptions!$C$9/30,0)),D12*Assumptions!$C$25,0),IF(15=MAX(1,ROUNDUP(Assumptions!$C$9/30,0)),E12*Assumptions!$C$25,0),IF(14=MAX(1,ROUNDUP(Assumptions!$C$9/30,0)),F12*Assumptions!$C$25,0),IF(13=MAX(1,ROUNDUP(Assumptions!$C$9/30,0)),G12*Assumptions!$C$25,0),IF(12=MAX(1,ROUNDUP(Assumptions!$C$9/30,0)),H12*Assumptions!$C$25,0),IF(11=MAX(1,ROUNDUP(Assumptions!$C$9/30,0)),I12*Assumptions!$C$25,0),IF(10=MAX(1,ROUNDUP(Assumptions!$C$9/30,0)),J12*Assumptions!$C$25,0),IF(9=MAX(1,ROUNDUP(Assumptions!$C$9/30,0)),K12*Assumptions!$C$25,0),IF(8=MAX(1,ROUNDUP(Assumptions!$C$9/30,0)),L12*Assumptions!$C$25,0),IF(7=MAX(1,ROUNDUP(Assumptions!$C$9/30,0)),M12*Assumptions!$C$25,0),IF(6=MAX(1,ROUNDUP(Assumptions!$C$9/30,0)),N12*Assumptions!$C$25,0),IF(5=MAX(1,ROUNDUP(Assumptions!$C$9/30,0)),O12*Assumptions!$C$25,0),IF(4=MAX(1,ROUNDUP(Assumptions!$C$9/30,0)),P12*Assumptions!$C$25,0),IF(3=MAX(1,ROUNDUP(Assumptions!$C$9/30,0)),Q12*Assumptions!$C$25,0),IF(2=MAX(1,ROUNDUP(Assumptions!$C$9/30,0)),R12*Assumptions!$C$25,0),IF(1=MAX(1,ROUNDUP(Assumptions!$C$9/30,0)),S12*Assumptions!$C$25,0),IF(0=MAX(1,ROUNDUP(Assumptions!$C$9/30,0)),T12*Assumptions!$C$25,0)) -> 0 | U19: =SUM(IF(18=MAX(1,ROUNDUP(Assumptions!$C$9/30,0)),C12*Assumptions!$C$25,0),IF(17=MAX(1,ROUNDUP(Assumptions!$C$9/30,0)),D12*Assumptions!$C$25,0),IF(16=MAX(1,ROUNDUP(Assumptions!$C$9/30,0)),E12*Assumptions!$C$25,0),IF(15=MAX(1,ROUNDUP(Assumptions!$C$9/30,0)),F12*Assumptions!$C$25,0),IF(14=MAX(1,ROUNDUP(Assumptions!$C$9/30,0)),G12*Assumptions!$C$25,0),IF(13=MAX(1,ROUNDUP(Assumptions!$C$9/30,0)),H12*Assumptions!$C$25,0),IF(12=MAX(1,ROUNDUP(Assumptions!$C$9/30,0)),I12*Assumptions!$C$25,0),IF(11=MAX(1,ROUNDUP(Assumptions!$C$9/30,0)),J12*Assumptions!$C$25,0),IF(10=MAX(1,ROUNDUP(Assumptions!$C$9/30,0)),K12*Assumptions!$C$25,0),IF(9=MAX(1,ROUNDUP(Assumptions!$C$9/30,0)),L12*Assumptions!$C$25,0),IF(8=MAX(1,ROUNDUP(Assumptions!$C$9/30,0)),M12*Assumptions!$C$25,0),IF(7=MAX(1,ROUNDUP(Assumptions!$C$9/30,0)),N12*Assumptions!$C$25,0),IF(6=MAX(1,ROUNDUP(Assumptions!$C$9/30,0)),O12*Assumptions!$C$25,0),IF(5=MAX(1,ROUNDUP(Assumptions!$C$9/30,0)),P12*Assumptions!$C$25,0),IF(4=MAX(1,ROUNDUP(Assumptions!$C$9/30,0)),Q12*Assumptions!$C$25,0),IF(3=MAX(1,ROUNDUP(Assumptions!$C$9/30,0)),R12*Assumptions!$C$25,0),IF(2=MAX(1,ROUNDUP(Assumptions!$C$9/30,0)),S12*Assumptions!$C$25,0),IF(1=MAX(1,ROUNDUP(Assumptions!$C$9/30,0)),T12*Assumptions!$C$25,0),IF(0=MAX(1,ROUNDUP(Assumptions!$C$9/30,0)),U12*Assumptions!$C$25,0)) -> 0 | V19: =SUM(IF(19=MAX(1,ROUNDUP(Assumptions!$C$9/30,0)),C12*Assumptions!$C$25,0),IF(18=MAX(1,ROUNDUP(Assumptions!$C$9/30,0)),D12*Assumptions!$C$25,0),IF(17=MAX(1,ROUNDUP(Assumptions!$C$9/30,0)),E12*Assumptions!$C$25,0),IF(16=MAX(1,ROUNDUP(Assumptions!$C$9/30,0)),F12*Assumptions!$C$25,0),IF(15=MAX(1,ROUNDUP(Assumptions!$C$9/30,0)),G12*Assumptions!$C$25,0),IF(14=MAX(1,ROUNDUP(Assumptions!$C$9/30,0)),H12*Assumptions!$C$25,0),IF(13=MAX(1,ROUNDUP(Assumptions!$C$9/30,0)),I12*Assumptions!$C$25,0),IF(12=MAX(1,ROUNDUP(Assumptions!$C$9/30,0)),J12*Assumptions!$C$25,0),IF(11=MAX(1,ROUNDUP(Assumptions!$C$9/30,0)),K12*Assumptions!$C$25,0),IF(10=MAX(1,ROUNDUP(Assumptions!$C$9/30,0)),L12*Assumptions!$C$25,0),IF(9=MAX(1,ROUNDUP(Assumptions!$C$9/30,0)),M12*Assumptions!$C$25,0),IF(8=MAX(1,ROUNDUP(Assumptions!$C$9/30,0)),N12*Assumptions!$C$25,0),IF(7=MAX(1,ROUNDUP(Assumptions!$C$9/30,0)),O12*Assumptions!$C$25,0),IF(6=MAX(1,ROUNDUP(Assumptions!$C$9/30,0)),P12*Assumptions!$C$25,0),IF(5=MAX(1,ROUNDUP(Assumptions!$C$9/30,0)),Q12*Assumptions!$C$25,0),IF(4=MAX(1,ROUNDUP(Assumptions!$C$9/30,0)),R12*Assumptions!$C$25,0),IF(3=MAX(1,ROUNDUP(Assumptions!$C$9/30,0)),S12*Assumptions!$C$25,0),IF(2=MAX(1,ROUNDUP(Assumptions!$C$9/30,0)),T12*Assumptions!$C$25,0),IF(1=MAX(1,ROUNDUP(Assumptions!$C$9/30,0)),U12*Assumptions!$C$25,0),IF(0=MAX(1,ROUNDUP(Assumptions!$C$9/30,0)),V12*Assumptions!$C$25,0)) -> 0 | W19: =SUM(IF(20=MAX(1,ROUNDUP(Assumptions!$C$9/30,0)),C12*Assumptions!$C$25,0),IF(19=MAX(1,ROUNDUP(Assumptions!$C$9/30,0)),D12*Assumptions!$C$25,0),IF(18=MAX(1,ROUNDUP(Assumptions!$C$9/30,0)),E12*Assumptions!$C$25,0),IF(17=MAX(1,ROUNDUP(Assumptions!$C$9/30,0)),F12*Assumptions!$C$25,0),IF(16=MAX(1,ROUNDUP(Assumptions!$C$9/30,0)),G12*Assumptions!$C$25,0),IF(15=MAX(1,ROUNDUP(Assumptions!$C$9/30,0)),H12*Assumptions!$C$25,0),IF(14=MAX(1,ROUNDUP(Assumptions!$C$9/30,0)),I12*Assumptions!$C$25,0),IF(13=MAX(1,ROUNDUP(Assumptions!$C$9/30,0)),J12*Assumptions!$C$25,0),IF(12=MAX(1,ROUNDUP(Assumptions!$C$9/30,0)),K12*Assumptions!$C$25,0),IF(11=MAX(1,ROUNDUP(Assumptions!$C$9/30,0)),L12*Assumptions!$C$25,0),IF(10=MAX(1,ROUNDUP(Assumptions!$C$9/30,0)),M12*Assumptions!$C$25,0),IF(9=MAX(1,ROUNDUP(Assumptions!$C$9/30,0)),N12*Assumptions!$C$25,0),IF(8=MAX(1,ROUNDUP(Assumptions!$C$9/30,0)),O12*Assumptions!$C$25,0),IF(7=MAX(1,ROUNDUP(Assumptions!$C$9/30,0)),P12*Assumptions!$C$25,0),IF(6=MAX(1,ROUNDUP(Assumptions!$C$9/30,0)),Q12*Assumptions!$C$25,0),IF(5=MAX(1,ROUNDUP(Assumptions!$C$9/30,0)),R12*Assumptions!$C$25,0),IF(4=MAX(1,ROUNDUP(Assumptions!$C$9/30,0)),S12*Assumptions!$C$25,0),IF(3=MAX(1,ROUNDUP(Assumptions!$C$9/30,0)),T12*Assumptions!$C$25,0),IF(2=MAX(1,ROUNDUP(Assumptions!$C$9/30,0)),U12*Assumptions!$C$25,0),IF(1=MAX(1,ROUNDUP(Assumptions!$C$9/30,0)),V12*Assumptions!$C$25,0),IF(0=MAX(1,ROUNDUP(Assumptions!$C$9/30,0)),W12*Assumptions!$C$25,0)) -> 0 | X19: =SUM(IF(21=MAX(1,ROUNDUP(Assumptions!$C$9/30,0)),C12*Assumptions!$C$25,0),IF(20=MAX(1,ROUNDUP(Assumptions!$C$9/30,0)),D12*Assumptions!$C$25,0),IF(19=MAX(1,ROUNDUP(Assumptions!$C$9/30,0)),E12*Assumptions!$C$25,0),IF(18=MAX(1,ROUNDUP(Assumptions!$C$9/30,0)),F12*Assumptions!$C$25,0),IF(17=MAX(1,ROUNDUP(Assumptions!$C$9/30,0)),G12*Assumptions!$C$25,0),IF(16=MAX(1,ROUNDUP(Assumptions!$C$9/30,0)),H12*Assumptions!$C$25,0),IF(15=MAX(1,ROUNDUP(Assumptions!$C$9/30,0)),I12*Assumptions!$C$25,0),IF(14=MAX(1,ROUNDUP(Assumptions!$C$9/30,0)),J12*Assumptions!$C$25,0),IF(13=MAX(1,ROUNDUP(Assumptions!$C$9/30,0)),K12*Assumptions!$C$25,0),IF(12=MAX(1,ROUNDUP(Assumptions!$C$9/30,0)),L12*Assumptions!$C$25,0),IF(11=MAX(1,ROUNDUP(Assumptions!$C$9/30,0)),M12*Assumptions!$C$25,0),IF(10=MAX(1,ROUNDUP(Assumptions!$C$9/30,0)),N12*Assumptions!$C$25,0),IF(9=MAX(1,ROUNDUP(Assumptions!$C$9/30,0)),O12*Assumptions!$C$25,0),IF(8=MAX(1,ROUNDUP(Assumptions!$C$9/30,0)),P12*Assumptions!$C$25,0),IF(7=MAX(1,ROUNDUP(Assumptions!$C$9/30,0)),Q12*Assumptions!$C$25,0),IF(6=MAX(1,ROUNDUP(Assumptions!$C$9/30,0)),R12*Assumptions!$C$25,0),IF(5=MAX(1,ROUNDUP(Assumptions!$C$9/30,0)),S12*Assumptions!$C$25,0),IF(4=MAX(1,ROUNDUP(Assumptions!$C$9/30,0)),T12*Assumptions!$C$25,0),IF(3=MAX(1,ROUNDUP(Assumptions!$C$9/30,0)),U12*Assumptions!$C$25,0),IF(2=MAX(1,ROUNDUP(Assumptions!$C$9/30,0)),V12*Assumptions!$C$25,0),IF(1=MAX(1,ROUNDUP(Assumptions!$C$9/30,0)),W12*Assumptions!$C$25,0),IF(0=MAX(1,ROUNDUP(Assumptions!$C$9/30,0)),X12*Assumptions!$C$25,0)) -> 0 | Y19: =SUM(IF(22=MAX(1,ROUNDUP(Assumptions!$C$9/30,0)),C12*Assumptions!$C$25,0),IF(21=MAX(1,ROUNDUP(Assumptions!$C$9/30,0)),D12*Assumptions!$C$25,0),IF(20=MAX(1,ROUNDUP(Assumptions!$C$9/30,0)),E12*Assumptions!$C$25,0),IF(19=MAX(1,ROUNDUP(Assumptions!$C$9/30,0)),F12*Assumptions!$C$25,0),IF(18=MAX(1,ROUNDUP(Assumptions!$C$9/30,0)),G12*Assumptions!$C$25,0),IF(17=MAX(1,ROUNDUP(Assumptions!$C$9/30,0)),H12*Assumptions!$C$25,0),IF(16=MAX(1,ROUNDUP(Assumptions!$C$9/30,0)),I12*Assumptions!$C$25,0),IF(15=MAX(1,ROUNDUP(Assumptions!$C$9/30,0)),J12*Assumptions!$C$25,0),IF(14=MAX(1,ROUNDUP(Assumptions!$C$9/30,0)),K12*Assumptions!$C$25,0),IF(13=MAX(1,ROUNDUP(Assumptions!$C$9/30,0)),L12*Assumptions!$C$25,0),IF(12=MAX(1,ROUNDUP(Assumptions!$C$9/30,0)),M12*Assumptions!$C$25,0),IF(11=MAX(1,ROUNDUP(Assumptions!$C$9/30,0)),N12*Assumptions!$C$25,0),IF(10=MAX(1,ROUNDUP(Assumptions!$C$9/30,0)),O12*Assumptions!$C$25,0),IF(9=MAX(1,ROUNDUP(Assumptions!$C$9/30,0)),P12*Assumptions!$C$25,0),IF(8=MAX(1,ROUNDUP(Assumptions!$C$9/30,0)),Q12*Assumptions!$C$25,0),IF(7=MAX(1,ROUNDUP(Assumptions!$C$9/30,0)),R12*Assumptions!$C$25,0),IF(6=MAX(1,ROUNDUP(Assumptions!$C$9/30,0)),S12*Assumptions!$C$25,0),IF(5=MAX(1,ROUNDUP(Assumptions!$C$9/30,0)),T12*Assumptions!$C$25,0),IF(4=MAX(1,ROUNDUP(Assumptions!$C$9/30,0)),U12*Assumptions!$C$25,0),IF(3=MAX(1,ROUNDUP(Assumptions!$C$9/30,0)),V12*Assumptions!$C$25,0),IF(2=MAX(1,ROUNDUP(Assumptions!$C$9/30,0)),W12*Assumptions!$C$25,0),IF(1=MAX(1,ROUNDUP(Assumptions!$C$9/30,0)),X12*Assumptions!$C$25,0),IF(0=MAX(1,ROUNDUP(Assumptions!$C$9/30,0)),Y12*Assumptions!$C$25,0)) -> 0 | Z19: =SUM(IF(23=MAX(1,ROUNDUP(Assumptions!$C$9/30,0)),C12*Assumptions!$C$25,0),IF(22=MAX(1,ROUNDUP(Assumptions!$C$9/30,0)),D12*Assumptions!$C$25,0),IF(21=MAX(1,ROUNDUP(Assumptions!$C$9/30,0)),E12*Assumptions!$C$25,0),IF(20=MAX(1,ROUNDUP(Assumptions!$C$9/30,0)),F12*Assumptions!$C$25,0),IF(19=MAX(1,ROUNDUP(Assumptions!$C$9/30,0)),G12*Assumptions!$C$25,0),IF(18=MAX(1,ROUNDUP(Assumptions!$C$9/30,0)),H12*Assumptions!$C$25,0),IF(17=MAX(1,ROUNDUP(Assumptions!$C$9/30,0)),I12*Assumptions!$C$25,0),IF(16=MAX(1,ROUNDUP(Assumptions!$C$9/30,0)),J12*Assumptions!$C$25,0),IF(15=MAX(1,ROUNDUP(Assumptions!$C$9/30,0)),K12*Assumptions!$C$25,0),IF(14=MAX(1,ROUNDUP(Assumptions!$C$9/30,0)),L12*Assumptions!$C$25,0),IF(13=MAX(1,ROUNDUP(Assumptions!$C$9/30,0)),M12*Assumptions!$C$25,0),IF(12=MAX(1,ROUNDUP(Assumptions!$C$9/30,0)),N12*Assumptions!$C$25,0),IF(11=MAX(1,ROUNDUP(Assumptions!$C$9/30,0)),O12*Assumptions!$C$25,0),IF(10=MAX(1,ROUNDUP(Assumptions!$C$9/30,0)),P12*Assumptions!$C$25,0),IF(9=MAX(1,ROUNDUP(Assumptions!$C$9/30,0)),Q12*Assumptions!$C$25,0),IF(8=MAX(1,ROUNDUP(Assumptions!$C$9/30,0)),R12*Assumptions!$C$25,0),IF(7=MAX(1,ROUNDUP(Assumptions!$C$9/30,0)),S12*Assumptions!$C$25,0),IF(6=MAX(1,ROUNDUP(Assumptions!$C$9/30,0)),T12*Assumptions!$C$25,0),IF(5=MAX(1,ROUNDUP(Assumptions!$C$9/30,0)),U12*Assumptions!$C$25,0),IF(4=MAX(1,ROUNDUP(Assumptions!$C$9/30,0)),V12*Assumptions!$C$25,0),IF(3=MAX(1,ROUNDUP(Assumptions!$C$9/30,0)),W12*Assumptions!$C$25,0),IF(2=MAX(1,ROUNDUP(Assumptions!$C$9/30,0)),X12*Assumptions!$C$25,0),IF(1=MAX(1,ROUNDUP(Assumptions!$C$9/30,0)),Y12*Assumptions!$C$25,0),IF(0=MAX(1,ROUNDUP(Assumptions!$C$9/30,0)),Z12*Assumptions!$C$25,0)) -> 0
A20: 사전예약 무료월 후 유료 | B20: 명 | C20: =IF(0=Assumptions!$C$12,$C$8*Assumptions!$C$26,0) -> 0 | D20: =IF(1=Assumptions!$C$12,$C$8*Assumptions!$C$26,0) -> 4.2 | E20: =IF(2=Assumptions!$C$12,$C$8*Assumptions!$C$26,0) -> 0 | F20: =IF(3=Assumptions!$C$12,$C$8*Assumptions!$C$26,0) -> 0 | G20: =IF(4=Assumptions!$C$12,$C$8*Assumptions!$C$26,0) -> 0 | H20: =IF(5=Assumptions!$C$12,$C$8*Assumptions!$C$26,0) -> 0 | I20: =IF(6=Assumptions!$C$12,$C$8*Assumptions!$C$26,0) -> 0 | J20: =IF(7=Assumptions!$C$12,$C$8*Assumptions!$C$26,0) -> 0 | K20: =IF(8=Assumptions!$C$12,$C$8*Assumptions!$C$26,0) -> 0 | L20: =IF(9=Assumptions!$C$12,$C$8*Assumptions!$C$26,0) -> 0 | M20: =IF(10=Assumptions!$C$12,$C$8*Assumptions!$C$26,0) -> 0 | N20: =IF(11=Assumptions!$C$12,$C$8*Assumptions!$C$26,0) -> 0 | O20: =IF(12=Assumptions!$C$12,$C$8*Assumptions!$C$26,0) -> 0 | P20: =IF(13=Assumptions!$C$12,$C$8*Assumptions!$C$26,0) -> 0 | Q20: =IF(14=Assumptions!$C$12,$C$8*Assumptions!$C$26,0) -> 0 | R20: =IF(15=Assumptions!$C$12,$C$8*Assumptions!$C$26,0) -> 0 | S20: =IF(16=Assumptions!$C$12,$C$8*Assumptions!$C$26,0) -> 0 | T20: =IF(17=Assumptions!$C$12,$C$8*Assumptions!$C$26,0) -> 0 | U20: =IF(18=Assumptions!$C$12,$C$8*Assumptions!$C$26,0) -> 0 | V20: =IF(19=Assumptions!$C$12,$C$8*Assumptions!$C$26,0) -> 0 | W20: =IF(20=Assumptions!$C$12,$C$8*Assumptions!$C$26,0) -> 0 | X20: =IF(21=Assumptions!$C$12,$C$8*Assumptions!$C$26,0) -> 0 | Y20: =IF(22=Assumptions!$C$12,$C$8*Assumptions!$C$26,0) -> 0 | Z20: =IF(23=Assumptions!$C$12,$C$8*Assumptions!$C$26,0) -> 0
A21: 전체 신규 유료 | B21: 명 | C21: =SUM(C18:C20) -> 3 | D21: =SUM(D18:D20) -> 7.5705 | E21: =SUM(E18:E20) -> 3.326022 | F21: =SUM(F18:F20) -> 3.472875 | G21: =SUM(G18:G20) -> 3.6465187 | H21: =SUM(H18:H20) -> 3.8288447 | I21: =SUM(I18:I20) -> 4.0202869 | J21: =SUM(J18:J20) -> 4.2213013 | ... Z21: =SUM(Z18:Z20) -> 9.2145713
A22: Essential 기초 유료 | B22: 명 | C22: =0 -> 0 | D22: =C31 -> 1.2 | E22: =D31 -> 4.1514 | F22: =E31 -> 5.2161192 | G22: =F31 -> 6.2714376 | H22: =G31 -> 7.3286731 | I22: =H31 -> 8.3911759 | J22: =I31 -> 9.4622554 | K22: =J31 -> 10.545192 | ... Z22: =Y31 -> 30.475253
A23: 학생가 기초 유료 | B23: 명 | C23: =0 -> 0 | D23: =C32 -> 1.35 | E23: =D32 -> 4.670325 | F23: =E32 -> 5.8681341 | G23: =F32 -> 7.0553673 | H23: =G32 -> 8.2447572 | I23: =H32 -> 9.4400728 | J23: =I32 -> 10.645037 | K23: =J32 -> 11.86334 | ... Z23: =Y32 -> 34.284659
A24: Pro 기초 유료 | B24: 명 | C24: =0 -> 0 | D24: =C33 -> 0.45 | E24: =D33 -> 1.556775 | F24: =E33 -> 1.9560447 | G24: =F33 -> 2.3517891 | H24: =G33 -> 2.7482524 | I24: =H33 -> 3.1466909 | J24: =I33 -> 3.5483458 | K24: =J33 -> 3.9544468 | ... Z24: =Y33 -> 11.42822
A25: Essential 이탈 | B25: 명 | C25: =C22*Assumptions!$C$28 -> 0 | D25: =D22*Assumptions!$C$28 -> 0.0768 | E25: =E22*Assumptions!$C$28 -> 0.2656896 | F25: =F22*Assumptions!$C$28 -> 0.33383163 | G25: =G22*Assumptions!$C$28 -> 0.401372 | H25: =H22*Assumptions!$C$28 -> 0.46903508 | I25: =I22*Assumptions!$C$28 -> 0.53703526 | J25: =J22*Assumptions!$C$28 -> 0.60558434 | ... Z25: =Z22*Assumptions!$C$28 -> 1.9504162
A26: 학생가 이탈 | B26: 명 | C26: =C23*Assumptions!$C$29 -> 0 | D26: =D23*Assumptions!$C$29 -> 0.0864 | E26: =E23*Assumptions!$C$29 -> 0.2989008 | F26: =F23*Assumptions!$C$29 -> 0.37556058 | G26: =G23*Assumptions!$C$29 -> 0.45154351 | H26: =H23*Assumptions!$C$29 -> 0.52766446 | I26: =I23*Assumptions!$C$29 -> 0.60416466 | J26: =J23*Assumptions!$C$29 -> 0.68128239 | ... Z26: =Z23*Assumptions!$C$29 -> 2.1942182
A27: Pro 이탈 | B27: 명 | C27: =C24*Assumptions!$C$30 -> 0 | D27: =D24*Assumptions!$C$30 -> 0.0288 | E27: =E24*Assumptions!$C$30 -> 0.0996336 | F27: =F24*Assumptions!$C$30 -> 0.12518686 | G27: =G24*Assumptions!$C$30 -> 0.1505145 | H27: =H24*Assumptions!$C$30 -> 0.17588815 | I27: =I24*Assumptions!$C$30 -> 0.20138822 | J27: =J24*Assumptions!$C$30 -> 0.22709413 | ... Z27: =Z24*Assumptions!$C$30 -> 0.73140606
A28: Essential 신규 유료 | B28: 명 | C28: =C21*Assumptions!$C$33 -> 1.2 | D28: =D21*Assumptions!$C$33 -> 3.0282 | E28: =E21*Assumptions!$C$33 -> 1.3304088 | F28: =F21*Assumptions!$C$33 -> 1.38915 | G28: =G21*Assumptions!$C$33 -> 1.4586075 | H28: =H21*Assumptions!$C$33 -> 1.5315379 | I28: =I21*Assumptions!$C$33 -> 1.6081148 | J28: =J21*Assumptions!$C$33 -> 1.6885205 | ... Z28: =Z21*Assumptions!$C$33 -> 3.6858285
A29: 학생가 신규 유료 | B29: 명 | C29: =C21*Assumptions!$C$34 -> 1.35 | D29: =D21*Assumptions!$C$34 -> 3.406725 | E29: =E21*Assumptions!$C$34 -> 1.4967099 | F29: =F21*Assumptions!$C$34 -> 1.5627938 | G29: =G21*Assumptions!$C$34 -> 1.6409334 | H29: =H21*Assumptions!$C$34 -> 1.7229801 | I29: =I21*Assumptions!$C$34 -> 1.8091291 | J29: =J21*Assumptions!$C$34 -> 1.8995856 | ... Z29: =Z21*Assumptions!$C$34 -> 4.1465571
A30: Pro 신규 유료 | B30: 명 | C30: =C21*Assumptions!$C$35 -> 0.45 | D30: =D21*Assumptions!$C$35 -> 1.135575 | E30: =E21*Assumptions!$C$35 -> 0.4989033 | F30: =F21*Assumptions!$C$35 -> 0.52093125 | G30: =G21*Assumptions!$C$35 -> 0.54697781 | H30: =H21*Assumptions!$C$35 -> 0.5743267 | I30: =I21*Assumptions!$C$35 -> 0.60304304 | J30: =J21*Assumptions!$C$35 -> 0.63319519 | ... Z30: =Z21*Assumptions!$C$35 -> 1.3821857
A31: Essential 기말 유료 | B31: 명 | C31: =C22-C25+C28 -> 1.2 | D31: =D22-D25+D28 -> 4.1514 | E31: =E22-E25+E28 -> 5.2161192 | F31: =F22-F25+F28 -> 6.2714376 | G31: =G22-G25+G28 -> 7.3286731 | H31: =H22-H25+H28 -> 8.3911759 | I31: =I22-I25+I28 -> 9.4622554 | J31: =J22-J25+J28 -> 10.545192 | ... Z31: =Z22-Z25+Z28 -> 32.210665
A32: 학생가 기말 유료 | B32: 명 | C32: =C23-C26+C29 -> 1.35 | D32: =D23-D26+D29 -> 4.670325 | E32: =E23-E26+E29 -> 5.8681341 | F32: =F23-F26+F29 -> 7.0553673 | G32: =G23-G26+G29 -> 8.2447572 | H32: =H23-H26+H29 -> 9.4400728 | I32: =I23-I26+I29 -> 10.645037 | J32: =J23-J26+J29 -> 11.86334 | ... Z32: =Z23-Z26+Z29 -> 36.236998
A33: Pro 기말 유료 | B33: 명 | C33: =C24-C27+C30 -> 0.45 | D33: =D24-D27+D30 -> 1.556775 | E33: =E24-E27+E30 -> 1.9560447 | F33: =F24-F27+F30 -> 2.3517891 | G33: =G24-G27+G30 -> 2.7482524 | H33: =H24-H27+H30 -> 3.1466909 | I33: =I24-I27+I30 -> 3.5483458 | J33: =J24-J27+J30 -> 3.9544468 | ... Z33: =Z24-Z27+Z30 -> 12.078999
A34: 전체 기말 유료 | B34: 명 | C34: =SUM(C31:C33) -> 3 | D34: =SUM(D31:D33) -> 10.3785 | E34: =SUM(E31:E33) -> 13.040298 | F34: =SUM(F31:F33) -> 15.678594 | G34: =SUM(G31:G33) -> 18.321683 | H34: =SUM(H31:H33) -> 20.97794 | I34: =SUM(I31:I33) -> 23.655638 | J34: =SUM(J31:J33) -> 26.362979 | ... Z34: =SUM(Z31:Z33) -> 80.526663
A35: Free 기초 활성 | B35: 명 | C35: =0 -> 0 | D35: =C40 -> 21.878 | E35: =D40 -> 40.215452 | F35: =E40 -> 47.14815 | G35: =F40 -> 52.933703 | H35: =G40 -> 58.018228 | I35: =H40 -> 62.661322 | J35: =I40 -> 67.047328 | K35: =J40 -> 71.308025 | ... Z35: =Y40 -> 153.23732
A36: 신규 Free (유료·체험 제외) | B36: 명 | C36: =C14-C15 -> 21.878 | D36: =D14-D15 -> 17.881752 | E36: =E14-E15 -> 18.7425 | F36: =F14-F15 -> 19.679625 | G36: =G14-G15 -> 20.663606 | H36: =H14-H15 -> 21.696787 | I36: =I14-I15 -> 22.781626 | J36: =J14-J15 -> 23.920707 | ... Z36: =Z14-Z15 -> 52.215904
A37: 체험/무료월 종료 후 Free | B37: 명 | C37: =SUM(IF(0=MAX(1,ROUNDUP(Assumptions!$C$9/30,0)),C12*(1-Assumptions!$C$25),0))+IF(0=Assumptions!$C$12,$C$8*(1-Assumptions!$C$26),0) -> 0 | D37: =SUM(IF(1=MAX(1,ROUNDUP(Assumptions!$C$9/30,0)),C12*(1-Assumptions!$C$25),0),IF(0=MAX(1,ROUNDUP(Assumptions!$C$9/30,0)),D12*(1-Assumptions!$C$25),0))+IF(1=Assumptions!$C$12,$C$8*(1-Assumptions!$C$26),0) -> 6.9615 | E37: =SUM(IF(2=MAX(1,ROUNDUP(Assumptions!$C$9/30,0)),C12*(1-Assumptions!$C$25),0),IF(1=MAX(1,ROUNDUP(Assumptions!$C$9/30,0)),D12*(1-Assumptions!$C$25),0),IF(0=MAX(1,ROUNDUP(Assumptions!$C$9/30,0)),E12*(1-Assumptions!$C$25),0))+IF(2=Assumptions!$C$12,$C$8*(1-Assumptions!$C$26),0) -> 0.055566 | F37: =SUM(IF(3=MAX(1,ROUNDUP(Assumptions!$C$9/30,0)),C12*(1-Assumptions!$C$25),0),IF(2=MAX(1,ROUNDUP(Assumptions!$C$9/30,0)),D12*(1-Assumptions!$C$25),0),IF(1=MAX(1,ROUNDUP(Assumptions!$C$9/30,0)),E12*(1-Assumptions!$C$25),0),IF(0=MAX(1,ROUNDUP(Assumptions!$C$9/30,0)),F12*(1-Assumptions!$C$25),0))+IF(3=Assumptions!$C$12,$C$8*(1-Assumptions!$C$26),0) -> 0 | G37: =SUM(IF(4=MAX(1,ROUNDUP(Assumptions!$C$9/30,0)),C12*(1-Assumptions!$C$25),0),IF(3=MAX(1,ROUNDUP(Assumptions!$C$9/30,0)),D12*(1-Assumptions!$C$25),0),IF(2=MAX(1,ROUNDUP(Assumptions!$C$9/30,0)),E12*(1-Assumptions!$C$25),0),IF(1=MAX(1,ROUNDUP(Assumptions!$C$9/30,0)),F12*(1-Assumptions!$C$25),0),IF(0=MAX(1,ROUNDUP(Assumptions!$C$9/30,0)),G12*(1-Assumptions!$C$25),0))+IF(4=Assumptions!$C$12,$C$8*(1-Assumptions!$C$26),0) -> 0 | H37: =SUM(IF(5=MAX(1,ROUNDUP(Assumptions!$C$9/30,0)),C12*(1-Assumptions!$C$25),0),IF(4=MAX(1,ROUNDUP(Assumptions!$C$9/30,0)),D12*(1-Assumptions!$C$25),0),IF(3=MAX(1,ROUNDUP(Assumptions!$C$9/30,0)),E12*(1-Assumptions!$C$25),0),IF(2=MAX(1,ROUNDUP(Assumptions!$C$9/30,0)),F12*(1-Assumptions!$C$25),0),IF(1=MAX(1,ROUNDUP(Assumptions!$C$9/30,0)),G12*(1-Assumptions!$C$25),0),IF(0=MAX(1,ROUNDUP(Assumptions!$C$9/30,0)),H12*(1-Assumptions!$C$25),0))+IF(5=Assumptions!$C$12,$C$8*(1-Assumptions!$C$26),0) -> 0 | I37: =SUM(IF(6=MAX(1,ROUNDUP(Assumptions!$C$9/30,0)),C12*(1-Assumptions!$C$25),0),IF(5=MAX(1,ROUNDUP(Assumptions!$C$9/30,0)),D12*(1-Assumptions!$C$25),0),IF(4=MAX(1,ROUNDUP(Assumptions!$C$9/30,0)),E12*(1-Assumptions!$C$25),0),IF(3=MAX(1,ROUNDUP(Assumptions!$C$9/30,0)),F12*(1-Assumptions!$C$25),0),IF(2=MAX(1,ROUNDUP(Assumptions!$C$9/30,0)),G12*(1-Assumptions!$C$25),0),IF(1=MAX(1,ROUNDUP(Assumptions!$C$9/30,0)),H12*(1-Assumptions!$C$25),0),IF(0=MAX(1,ROUNDUP(Assumptions!$C$9/30,0)),I12*(1-Assumptions!$C$25),0))+IF(6=Assumptions!$C$12,$C$8*(1-Assumptions!$C$26),0) -> 0 | J37: =SUM(IF(7=MAX(1,ROUNDUP(Assumptions!$C$9/30,0)),C12*(1-Assumptions!$C$25),0),IF(6=MAX(1,ROUNDUP(Assumptions!$C$9/30,0)),D12*(1-Assumptions!$C$25),0),IF(5=MAX(1,ROUNDUP(Assumptions!$C$9/30,0)),E12*(1-Assumptions!$C$25),0),IF(4=MAX(1,ROUNDUP(Assumptions!$C$9/30,0)),F12*(1-Assumptions!$C$25),0),IF(3=MAX(1,ROUNDUP(Assumptions!$C$9/30,0)),G12*(1-Assumptions!$C$25),0),IF(2=MAX(1,ROUNDUP(Assumptions!$C$9/30,0)),H12*(1-Assumptions!$C$25),0),IF(1=MAX(1,ROUNDUP(Assumptions!$C$9/30,0)),I12*(1-Assumptions!$C$25),0),IF(0=MAX(1,ROUNDUP(Assumptions!$C$9/30,0)),J12*(1-Assumptions!$C$25),0))+IF(7=Assumptions!$C$12,$C$8*(1-Assumptions!$C$26),0) -> 0 | K37: =SUM(IF(8=MAX(1,ROUNDUP(Assumptions!$C$9/30,0)),C12*(1-Assumptions!$C$25),0),IF(7=MAX(1,ROUNDUP(Assumptions!$C$9/30,0)),D12*(1-Assumptions!$C$25),0),IF(6=MAX(1,ROUNDUP(Assumptions!$C$9/30,0)),E12*(1-Assumptions!$C$25),0),IF(5=MAX(1,ROUNDUP(Assumptions!$C$9/30,0)),F12*(1-Assumptions!$C$25),0),IF(4=MAX(1,ROUNDUP(Assumptions!$C$9/30,0)),G12*(1-Assumptions!$C$25),0),IF(3=MAX(1,ROUNDUP(Assumptions!$C$9/30,0)),H12*(1-Assumptions!$C$25),0),IF(2=MAX(1,ROUNDUP(Assumptions!$C$9/30,0)),I12*(1-Assumptions!$C$25),0),IF(1=MAX(1,ROUNDUP(Assumptions!$C$9/30,0)),J12*(1-Assumptions!$C$25),0),IF(0=MAX(1,ROUNDUP(Assumptions!$C$9/30,0)),K12*(1-Assumptions!$C$25),0))+IF(8=Assumptions!$C$12,$C$8*(1-Assumptions!$C$26),0) -> 0 | L37: =SUM(IF(9=MAX(1,ROUNDUP(Assumptions!$C$9/30,0)),C12*(1-Assumptions!$C$25),0),IF(8=MAX(1,ROUNDUP(Assumptions!$C$9/30,0)),D12*(1-Assumptions!$C$25),0),IF(7=MAX(1,ROUNDUP(Assumptions!$C$9/30,0)),E12*(1-Assumptions!$C$25),0),IF(6=MAX(1,ROUNDUP(Assumptions!$C$9/30,0)),F12*(1-Assumptions!$C$25),0),IF(5=MAX(1,ROUNDUP(Assumptions!$C$9/30,0)),G12*(1-Assumptions!$C$25),0),IF(4=MAX(1,ROUNDUP(Assumptions!$C$9/30,0)),H12*(1-Assumptions!$C$25),0),IF(3=MAX(1,ROUNDUP(Assumptions!$C$9/30,0)),I12*(1-Assumptions!$C$25),0),IF(2=MAX(1,ROUNDUP(Assumptions!$C$9/30,0)),J12*(1-Assumptions!$C$25),0),IF(1=MAX(1,ROUNDUP(Assumptions!$C$9/30,0)),K12*(1-Assumptions!$C$25),0),IF(0=MAX(1,ROUNDUP(Assumptions!$C$9/30,0)),L12*(1-Assumptions!$C$25),0))+IF(9=Assumptions!$C$12,$C$8*(1-Assumptions!$C$26),0) -> 0 | M37: =SUM(IF(10=MAX(1,ROUNDUP(Assumptions!$C$9/30,0)),C12*(1-Assumptions!$C$25),0),IF(9=MAX(1,ROUNDUP(Assumptions!$C$9/30,0)),D12*(1-Assumptions!$C$25),0),IF(8=MAX(1,ROUNDUP(Assumptions!$C$9/30,0)),E12*(1-Assumptions!$C$25),0),IF(7=MAX(1,ROUNDUP(Assumptions!$C$9/30,0)),F12*(1-Assumptions!$C$25),0),IF(6=MAX(1,ROUNDUP(Assumptions!$C$9/30,0)),G12*(1-Assumptions!$C$25),0),IF(5=MAX(1,ROUNDUP(Assumptions!$C$9/30,0)),H12*(1-Assumptions!$C$25),0),IF(4=MAX(1,ROUNDUP(Assumptions!$C$9/30,0)),I12*(1-Assumptions!$C$25),0),IF(3=MAX(1,ROUNDUP(Assumptions!$C$9/30,0)),J12*(1-Assumptions!$C$25),0),IF(2=MAX(1,ROUNDUP(Assumptions!$C$9/30,0)),K12*(1-Assumptions!$C$25),0),IF(1=MAX(1,ROUNDUP(Assumptions!$C$9/30,0)),L12*(1-Assumptions!$C$25),0),IF(0=MAX(1,ROUNDUP(Assumptions!$C$9/30,0)),M12*(1-Assumptions!$C$25),0))+IF(10=Assumptions!$C$12,$C$8*(1-Assumptions!$C$26),0) -> 0 | N37: =SUM(IF(11=MAX(1,ROUNDUP(Assumptions!$C$9/30,0)),C12*(1-Assumptions!$C$25),0),IF(10=MAX(1,ROUNDUP(Assumptions!$C$9/30,0)),D12*(1-Assumptions!$C$25),0),IF(9=MAX(1,ROUNDUP(Assumptions!$C$9/30,0)),E12*(1-Assumptions!$C$25),0),IF(8=MAX(1,ROUNDUP(Assumptions!$C$9/30,0)),F12*(1-Assumptions!$C$25),0),IF(7=MAX(1,ROUNDUP(Assumptions!$C$9/30,0)),G12*(1-Assumptions!$C$25),0),IF(6=MAX(1,ROUNDUP(Assumptions!$C$9/30,0)),H12*(1-Assumptions!$C$25),0),IF(5=MAX(1,ROUNDUP(Assumptions!$C$9/30,0)),I12*(1-Assumptions!$C$25),0),IF(4=MAX(1,ROUNDUP(Assumptions!$C$9/30,0)),J12*(1-Assumptions!$C$25),0),IF(3=MAX(1,ROUNDUP(Assumptions!$C$9/30,0)),K12*(1-Assumptions!$C$25),0),IF(2=MAX(1,ROUNDUP(Assumptions!$C$9/30,0)),L12*(1-Assumptions!$C$25),0),IF(1=MAX(1,ROUNDUP(Assumptions!$C$9/30,0)),M12*(1-Assumptions!$C$25),0),IF(0=MAX(1,ROUNDUP(Assumptions!$C$9/30,0)),N12*(1-Assumptions!$C$25),0))+IF(11=Assumptions!$C$12,$C$8*(1-Assumptions!$C$26),0) -> 0 | O37: =SUM(IF(12=MAX(1,ROUNDUP(Assumptions!$C$9/30,0)),C12*(1-Assumptions!$C$25),0),IF(11=MAX(1,ROUNDUP(Assumptions!$C$9/30,0)),D12*(1-Assumptions!$C$25),0),IF(10=MAX(1,ROUNDUP(Assumptions!$C$9/30,0)),E12*(1-Assumptions!$C$25),0),IF(9=MAX(1,ROUNDUP(Assumptions!$C$9/30,0)),F12*(1-Assumptions!$C$25),0),IF(8=MAX(1,ROUNDUP(Assumptions!$C$9/30,0)),G12*(1-Assumptions!$C$25),0),IF(7=MAX(1,ROUNDUP(Assumptions!$C$9/30,0)),H12*(1-Assumptions!$C$25),0),IF(6=MAX(1,ROUNDUP(Assumptions!$C$9/30,0)),I12*(1-Assumptions!$C$25),0),IF(5=MAX(1,ROUNDUP(Assumptions!$C$9/30,0)),J12*(1-Assumptions!$C$25),0),IF(4=MAX(1,ROUNDUP(Assumptions!$C$9/30,0)),K12*(1-Assumptions!$C$25),0),IF(3=MAX(1,ROUNDUP(Assumptions!$C$9/30,0)),L12*(1-Assumptions!$C$25),0),IF(2=MAX(1,ROUNDUP(Assumptions!$C$9/30,0)),M12*(1-Assumptions!$C$25),0),IF(1=MAX(1,ROUNDUP(Assumptions!$C$9/30,0)),N12*(1-Assumptions!$C$25),0),IF(0=MAX(1,ROUNDUP(Assumptions!$C$9/30,0)),O12*(1-Assumptions!$C$25),0))+IF(12=Assumptions!$C$12,$C$8*(1-Assumptions!$C$26),0) -> 0 | P37: =SUM(IF(13=MAX(1,ROUNDUP(Assumptions!$C$9/30,0)),C12*(1-Assumptions!$C$25),0),IF(12=MAX(1,ROUNDUP(Assumptions!$C$9/30,0)),D12*(1-Assumptions!$C$25),0),IF(11=MAX(1,ROUNDUP(Assumptions!$C$9/30,0)),E12*(1-Assumptions!$C$25),0),IF(10=MAX(1,ROUNDUP(Assumptions!$C$9/30,0)),F12*(1-Assumptions!$C$25),0),IF(9=MAX(1,ROUNDUP(Assumptions!$C$9/30,0)),G12*(1-Assumptions!$C$25),0),IF(8=MAX(1,ROUNDUP(Assumptions!$C$9/30,0)),H12*(1-Assumptions!$C$25),0),IF(7=MAX(1,ROUNDUP(Assumptions!$C$9/30,0)),I12*(1-Assumptions!$C$25),0),IF(6=MAX(1,ROUNDUP(Assumptions!$C$9/30,0)),J12*(1-Assumptions!$C$25),0),IF(5=MAX(1,ROUNDUP(Assumptions!$C$9/30,0)),K12*(1-Assumptions!$C$25),0),IF(4=MAX(1,ROUNDUP(Assumptions!$C$9/30,0)),L12*(1-Assumptions!$C$25),0),IF(3=MAX(1,ROUNDUP(Assumptions!$C$9/30,0)),M12*(1-Assumptions!$C$25),0),IF(2=MAX(1,ROUNDUP(Assumptions!$C$9/30,0)),N12*(1-Assumptions!$C$25),0),IF(1=MAX(1,ROUNDUP(Assumptions!$C$9/30,0)),O12*(1-Assumptions!$C$25),0),IF(0=MAX(1,ROUNDUP(Assumptions!$C$9/30,0)),P12*(1-Assumptions!$C$25),0))+IF(13=Assumptions!$C$12,$C$8*(1-Assumptions!$C$26),0) -> 0 | Q37: =SUM(IF(14=MAX(1,ROUNDUP(Assumptions!$C$9/30,0)),C12*(1-Assumptions!$C$25),0),IF(13=MAX(1,ROUNDUP(Assumptions!$C$9/30,0)),D12*(1-Assumptions!$C$25),0),IF(12=MAX(1,ROUNDUP(Assumptions!$C$9/30,0)),E12*(1-Assumptions!$C$25),0),IF(11=MAX(1,ROUNDUP(Assumptions!$C$9/30,0)),F12*(1-Assumptions!$C$25),0),IF(10=MAX(1,ROUNDUP(Assumptions!$C$9/30,0)),G12*(1-Assumptions!$C$25),0),IF(9=MAX(1,ROUNDUP(Assumptions!$C$9/30,0)),H12*(1-Assumptions!$C$25),0),IF(8=MAX(1,ROUNDUP(Assumptions!$C$9/30,0)),I12*(1-Assumptions!$C$25),0),IF(7=MAX(1,ROUNDUP(Assumptions!$C$9/30,0)),J12*(1-Assumptions!$C$25),0),IF(6=MAX(1,ROUNDUP(Assumptions!$C$9/30,0)),K12*(1-Assumptions!$C$25),0),IF(5=MAX(1,ROUNDUP(Assumptions!$C$9/30,0)),L12*(1-Assumptions!$C$25),0),IF(4=MAX(1,ROUNDUP(Assumptions!$C$9/30,0)),M12*(1-Assumptions!$C$25),0),IF(3=MAX(1,ROUNDUP(Assumptions!$C$9/30,0)),N12*(1-Assumptions!$C$25),0),IF(2=MAX(1,ROUNDUP(Assumptions!$C$9/30,0)),O12*(1-Assumptions!$C$25),0),IF(1=MAX(1,ROUNDUP(Assumptions!$C$9/30,0)),P12*(1-Assumptions!$C$25),0),IF(0=MAX(1,ROUNDUP(Assumptions!$C$9/30,0)),Q12*(1-Assumptions!$C$25),0))+IF(14=Assumptions!$C$12,$C$8*(1-Assumptions!$C$26),0) -> 0 | R37: =SUM(IF(15=MAX(1,ROUNDUP(Assumptions!$C$9/30,0)),C12*(1-Assumptions!$C$25),0),IF(14=MAX(1,ROUNDUP(Assumptions!$C$9/30,0)),D12*(1-Assumptions!$C$25),0),IF(13=MAX(1,ROUNDUP(Assumptions!$C$9/30,0)),E12*(1-Assumptions!$C$25),0),IF(12=MAX(1,ROUNDUP(Assumptions!$C$9/30,0)),F12*(1-Assumptions!$C$25),0),IF(11=MAX(1,ROUNDUP(Assumptions!$C$9/30,0)),G12*(1-Assumptions!$C$25),0),IF(10=MAX(1,ROUNDUP(Assumptions!$C$9/30,0)),H12*(1-Assumptions!$C$25),0),IF(9=MAX(1,ROUNDUP(Assumptions!$C$9/30,0)),I12*(1-Assumptions!$C$25),0),IF(8=MAX(1,ROUNDUP(Assumptions!$C$9/30,0)),J12*(1-Assumptions!$C$25),0),IF(7=MAX(1,ROUNDUP(Assumptions!$C$9/30,0)),K12*(1-Assumptions!$C$25),0),IF(6=MAX(1,ROUNDUP(Assumptions!$C$9/30,0)),L12*(1-Assumptions!$C$25),0),IF(5=MAX(1,ROUNDUP(Assumptions!$C$9/30,0)),M12*(1-Assumptions!$C$25),0),IF(4=MAX(1,ROUNDUP(Assumptions!$C$9/30,0)),N12*(1-Assumptions!$C$25),0),IF(3=MAX(1,ROUNDUP(Assumptions!$C$9/30,0)),O12*(1-Assumptions!$C$25),0),IF(2=MAX(1,ROUNDUP(Assumptions!$C$9/30,0)),P12*(1-Assumptions!$C$25),0),IF(1=MAX(1,ROUNDUP(Assumptions!$C$9/30,0)),Q12*(1-Assumptions!$C$25),0),IF(0=MAX(1,ROUNDUP(Assumptions!$C$9/30,0)),R12*(1-Assumptions!$C$25),0))+IF(15=Assumptions!$C$12,$C$8*(1-Assumptions!$C$26),0) -> 0 | S37: =SUM(IF(16=MAX(1,ROUNDUP(Assumptions!$C$9/30,0)),C12*(1-Assumptions!$C$25),0),IF(15=MAX(1,ROUNDUP(Assumptions!$C$9/30,0)),D12*(1-Assumptions!$C$25),0),IF(14=MAX(1,ROUNDUP(Assumptions!$C$9/30,0)),E12*(1-Assumptions!$C$25),0),IF(13=MAX(1,ROUNDUP(Assumptions!$C$9/30,0)),F12*(1-Assumptions!$C$25),0),IF(12=MAX(1,ROUNDUP(Assumptions!$C$9/30,0)),G12*(1-Assumptions!$C$25),0),IF(11=MAX(1,ROUNDUP(Assumptions!$C$9/30,0)),H12*(1-Assumptions!$C$25),0),IF(10=MAX(1,ROUNDUP(Assumptions!$C$9/30,0)),I12*(1-Assumptions!$C$25),0),IF(9=MAX(1,ROUNDUP(Assumptions!$C$9/30,0)),J12*(1-Assumptions!$C$25),0),IF(8=MAX(1,ROUNDUP(Assumptions!$C$9/30,0)),K12*(1-Assumptions!$C$25),0),IF(7=MAX(1,ROUNDUP(Assumptions!$C$9/30,0)),L12*(1-Assumptions!$C$25),0),IF(6=MAX(1,ROUNDUP(Assumptions!$C$9/30,0)),M12*(1-Assumptions!$C$25),0),IF(5=MAX(1,ROUNDUP(Assumptions!$C$9/30,0)),N12*(1-Assumptions!$C$25),0),IF(4=MAX(1,ROUNDUP(Assumptions!$C$9/30,0)),O12*(1-Assumptions!$C$25),0),IF(3=MAX(1,ROUNDUP(Assumptions!$C$9/30,0)),P12*(1-Assumptions!$C$25),0),IF(2=MAX(1,ROUNDUP(Assumptions!$C$9/30,0)),Q12*(1-Assumptions!$C$25),0),IF(1=MAX(1,ROUNDUP(Assumptions!$C$9/30,0)),R12*(1-Assumptions!$C$25),0),IF(0=MAX(1,ROUNDUP(Assumptions!$C$9/30,0)),S12*(1-Assumptions!$C$25),0))+IF(16=Assumptions!$C$12,$C$8*(1-Assumptions!$C$26),0) -> 0 | T37: =SUM(IF(17=MAX(1,ROUNDUP(Assumptions!$C$9/30,0)),C12*(1-Assumptions!$C$25),0),IF(16=MAX(1,ROUNDUP(Assumptions!$C$9/30,0)),D12*(1-Assumptions!$C$25),0),IF(15=MAX(1,ROUNDUP(Assumptions!$C$9/30,0)),E12*(1-Assumptions!$C$25),0),IF(14=MAX(1,ROUNDUP(Assumptions!$C$9/30,0)),F12*(1-Assumptions!$C$25),0),IF(13=MAX(1,ROUNDUP(Assumptions!$C$9/30,0)),G12*(1-Assumptions!$C$25),0),IF(12=MAX(1,ROUNDUP(Assumptions!$C$9/30,0)),H12*(1-Assumptions!$C$25),0),IF(11=MAX(1,ROUNDUP(Assumptions!$C$9/30,0)),I12*(1-Assumptions!$C$25),0),IF(10=MAX(1,ROUNDUP(Assumptions!$C$9/30,0)),J12*(1-Assumptions!$C$25),0),IF(9=MAX(1,ROUNDUP(Assumptions!$C$9/30,0)),K12*(1-Assumptions!$C$25),0),IF(8=MAX(1,ROUNDUP(Assumptions!$C$9/30,0)),L12*(1-Assumptions!$C$25),0),IF(7=MAX(1,ROUNDUP(Assumptions!$C$9/30,0)),M12*(1-Assumptions!$C$25),0),IF(6=MAX(1,ROUNDUP(Assumptions!$C$9/30,0)),N12*(1-Assumptions!$C$25),0),IF(5=MAX(1,ROUNDUP(Assumptions!$C$9/30,0)),O12*(1-Assumptions!$C$25),0),IF(4=MAX(1,ROUNDUP(Assumptions!$C$9/30,0)),P12*(1-Assumptions!$C$25),0),IF(3=MAX(1,ROUNDUP(Assumptions!$C$9/30,0)),Q12*(1-Assumptions!$C$25),0),IF(2=MAX(1,ROUNDUP(Assumptions!$C$9/30,0)),R12*(1-Assumptions!$C$25),0),IF(1=MAX(1,ROUNDUP(Assumptions!$C$9/30,0)),S12*(1-Assumptions!$C$25),0),IF(0=MAX(1,ROUNDUP(Assumptions!$C$9/30,0)),T12*(1-Assumptions!$C$25),0))+IF(17=Assumptions!$C$12,$C$8*(1-Assumptions!$C$26),0) -> 0 | U37: =SUM(IF(18=MAX(1,ROUNDUP(Assumptions!$C$9/30,0)),C12*(1-Assumptions!$C$25),0),IF(17=MAX(1,ROUNDUP(Assumptions!$C$9/30,0)),D12*(1-Assumptions!$C$25),0),IF(16=MAX(1,ROUNDUP(Assumptions!$C$9/30,0)),E12*(1-Assumptions!$C$25),0),IF(15=MAX(1,ROUNDUP(Assumptions!$C$9/30,0)),F12*(1-Assumptions!$C$25),0),IF(14=MAX(1,ROUNDUP(Assumptions!$C$9/30,0)),G12*(1-Assumptions!$C$25),0),IF(13=MAX(1,ROUNDUP(Assumptions!$C$9/30,0)),H12*(1-Assumptions!$C$25),0),IF(12=MAX(1,ROUNDUP(Assumptions!$C$9/30,0)),I12*(1-Assumptions!$C$25),0),IF(11=MAX(1,ROUNDUP(Assumptions!$C$9/30,0)),J12*(1-Assumptions!$C$25),0),IF(10=MAX(1,ROUNDUP(Assumptions!$C$9/30,0)),K12*(1-Assumptions!$C$25),0),IF(9=MAX(1,ROUNDUP(Assumptions!$C$9/30,0)),L12*(1-Assumptions!$C$25),0),IF(8=MAX(1,ROUNDUP(Assumptions!$C$9/30,0)),M12*(1-Assumptions!$C$25),0),IF(7=MAX(1,ROUNDUP(Assumptions!$C$9/30,0)),N12*(1-Assumptions!$C$25),0),IF(6=MAX(1,ROUNDUP(Assumptions!$C$9/30,0)),O12*(1-Assumptions!$C$25),0),IF(5=MAX(1,ROUNDUP(Assumptions!$C$9/30,0)),P12*(1-Assumptions!$C$25),0),IF(4=MAX(1,ROUNDUP(Assumptions!$C$9/30,0)),Q12*(1-Assumptions!$C$25),0),IF(3=MAX(1,ROUNDUP(Assumptions!$C$9/30,0)),R12*(1-Assumptions!$C$25),0),IF(2=MAX(1,ROUNDUP(Assumptions!$C$9/30,0)),S12*(1-Assumptions!$C$25),0),IF(1=MAX(1,ROUNDUP(Assumptions!$C$9/30,0)),T12*(1-Assumptions!$C$25),0),IF(0=MAX(1,ROUNDUP(Assumptions!$C$9/30,0)),U12*(1-Assumptions!$C$25),0))+IF(18=Assumptions!$C$12,$C$8*(1-Assumptions!$C$26),0) -> 0 | V37: =SUM(IF(19=MAX(1,ROUNDUP(Assumptions!$C$9/30,0)),C12*(1-Assumptions!$C$25),0),IF(18=MAX(1,ROUNDUP(Assumptions!$C$9/30,0)),D12*(1-Assumptions!$C$25),0),IF(17=MAX(1,ROUNDUP(Assumptions!$C$9/30,0)),E12*(1-Assumptions!$C$25),0),IF(16=MAX(1,ROUNDUP(Assumptions!$C$9/30,0)),F12*(1-Assumptions!$C$25),0),IF(15=MAX(1,ROUNDUP(Assumptions!$C$9/30,0)),G12*(1-Assumptions!$C$25),0),IF(14=MAX(1,ROUNDUP(Assumptions!$C$9/30,0)),H12*(1-Assumptions!$C$25),0),IF(13=MAX(1,ROUNDUP(Assumptions!$C$9/30,0)),I12*(1-Assumptions!$C$25),0),IF(12=MAX(1,ROUNDUP(Assumptions!$C$9/30,0)),J12*(1-Assumptions!$C$25),0),IF(11=MAX(1,ROUNDUP(Assumptions!$C$9/30,0)),K12*(1-Assumptions!$C$25),0),IF(10=MAX(1,ROUNDUP(Assumptions!$C$9/30,0)),L12*(1-Assumptions!$C$25),0),IF(9=MAX(1,ROUNDUP(Assumptions!$C$9/30,0)),M12*(1-Assumptions!$C$25),0),IF(8=MAX(1,ROUNDUP(Assumptions!$C$9/30,0)),N12*(1-Assumptions!$C$25),0),IF(7=MAX(1,ROUNDUP(Assumptions!$C$9/30,0)),O12*(1-Assumptions!$C$25),0),IF(6=MAX(1,ROUNDUP(Assumptions!$C$9/30,0)),P12*(1-Assumptions!$C$25),0),IF(5=MAX(1,ROUNDUP(Assumptions!$C$9/30,0)),Q12*(1-Assumptions!$C$25),0),IF(4=MAX(1,ROUNDUP(Assumptions!$C$9/30,0)),R12*(1-Assumptions!$C$25),0),IF(3=MAX(1,ROUNDUP(Assumptions!$C$9/30,0)),S12*(1-Assumptions!$C$25),0),IF(2=MAX(1,ROUNDUP(Assumptions!$C$9/30,0)),T12*(1-Assumptions!$C$25),0),IF(1=MAX(1,ROUNDUP(Assumptions!$C$9/30,0)),U12*(1-Assumptions!$C$25),0),IF(0=MAX(1,ROUNDUP(Assumptions!$C$9/30,0)),V12*(1-Assumptions!$C$25),0))+IF(19=Assumptions!$C$12,$C$8*(1-Assumptions!$C$26),0) -> 0 | W37: =SUM(IF(20=MAX(1,ROUNDUP(Assumptions!$C$9/30,0)),C12*(1-Assumptions!$C$25),0),IF(19=MAX(1,ROUNDUP(Assumptions!$C$9/30,0)),D12*(1-Assumptions!$C$25),0),IF(18=MAX(1,ROUNDUP(Assumptions!$C$9/30,0)),E12*(1-Assumptions!$C$25),0),IF(17=MAX(1,ROUNDUP(Assumptions!$C$9/30,0)),F12*(1-Assumptions!$C$25),0),IF(16=MAX(1,ROUNDUP(Assumptions!$C$9/30,0)),G12*(1-Assumptions!$C$25),0),IF(15=MAX(1,ROUNDUP(Assumptions!$C$9/30,0)),H12*(1-Assumptions!$C$25),0),IF(14=MAX(1,ROUNDUP(Assumptions!$C$9/30,0)),I12*(1-Assumptions!$C$25),0),IF(13=MAX(1,ROUNDUP(Assumptions!$C$9/30,0)),J12*(1-Assumptions!$C$25),0),IF(12=MAX(1,ROUNDUP(Assumptions!$C$9/30,0)),K12*(1-Assumptions!$C$25),0),IF(11=MAX(1,ROUNDUP(Assumptions!$C$9/30,0)),L12*(1-Assumptions!$C$25),0),IF(10=MAX(1,ROUNDUP(Assumptions!$C$9/30,0)),M12*(1-Assumptions!$C$25),0),IF(9=MAX(1,ROUNDUP(Assumptions!$C$9/30,0)),N12*(1-Assumptions!$C$25),0),IF(8=MAX(1,ROUNDUP(Assumptions!$C$9/30,0)),O12*(1-Assumptions!$C$25),0),IF(7=MAX(1,ROUNDUP(Assumptions!$C$9/30,0)),P12*(1-Assumptions!$C$25),0),IF(6=MAX(1,ROUNDUP(Assumptions!$C$9/30,0)),Q12*(1-Assumptions!$C$25),0),IF(5=MAX(1,ROUNDUP(Assumptions!$C$9/30,0)),R12*(1-Assumptions!$C$25),0),IF(4=MAX(1,ROUNDUP(Assumptions!$C$9/30,0)),S12*(1-Assumptions!$C$25),0),IF(3=MAX(1,ROUNDUP(Assumptions!$C$9/30,0)),T12*(1-Assumptions!$C$25),0),IF(2=MAX(1,ROUNDUP(Assumptions!$C$9/30,0)),U12*(1-Assumptions!$C$25),0),IF(1=MAX(1,ROUNDUP(Assumptions!$C$9/30,0)),V12*(1-Assumptions!$C$25),0),IF(0=MAX(1,ROUNDUP(Assumptions!$C$9/30,0)),W12*(1-Assumptions!$C$25),0))+IF(20=Assumptions!$C$12,$C$8*(1-Assumptions!$C$26),0) -> 0 | X37: =SUM(IF(21=MAX(1,ROUNDUP(Assumptions!$C$9/30,0)),C12*(1-Assumptions!$C$25),0),IF(20=MAX(1,ROUNDUP(Assumptions!$C$9/30,0)),D12*(1-Assumptions!$C$25),0),IF(19=MAX(1,ROUNDUP(Assumptions!$C$9/30,0)),E12*(1-Assumptions!$C$25),0),IF(18=MAX(1,ROUNDUP(Assumptions!$C$9/30,0)),F12*(1-Assumptions!$C$25),0),IF(17=MAX(1,ROUNDUP(Assumptions!$C$9/30,0)),G12*(1-Assumptions!$C$25),0),IF(16=MAX(1,ROUNDUP(Assumptions!$C$9/30,0)),H12*(1-Assumptions!$C$25),0),IF(15=MAX(1,ROUNDUP(Assumptions!$C$9/30,0)),I12*(1-Assumptions!$C$25),0),IF(14=MAX(1,ROUNDUP(Assumptions!$C$9/30,0)),J12*(1-Assumptions!$C$25),0),IF(13=MAX(1,ROUNDUP(Assumptions!$C$9/30,0)),K12*(1-Assumptions!$C$25),0),IF(12=MAX(1,ROUNDUP(Assumptions!$C$9/30,0)),L12*(1-Assumptions!$C$25),0),IF(11=MAX(1,ROUNDUP(Assumptions!$C$9/30,0)),M12*(1-Assumptions!$C$25),0),IF(10=MAX(1,ROUNDUP(Assumptions!$C$9/30,0)),N12*(1-Assumptions!$C$25),0),IF(9=MAX(1,ROUNDUP(Assumptions!$C$9/30,0)),O12*(1-Assumptions!$C$25),0),IF(8=MAX(1,ROUNDUP(Assumptions!$C$9/30,0)),P12*(1-Assumptions!$C$25),0),IF(7=MAX(1,ROUNDUP(Assumptions!$C$9/30,0)),Q12*(1-Assumptions!$C$25),0),IF(6=MAX(1,ROUNDUP(Assumptions!$C$9/30,0)),R12*(1-Assumptions!$C$25),0),IF(5=MAX(1,ROUNDUP(Assumptions!$C$9/30,0)),S12*(1-Assumptions!$C$25),0),IF(4=MAX(1,ROUNDUP(Assumptions!$C$9/30,0)),T12*(1-Assumptions!$C$25),0),IF(3=MAX(1,ROUNDUP(Assumptions!$C$9/30,0)),U12*(1-Assumptions!$C$25),0),IF(2=MAX(1,ROUNDUP(Assumptions!$C$9/30,0)),V12*(1-Assumptions!$C$25),0),IF(1=MAX(1,ROUNDUP(Assumptions!$C$9/30,0)),W12*(1-Assumptions!$C$25),0),IF(0=MAX(1,ROUNDUP(Assumptions!$C$9/30,0)),X12*(1-Assumptions!$C$25),0))+IF(21=Assumptions!$C$12,$C$8*(1-Assumptions!$C$26),0) -> 0 | Y37: =SUM(IF(22=MAX(1,ROUNDUP(Assumptions!$C$9/30,0)),C12*(1-Assumptions!$C$25),0),IF(21=MAX(1,ROUNDUP(Assumptions!$C$9/30,0)),D12*(1-Assumptions!$C$25),0),IF(20=MAX(1,ROUNDUP(Assumptions!$C$9/30,0)),E12*(1-Assumptions!$C$25),0),IF(19=MAX(1,ROUNDUP(Assumptions!$C$9/30,0)),F12*(1-Assumptions!$C$25),0),IF(18=MAX(1,ROUNDUP(Assumptions!$C$9/30,0)),G12*(1-Assumptions!$C$25),0),IF(17=MAX(1,ROUNDUP(Assumptions!$C$9/30,0)),H12*(1-Assumptions!$C$25),0),IF(16=MAX(1,ROUNDUP(Assumptions!$C$9/30,0)),I12*(1-Assumptions!$C$25),0),IF(15=MAX(1,ROUNDUP(Assumptions!$C$9/30,0)),J12*(1-Assumptions!$C$25),0),IF(14=MAX(1,ROUNDUP(Assumptions!$C$9/30,0)),K12*(1-Assumptions!$C$25),0),IF(13=MAX(1,ROUNDUP(Assumptions!$C$9/30,0)),L12*(1-Assumptions!$C$25),0),IF(12=MAX(1,ROUNDUP(Assumptions!$C$9/30,0)),M12*(1-Assumptions!$C$25),0),IF(11=MAX(1,ROUNDUP(Assumptions!$C$9/30,0)),N12*(1-Assumptions!$C$25),0),IF(10=MAX(1,ROUNDUP(Assumptions!$C$9/30,0)),O12*(1-Assumptions!$C$25),0),IF(9=MAX(1,ROUNDUP(Assumptions!$C$9/30,0)),P12*(1-Assumptions!$C$25),0),IF(8=MAX(1,ROUNDUP(Assumptions!$C$9/30,0)),Q12*(1-Assumptions!$C$25),0),IF(7=MAX(1,ROUNDUP(Assumptions!$C$9/30,0)),R12*(1-Assumptions!$C$25),0),IF(6=MAX(1,ROUNDUP(Assumptions!$C$9/30,0)),S12*(1-Assumptions!$C$25),0),IF(5=MAX(1,ROUNDUP(Assumptions!$C$9/30,0)),T12*(1-Assumptions!$C$25),0),IF(4=MAX(1,ROUNDUP(Assumptions!$C$9/30,0)),U12*(1-Assumptions!$C$25),0),IF(3=MAX(1,ROUNDUP(Assumptions!$C$9/30,0)),V12*(1-Assumptions!$C$25),0),IF(2=MAX(1,ROUNDUP(Assumptions!$C$9/30,0)),W12*(1-Assumptions!$C$25),0),IF(1=MAX(1,ROUNDUP(Assumptions!$C$9/30,0)),X12*(1-Assumptions!$C$25),0),IF(0=MAX(1,ROUNDUP(Assumptions!$C$9/30,0)),Y12*(1-Assumptions!$C$25),0))+IF(22=Assumptions!$C$12,$C$8*(1-Assumptions!$C$26),0) -> 0 | Z37: =SUM(IF(23=MAX(1,ROUNDUP(Assumptions!$C$9/30,0)),C12*(1-Assumptions!$C$25),0),IF(22=MAX(1,ROUNDUP(Assumptions!$C$9/30,0)),D12*(1-Assumptions!$C$25),0),IF(21=MAX(1,ROUNDUP(Assumptions!$C$9/30,0)),E12*(1-Assumptions!$C$25),0),IF(20=MAX(1,ROUNDUP(Assumptions!$C$9/30,0)),F12*(1-Assumptions!$C$25),0),IF(19=MAX(1,ROUNDUP(Assumptions!$C$9/30,0)),G12*(1-Assumptions!$C$25),0),IF(18=MAX(1,ROUNDUP(Assumptions!$C$9/30,0)),H12*(1-Assumptions!$C$25),0),IF(17=MAX(1,ROUNDUP(Assumptions!$C$9/30,0)),I12*(1-Assumptions!$C$25),0),IF(16=MAX(1,ROUNDUP(Assumptions!$C$9/30,0)),J12*(1-Assumptions!$C$25),0),IF(15=MAX(1,ROUNDUP(Assumptions!$C$9/30,0)),K12*(1-Assumptions!$C$25),0),IF(14=MAX(1,ROUNDUP(Assumptions!$C$9/30,0)),L12*(1-Assumptions!$C$25),0),IF(13=MAX(1,ROUNDUP(Assumptions!$C$9/30,0)),M12*(1-Assumptions!$C$25),0),IF(12=MAX(1,ROUNDUP(Assumptions!$C$9/30,0)),N12*(1-Assumptions!$C$25),0),IF(11=MAX(1,ROUNDUP(Assumptions!$C$9/30,0)),O12*(1-Assumptions!$C$25),0),IF(10=MAX(1,ROUNDUP(Assumptions!$C$9/30,0)),P12*(1-Assumptions!$C$25),0),IF(9=MAX(1,ROUNDUP(Assumptions!$C$9/30,0)),Q12*(1-Assumptions!$C$25),0),IF(8=MAX(1,ROUNDUP(Assumptions!$C$9/30,0)),R12*(1-Assumptions!$C$25),0),IF(7=MAX(1,ROUNDUP(Assumptions!$C$9/30,0)),S12*(1-Assumptions!$C$25),0),IF(6=MAX(1,ROUNDUP(Assumptions!$C$9/30,0)),T12*(1-Assumptions!$C$25),0),IF(5=MAX(1,ROUNDUP(Assumptions!$C$9/30,0)),U12*(1-Assumptions!$C$25),0),IF(4=MAX(1,ROUNDUP(Assumptions!$C$9/30,0)),V12*(1-Assumptions!$C$25),0),IF(3=MAX(1,ROUNDUP(Assumptions!$C$9/30,0)),W12*(1-Assumptions!$C$25),0),IF(2=MAX(1,ROUNDUP(Assumptions!$C$9/30,0)),X12*(1-Assumptions!$C$25),0),IF(1=MAX(1,ROUNDUP(Assumptions!$C$9/30,0)),Y12*(1-Assumptions!$C$25),0),IF(0=MAX(1,ROUNDUP(Assumptions!$C$9/30,0)),Z12*(1-Assumptions!$C$25),0))+IF(23=Assumptions!$C$12,$C$8*(1-Assumptions!$C$26),0) -> 0
A38: 유료 이탈 후 Free | B38: 명 | C38: =SUM(C25:C27)*Assumptions!$C$32 -> 0 | D38: =SUM(D25:D27)*Assumptions!$C$32 -> 0.0576 | E38: =SUM(E25:E27)*Assumptions!$C$32 -> 0.1992672 | F38: =SUM(F25:F27)*Assumptions!$C$32 -> 0.25037372 | G38: =SUM(G25:G27)*Assumptions!$C$32 -> 0.301029 | H38: =SUM(H25:H27)*Assumptions!$C$32 -> 0.35177631 | I38: =SUM(I25:I27)*Assumptions!$C$32 -> 0.40277644 | J38: =SUM(J25:J27)*Assumptions!$C$32 -> 0.45418826 | ... Z38: =SUM(Z25:Z27)*Assumptions!$C$32 -> 1.4628121
A39: Free 비활성 이탈 | B39: 명 | C39: =C35*Assumptions!$C$31 -> 0 | D39: =D35*Assumptions!$C$31 -> 6.5634 | E39: =E35*Assumptions!$C$31 -> 12.064636 | F39: =F35*Assumptions!$C$31 -> 14.144445 | G39: =G35*Assumptions!$C$31 -> 15.880111 | H39: =H35*Assumptions!$C$31 -> 17.405468 | I39: =I35*Assumptions!$C$31 -> 18.798397 | J39: =J35*Assumptions!$C$31 -> 20.114198 | ... Z39: =Z35*Assumptions!$C$31 -> 45.971196
A40: Free 기말 활성 | B40: 명 | C40: =SUM(C35:C37)+C38-C39 -> 21.878 | D40: =SUM(D35:D37)+D38-D39 -> 40.215452 | E40: =SUM(E35:E37)+E38-E39 -> 47.14815 | F40: =SUM(F35:F37)+F38-F39 -> 52.933703 | G40: =SUM(G35:G37)+G38-G39 -> 58.018228 | H40: =SUM(H35:H37)+H38-H39 -> 62.661322 | I40: =SUM(I35:I37)+I38-I39 -> 67.047328 | J40: =SUM(J35:J37)+J38-J39 -> 71.308025 | ... Z40: =SUM(Z35:Z37)+Z38-Z39 -> 160.94484
A41: 피추천인 체험 활성 | B41: 명 | C41: =SUM(IF(0<MAX(1,ROUNDUP(Assumptions!$C$9/30,0)),C12,0)) -> 0.882 | D41: =SUM(IF(1<MAX(1,ROUNDUP(Assumptions!$C$9/30,0)),C12,0),IF(0<MAX(1,ROUNDUP(Assumptions!$C$9/30,0)),D12,0)) -> 0.074088 | E41: =SUM(IF(2<MAX(1,ROUNDUP(Assumptions!$C$9/30,0)),C12,0),IF(1<MAX(1,ROUNDUP(Assumptions!$C$9/30,0)),D12,0),IF(0<MAX(1,ROUNDUP(Assumptions!$C$9/30,0)),E12,0)) -> 0 | F41: =SUM(IF(3<MAX(1,ROUNDUP(Assumptions!$C$9/30,0)),C12,0),IF(2<MAX(1,ROUNDUP(Assumptions!$C$9/30,0)),D12,0),IF(1<MAX(1,ROUNDUP(Assumptions!$C$9/30,0)),E12,0),IF(0<MAX(1,ROUNDUP(Assumptions!$C$9/30,0)),F12,0)) -> 0 | G41: =SUM(IF(4<MAX(1,ROUNDUP(Assumptions!$C$9/30,0)),C12,0),IF(3<MAX(1,ROUNDUP(Assumptions!$C$9/30,0)),D12,0),IF(2<MAX(1,ROUNDUP(Assumptions!$C$9/30,0)),E12,0),IF(1<MAX(1,ROUNDUP(Assumptions!$C$9/30,0)),F12,0),IF(0<MAX(1,ROUNDUP(Assumptions!$C$9/30,0)),G12,0)) -> 0 | H41: =SUM(IF(5<MAX(1,ROUNDUP(Assumptions!$C$9/30,0)),C12,0),IF(4<MAX(1,ROUNDUP(Assumptions!$C$9/30,0)),D12,0),IF(3<MAX(1,ROUNDUP(Assumptions!$C$9/30,0)),E12,0),IF(2<MAX(1,ROUNDUP(Assumptions!$C$9/30,0)),F12,0),IF(1<MAX(1,ROUNDUP(Assumptions!$C$9/30,0)),G12,0),IF(0<MAX(1,ROUNDUP(Assumptions!$C$9/30,0)),H12,0)) -> 0 | I41: =SUM(IF(6<MAX(1,ROUNDUP(Assumptions!$C$9/30,0)),C12,0),IF(5<MAX(1,ROUNDUP(Assumptions!$C$9/30,0)),D12,0),IF(4<MAX(1,ROUNDUP(Assumptions!$C$9/30,0)),E12,0),IF(3<MAX(1,ROUNDUP(Assumptions!$C$9/30,0)),F12,0),IF(2<MAX(1,ROUNDUP(Assumptions!$C$9/30,0)),G12,0),IF(1<MAX(1,ROUNDUP(Assumptions!$C$9/30,0)),H12,0),IF(0<MAX(1,ROUNDUP(Assumptions!$C$9/30,0)),I12,0)) -> 0 | J41: =SUM(IF(7<MAX(1,ROUNDUP(Assumptions!$C$9/30,0)),C12,0),IF(6<MAX(1,ROUNDUP(Assumptions!$C$9/30,0)),D12,0),IF(5<MAX(1,ROUNDUP(Assumptions!$C$9/30,0)),E12,0),IF(4<MAX(1,ROUNDUP(Assumptions!$C$9/30,0)),F12,0),IF(3<MAX(1,ROUNDUP(Assumptions!$C$9/30,0)),G12,0),IF(2<MAX(1,ROUNDUP(Assumptions!$C$9/30,0)),H12,0),IF(1<MAX(1,ROUNDUP(Assumptions!$C$9/30,0)),I12,0),IF(0<MAX(1,ROUNDUP(Assumptions!$C$9/30,0)),J12,0)) -> 0 | K41: =SUM(IF(8<MAX(1,ROUNDUP(Assumptions!$C$9/30,0)),C12,0),IF(7<MAX(1,ROUNDUP(Assumptions!$C$9/30,0)),D12,0),IF(6<MAX(1,ROUNDUP(Assumptions!$C$9/30,0)),E12,0),IF(5<MAX(1,ROUNDUP(Assumptions!$C$9/30,0)),F12,0),IF(4<MAX(1,ROUNDUP(Assumptions!$C$9/30,0)),G12,0),IF(3<MAX(1,ROUNDUP(Assumptions!$C$9/30,0)),H12,0),IF(2<MAX(1,ROUNDUP(Assumptions!$C$9/30,0)),I12,0),IF(1<MAX(1,ROUNDUP(Assumptions!$C$9/30,0)),J12,0),IF(0<MAX(1,ROUNDUP(Assumptions!$C$9/30,0)),K12,0)) -> 0 | L41: =SUM(IF(9<MAX(1,ROUNDUP(Assumptions!$C$9/30,0)),C12,0),IF(8<MAX(1,ROUNDUP(Assumptions!$C$9/30,0)),D12,0),IF(7<MAX(1,ROUNDUP(Assumptions!$C$9/30,0)),E12,0),IF(6<MAX(1,ROUNDUP(Assumptions!$C$9/30,0)),F12,0),IF(5<MAX(1,ROUNDUP(Assumptions!$C$9/30,0)),G12,0),IF(4<MAX(1,ROUNDUP(Assumptions!$C$9/30,0)),H12,0),IF(3<MAX(1,ROUNDUP(Assumptions!$C$9/30,0)),I12,0),IF(2<MAX(1,ROUNDUP(Assumptions!$C$9/30,0)),J12,0),IF(1<MAX(1,ROUNDUP(Assumptions!$C$9/30,0)),K12,0),IF(0<MAX(1,ROUNDUP(Assumptions!$C$9/30,0)),L12,0)) -> 0 | M41: =SUM(IF(10<MAX(1,ROUNDUP(Assumptions!$C$9/30,0)),C12,0),IF(9<MAX(1,ROUNDUP(Assumptions!$C$9/30,0)),D12,0),IF(8<MAX(1,ROUNDUP(Assumptions!$C$9/30,0)),E12,0),IF(7<MAX(1,ROUNDUP(Assumptions!$C$9/30,0)),F12,0),IF(6<MAX(1,ROUNDUP(Assumptions!$C$9/30,0)),G12,0),IF(5<MAX(1,ROUNDUP(Assumptions!$C$9/30,0)),H12,0),IF(4<MAX(1,ROUNDUP(Assumptions!$C$9/30,0)),I12,0),IF(3<MAX(1,ROUNDUP(Assumptions!$C$9/30,0)),J12,0),IF(2<MAX(1,ROUNDUP(Assumptions!$C$9/30,0)),K12,0),IF(1<MAX(1,ROUNDUP(Assumptions!$C$9/30,0)),L12,0),IF(0<MAX(1,ROUNDUP(Assumptions!$C$9/30,0)),M12,0)) -> 0 | N41: =SUM(IF(11<MAX(1,ROUNDUP(Assumptions!$C$9/30,0)),C12,0),IF(10<MAX(1,ROUNDUP(Assumptions!$C$9/30,0)),D12,0),IF(9<MAX(1,ROUNDUP(Assumptions!$C$9/30,0)),E12,0),IF(8<MAX(1,ROUNDUP(Assumptions!$C$9/30,0)),F12,0),IF(7<MAX(1,ROUNDUP(Assumptions!$C$9/30,0)),G12,0),IF(6<MAX(1,ROUNDUP(Assumptions!$C$9/30,0)),H12,0),IF(5<MAX(1,ROUNDUP(Assumptions!$C$9/30,0)),I12,0),IF(4<MAX(1,ROUNDUP(Assumptions!$C$9/30,0)),J12,0),IF(3<MAX(1,ROUNDUP(Assumptions!$C$9/30,0)),K12,0),IF(2<MAX(1,ROUNDUP(Assumptions!$C$9/30,0)),L12,0),IF(1<MAX(1,ROUNDUP(Assumptions!$C$9/30,0)),M12,0),IF(0<MAX(1,ROUNDUP(Assumptions!$C$9/30,0)),N12,0)) -> 0 | O41: =SUM(IF(12<MAX(1,ROUNDUP(Assumptions!$C$9/30,0)),C12,0),IF(11<MAX(1,ROUNDUP(Assumptions!$C$9/30,0)),D12,0),IF(10<MAX(1,ROUNDUP(Assumptions!$C$9/30,0)),E12,0),IF(9<MAX(1,ROUNDUP(Assumptions!$C$9/30,0)),F12,0),IF(8<MAX(1,ROUNDUP(Assumptions!$C$9/30,0)),G12,0),IF(7<MAX(1,ROUNDUP(Assumptions!$C$9/30,0)),H12,0),IF(6<MAX(1,ROUNDUP(Assumptions!$C$9/30,0)),I12,0),IF(5<MAX(1,ROUNDUP(Assumptions!$C$9/30,0)),J12,0),IF(4<MAX(1,ROUNDUP(Assumptions!$C$9/30,0)),K12,0),IF(3<MAX(1,ROUNDUP(Assumptions!$C$9/30,0)),L12,0),IF(2<MAX(1,ROUNDUP(Assumptions!$C$9/30,0)),M12,0),IF(1<MAX(1,ROUNDUP(Assumptions!$C$9/30,0)),N12,0),IF(0<MAX(1,ROUNDUP(Assumptions!$C$9/30,0)),O12,0)) -> 0 | P41: =SUM(IF(13<MAX(1,ROUNDUP(Assumptions!$C$9/30,0)),C12,0),IF(12<MAX(1,ROUNDUP(Assumptions!$C$9/30,0)),D12,0),IF(11<MAX(1,ROUNDUP(Assumptions!$C$9/30,0)),E12,0),IF(10<MAX(1,ROUNDUP(Assumptions!$C$9/30,0)),F12,0),IF(9<MAX(1,ROUNDUP(Assumptions!$C$9/30,0)),G12,0),IF(8<MAX(1,ROUNDUP(Assumptions!$C$9/30,0)),H12,0),IF(7<MAX(1,ROUNDUP(Assumptions!$C$9/30,0)),I12,0),IF(6<MAX(1,ROUNDUP(Assumptions!$C$9/30,0)),J12,0),IF(5<MAX(1,ROUNDUP(Assumptions!$C$9/30,0)),K12,0),IF(4<MAX(1,ROUNDUP(Assumptions!$C$9/30,0)),L12,0),IF(3<MAX(1,ROUNDUP(Assumptions!$C$9/30,0)),M12,0),IF(2<MAX(1,ROUNDUP(Assumptions!$C$9/30,0)),N12,0),IF(1<MAX(1,ROUNDUP(Assumptions!$C$9/30,0)),O12,0),IF(0<MAX(1,ROUNDUP(Assumptions!$C$9/30,0)),P12,0)) -> 0 | Q41: =SUM(IF(14<MAX(1,ROUNDUP(Assumptions!$C$9/30,0)),C12,0),IF(13<MAX(1,ROUNDUP(Assumptions!$C$9/30,0)),D12,0),IF(12<MAX(1,ROUNDUP(Assumptions!$C$9/30,0)),E12,0),IF(11<MAX(1,ROUNDUP(Assumptions!$C$9/30,0)),F12,0),IF(10<MAX(1,ROUNDUP(Assumptions!$C$9/30,0)),G12,0),IF(9<MAX(1,ROUNDUP(Assumptions!$C$9/30,0)),H12,0),IF(8<MAX(1,ROUNDUP(Assumptions!$C$9/30,0)),I12,0),IF(7<MAX(1,ROUNDUP(Assumptions!$C$9/30,0)),J12,0),IF(6<MAX(1,ROUNDUP(Assumptions!$C$9/30,0)),K12,0),IF(5<MAX(1,ROUNDUP(Assumptions!$C$9/30,0)),L12,0),IF(4<MAX(1,ROUNDUP(Assumptions!$C$9/30,0)),M12,0),IF(3<MAX(1,ROUNDUP(Assumptions!$C$9/30,0)),N12,0),IF(2<MAX(1,ROUNDUP(Assumptions!$C$9/30,0)),O12,0),IF(1<MAX(1,ROUNDUP(Assumptions!$C$9/30,0)),P12,0),IF(0<MAX(1,ROUNDUP(Assumptions!$C$9/30,0)),Q12,0)) -> 0 | R41: =SUM(IF(15<MAX(1,ROUNDUP(Assumptions!$C$9/30,0)),C12,0),IF(14<MAX(1,ROUNDUP(Assumptions!$C$9/30,0)),D12,0),IF(13<MAX(1,ROUNDUP(Assumptions!$C$9/30,0)),E12,0),IF(12<MAX(1,ROUNDUP(Assumptions!$C$9/30,0)),F12,0),IF(11<MAX(1,ROUNDUP(Assumptions!$C$9/30,0)),G12,0),IF(10<MAX(1,ROUNDUP(Assumptions!$C$9/30,0)),H12,0),IF(9<MAX(1,ROUNDUP(Assumptions!$C$9/30,0)),I12,0),IF(8<MAX(1,ROUNDUP(Assumptions!$C$9/30,0)),J12,0),IF(7<MAX(1,ROUNDUP(Assumptions!$C$9/30,0)),K12,0),IF(6<MAX(1,ROUNDUP(Assumptions!$C$9/30,0)),L12,0),IF(5<MAX(1,ROUNDUP(Assumptions!$C$9/30,0)),M12,0),IF(4<MAX(1,ROUNDUP(Assumptions!$C$9/30,0)),N12,0),IF(3<MAX(1,ROUNDUP(Assumptions!$C$9/30,0)),O12,0),IF(2<MAX(1,ROUNDUP(Assumptions!$C$9/30,0)),P12,0),IF(1<MAX(1,ROUNDUP(Assumptions!$C$9/30,0)),Q12,0),IF(0<MAX(1,ROUNDUP(Assumptions!$C$9/30,0)),R12,0)) -> 0 | S41: =SUM(IF(16<MAX(1,ROUNDUP(Assumptions!$C$9/30,0)),C12,0),IF(15<MAX(1,ROUNDUP(Assumptions!$C$9/30,0)),D12,0),IF(14<MAX(1,ROUNDUP(Assumptions!$C$9/30,0)),E12,0),IF(13<MAX(1,ROUNDUP(Assumptions!$C$9/30,0)),F12,0),IF(12<MAX(1,ROUNDUP(Assumptions!$C$9/30,0)),G12,0),IF(11<MAX(1,ROUNDUP(Assumptions!$C$9/30,0)),H12,0),IF(10<MAX(1,ROUNDUP(Assumptions!$C$9/30,0)),I12,0),IF(9<MAX(1,ROUNDUP(Assumptions!$C$9/30,0)),J12,0),IF(8<MAX(1,ROUNDUP(Assumptions!$C$9/30,0)),K12,0),IF(7<MAX(1,ROUNDUP(Assumptions!$C$9/30,0)),L12,0),IF(6<MAX(1,ROUNDUP(Assumptions!$C$9/30,0)),M12,0),IF(5<MAX(1,ROUNDUP(Assumptions!$C$9/30,0)),N12,0),IF(4<MAX(1,ROUNDUP(Assumptions!$C$9/30,0)),O12,0),IF(3<MAX(1,ROUNDUP(Assumptions!$C$9/30,0)),P12,0),IF(2<MAX(1,ROUNDUP(Assumptions!$C$9/30,0)),Q12,0),IF(1<MAX(1,ROUNDUP(Assumptions!$C$9/30,0)),R12,0),IF(0<MAX(1,ROUNDUP(Assumptions!$C$9/30,0)),S12,0)) -> 0 | T41: =SUM(IF(17<MAX(1,ROUNDUP(Assumptions!$C$9/30,0)),C12,0),IF(16<MAX(1,ROUNDUP(Assumptions!$C$9/30,0)),D12,0),IF(15<MAX(1,ROUNDUP(Assumptions!$C$9/30,0)),E12,0),IF(14<MAX(1,ROUNDUP(Assumptions!$C$9/30,0)),F12,0),IF(13<MAX(1,ROUNDUP(Assumptions!$C$9/30,0)),G12,0),IF(12<MAX(1,ROUNDUP(Assumptions!$C$9/30,0)),H12,0),IF(11<MAX(1,ROUNDUP(Assumptions!$C$9/30,0)),I12,0),IF(10<MAX(1,ROUNDUP(Assumptions!$C$9/30,0)),J12,0),IF(9<MAX(1,ROUNDUP(Assumptions!$C$9/30,0)),K12,0),IF(8<MAX(1,ROUNDUP(Assumptions!$C$9/30,0)),L12,0),IF(7<MAX(1,ROUNDUP(Assumptions!$C$9/30,0)),M12,0),IF(6<MAX(1,ROUNDUP(Assumptions!$C$9/30,0)),N12,0),IF(5<MAX(1,ROUNDUP(Assumptions!$C$9/30,0)),O12,0),IF(4<MAX(1,ROUNDUP(Assumptions!$C$9/30,0)),P12,0),IF(3<MAX(1,ROUNDUP(Assumptions!$C$9/30,0)),Q12,0),IF(2<MAX(1,ROUNDUP(Assumptions!$C$9/30,0)),R12,0),IF(1<MAX(1,ROUNDUP(Assumptions!$C$9/30,0)),S12,0),IF(0<MAX(1,ROUNDUP(Assumptions!$C$9/30,0)),T12,0)) -> 0 | U41: =SUM(IF(18<MAX(1,ROUNDUP(Assumptions!$C$9/30,0)),C12,0),IF(17<MAX(1,ROUNDUP(Assumptions!$C$9/30,0)),D12,0),IF(16<MAX(1,ROUNDUP(Assumptions!$C$9/30,0)),E12,0),IF(15<MAX(1,ROUNDUP(Assumptions!$C$9/30,0)),F12,0),IF(14<MAX(1,ROUNDUP(Assumptions!$C$9/30,0)),G12,0),IF(13<MAX(1,ROUNDUP(Assumptions!$C$9/30,0)),H12,0),IF(12<MAX(1,ROUNDUP(Assumptions!$C$9/30,0)),I12,0),IF(11<MAX(1,ROUNDUP(Assumptions!$C$9/30,0)),J12,0),IF(10<MAX(1,ROUNDUP(Assumptions!$C$9/30,0)),K12,0),IF(9<MAX(1,ROUNDUP(Assumptions!$C$9/30,0)),L12,0),IF(8<MAX(1,ROUNDUP(Assumptions!$C$9/30,0)),M12,0),IF(7<MAX(1,ROUNDUP(Assumptions!$C$9/30,0)),N12,0),IF(6<MAX(1,ROUNDUP(Assumptions!$C$9/30,0)),O12,0),IF(5<MAX(1,ROUNDUP(Assumptions!$C$9/30,0)),P12,0),IF(4<MAX(1,ROUNDUP(Assumptions!$C$9/30,0)),Q12,0),IF(3<MAX(1,ROUNDUP(Assumptions!$C$9/30,0)),R12,0),IF(2<MAX(1,ROUNDUP(Assumptions!$C$9/30,0)),S12,0),IF(1<MAX(1,ROUNDUP(Assumptions!$C$9/30,0)),T12,0),IF(0<MAX(1,ROUNDUP(Assumptions!$C$9/30,0)),U12,0)) -> 0 | V41: =SUM(IF(19<MAX(1,ROUNDUP(Assumptions!$C$9/30,0)),C12,0),IF(18<MAX(1,ROUNDUP(Assumptions!$C$9/30,0)),D12,0),IF(17<MAX(1,ROUNDUP(Assumptions!$C$9/30,0)),E12,0),IF(16<MAX(1,ROUNDUP(Assumptions!$C$9/30,0)),F12,0),IF(15<MAX(1,ROUNDUP(Assumptions!$C$9/30,0)),G12,0),IF(14<MAX(1,ROUNDUP(Assumptions!$C$9/30,0)),H12,0),IF(13<MAX(1,ROUNDUP(Assumptions!$C$9/30,0)),I12,0),IF(12<MAX(1,ROUNDUP(Assumptions!$C$9/30,0)),J12,0),IF(11<MAX(1,ROUNDUP(Assumptions!$C$9/30,0)),K12,0),IF(10<MAX(1,ROUNDUP(Assumptions!$C$9/30,0)),L12,0),IF(9<MAX(1,ROUNDUP(Assumptions!$C$9/30,0)),M12,0),IF(8<MAX(1,ROUNDUP(Assumptions!$C$9/30,0)),N12,0),IF(7<MAX(1,ROUNDUP(Assumptions!$C$9/30,0)),O12,0),IF(6<MAX(1,ROUNDUP(Assumptions!$C$9/30,0)),P12,0),IF(5<MAX(1,ROUNDUP(Assumptions!$C$9/30,0)),Q12,0),IF(4<MAX(1,ROUNDUP(Assumptions!$C$9/30,0)),R12,0),IF(3<MAX(1,ROUNDUP(Assumptions!$C$9/30,0)),S12,0),IF(2<MAX(1,ROUNDUP(Assumptions!$C$9/30,0)),T12,0),IF(1<MAX(1,ROUNDUP(Assumptions!$C$9/30,0)),U12,0),IF(0<MAX(1,ROUNDUP(Assumptions!$C$9/30,0)),V12,0)) -> 0 | W41: =SUM(IF(20<MAX(1,ROUNDUP(Assumptions!$C$9/30,0)),C12,0),IF(19<MAX(1,ROUNDUP(Assumptions!$C$9/30,0)),D12,0),IF(18<MAX(1,ROUNDUP(Assumptions!$C$9/30,0)),E12,0),IF(17<MAX(1,ROUNDUP(Assumptions!$C$9/30,0)),F12,0),IF(16<MAX(1,ROUNDUP(Assumptions!$C$9/30,0)),G12,0),IF(15<MAX(1,ROUNDUP(Assumptions!$C$9/30,0)),H12,0),IF(14<MAX(1,ROUNDUP(Assumptions!$C$9/30,0)),I12,0),IF(13<MAX(1,ROUNDUP(Assumptions!$C$9/30,0)),J12,0),IF(12<MAX(1,ROUNDUP(Assumptions!$C$9/30,0)),K12,0),IF(11<MAX(1,ROUNDUP(Assumptions!$C$9/30,0)),L12,0),IF(10<MAX(1,ROUNDUP(Assumptions!$C$9/30,0)),M12,0),IF(9<MAX(1,ROUNDUP(Assumptions!$C$9/30,0)),N12,0),IF(8<MAX(1,ROUNDUP(Assumptions!$C$9/30,0)),O12,0),IF(7<MAX(1,ROUNDUP(Assumptions!$C$9/30,0)),P12,0),IF(6<MAX(1,ROUNDUP(Assumptions!$C$9/30,0)),Q12,0),IF(5<MAX(1,ROUNDUP(Assumptions!$C$9/30,0)),R12,0),IF(4<MAX(1,ROUNDUP(Assumptions!$C$9/30,0)),S12,0),IF(3<MAX(1,ROUNDUP(Assumptions!$C$9/30,0)),T12,0),IF(2<MAX(1,ROUNDUP(Assumptions!$C$9/30,0)),U12,0),IF(1<MAX(1,ROUNDUP(Assumptions!$C$9/30,0)),V12,0),IF(0<MAX(1,ROUNDUP(Assumptions!$C$9/30,0)),W12,0)) -> 0 | X41: =SUM(IF(21<MAX(1,ROUNDUP(Assumptions!$C$9/30,0)),C12,0),IF(20<MAX(1,ROUNDUP(Assumptions!$C$9/30,0)),D12,0),IF(19<MAX(1,ROUNDUP(Assumptions!$C$9/30,0)),E12,0),IF(18<MAX(1,ROUNDUP(Assumptions!$C$9/30,0)),F12,0),IF(17<MAX(1,ROUNDUP(Assumptions!$C$9/30,0)),G12,0),IF(16<MAX(1,ROUNDUP(Assumptions!$C$9/30,0)),H12,0),IF(15<MAX(1,ROUNDUP(Assumptions!$C$9/30,0)),I12,0),IF(14<MAX(1,ROUNDUP(Assumptions!$C$9/30,0)),J12,0),IF(13<MAX(1,ROUNDUP(Assumptions!$C$9/30,0)),K12,0),IF(12<MAX(1,ROUNDUP(Assumptions!$C$9/30,0)),L12,0),IF(11<MAX(1,ROUNDUP(Assumptions!$C$9/30,0)),M12,0),IF(10<MAX(1,ROUNDUP(Assumptions!$C$9/30,0)),N12,0),IF(9<MAX(1,ROUNDUP(Assumptions!$C$9/30,0)),O12,0),IF(8<MAX(1,ROUNDUP(Assumptions!$C$9/30,0)),P12,0),IF(7<MAX(1,ROUNDUP(Assumptions!$C$9/30,0)),Q12,0),IF(6<MAX(1,ROUNDUP(Assumptions!$C$9/30,0)),R12,0),IF(5<MAX(1,ROUNDUP(Assumptions!$C$9/30,0)),S12,0),IF(4<MAX(1,ROUNDUP(Assumptions!$C$9/30,0)),T12,0),IF(3<MAX(1,ROUNDUP(Assumptions!$C$9/30,0)),U12,0),IF(2<MAX(1,ROUNDUP(Assumptions!$C$9/30,0)),V12,0),IF(1<MAX(1,ROUNDUP(Assumptions!$C$9/30,0)),W12,0),IF(0<MAX(1,ROUNDUP(Assumptions!$C$9/30,0)),X12,0)) -> 0 | Y41: =SUM(IF(22<MAX(1,ROUNDUP(Assumptions!$C$9/30,0)),C12,0),IF(21<MAX(1,ROUNDUP(Assumptions!$C$9/30,0)),D12,0),IF(20<MAX(1,ROUNDUP(Assumptions!$C$9/30,0)),E12,0),IF(19<MAX(1,ROUNDUP(Assumptions!$C$9/30,0)),F12,0),IF(18<MAX(1,ROUNDUP(Assumptions!$C$9/30,0)),G12,0),IF(17<MAX(1,ROUNDUP(Assumptions!$C$9/30,0)),H12,0),IF(16<MAX(1,ROUNDUP(Assumptions!$C$9/30,0)),I12,0),IF(15<MAX(1,ROUNDUP(Assumptions!$C$9/30,0)),J12,0),IF(14<MAX(1,ROUNDUP(Assumptions!$C$9/30,0)),K12,0),IF(13<MAX(1,ROUNDUP(Assumptions!$C$9/30,0)),L12,0),IF(12<MAX(1,ROUNDUP(Assumptions!$C$9/30,0)),M12,0),IF(11<MAX(1,ROUNDUP(Assumptions!$C$9/30,0)),N12,0),IF(10<MAX(1,ROUNDUP(Assumptions!$C$9/30,0)),O12,0),IF(9<MAX(1,ROUNDUP(Assumptions!$C$9/30,0)),P12,0),IF(8<MAX(1,ROUNDUP(Assumptions!$C$9/30,0)),Q12,0),IF(7<MAX(1,ROUNDUP(Assumptions!$C$9/30,0)),R12,0),IF(6<MAX(1,ROUNDUP(Assumptions!$C$9/30,0)),S12,0),IF(5<MAX(1,ROUNDUP(Assumptions!$C$9/30,0)),T12,0),IF(4<MAX(1,ROUNDUP(Assumptions!$C$9/30,0)),U12,0),IF(3<MAX(1,ROUNDUP(Assumptions!$C$9/30,0)),V12,0),IF(2<MAX(1,ROUNDUP(Assumptions!$C$9/30,0)),W12,0),IF(1<MAX(1,ROUNDUP(Assumptions!$C$9/30,0)),X12,0),IF(0<MAX(1,ROUNDUP(Assumptions!$C$9/30,0)),Y12,0)) -> 0 | Z41: =SUM(IF(23<MAX(1,ROUNDUP(Assumptions!$C$9/30,0)),C12,0),IF(22<MAX(1,ROUNDUP(Assumptions!$C$9/30,0)),D12,0),IF(21<MAX(1,ROUNDUP(Assumptions!$C$9/30,0)),E12,0),IF(20<MAX(1,ROUNDUP(Assumptions!$C$9/30,0)),F12,0),IF(19<MAX(1,ROUNDUP(Assumptions!$C$9/30,0)),G12,0),IF(18<MAX(1,ROUNDUP(Assumptions!$C$9/30,0)),H12,0),IF(17<MAX(1,ROUNDUP(Assumptions!$C$9/30,0)),I12,0),IF(16<MAX(1,ROUNDUP(Assumptions!$C$9/30,0)),J12,0),IF(15<MAX(1,ROUNDUP(Assumptions!$C$9/30,0)),K12,0),IF(14<MAX(1,ROUNDUP(Assumptions!$C$9/30,0)),L12,0),IF(13<MAX(1,ROUNDUP(Assumptions!$C$9/30,0)),M12,0),IF(12<MAX(1,ROUNDUP(Assumptions!$C$9/30,0)),N12,0),IF(11<MAX(1,ROUNDUP(Assumptions!$C$9/30,0)),O12,0),IF(10<MAX(1,ROUNDUP(Assumptions!$C$9/30,0)),P12,0),IF(9<MAX(1,ROUNDUP(Assumptions!$C$9/30,0)),Q12,0),IF(8<MAX(1,ROUNDUP(Assumptions!$C$9/30,0)),R12,0),IF(7<MAX(1,ROUNDUP(Assumptions!$C$9/30,0)),S12,0),IF(6<MAX(1,ROUNDUP(Assumptions!$C$9/30,0)),T12,0),IF(5<MAX(1,ROUNDUP(Assumptions!$C$9/30,0)),U12,0),IF(4<MAX(1,ROUNDUP(Assumptions!$C$9/30,0)),V12,0),IF(3<MAX(1,ROUNDUP(Assumptions!$C$9/30,0)),W12,0),IF(2<MAX(1,ROUNDUP(Assumptions!$C$9/30,0)),X12,0),IF(1<MAX(1,ROUNDUP(Assumptions!$C$9/30,0)),Y12,0),IF(0<MAX(1,ROUNDUP(Assumptions!$C$9/30,0)),Z12,0)) -> 0
A42: 사전예약 첫달 무료 활성 | B42: 명 | C42: =IF(0<Assumptions!$C$12,$C$8,0) -> 10.5 | D42: =IF(1<Assumptions!$C$12,$C$8,0) -> 0 | E42: =IF(2<Assumptions!$C$12,$C$8,0) -> 0 | F42: =IF(3<Assumptions!$C$12,$C$8,0) -> 0 | G42: =IF(4<Assumptions!$C$12,$C$8,0) -> 0 | H42: =IF(5<Assumptions!$C$12,$C$8,0) -> 0 | I42: =IF(6<Assumptions!$C$12,$C$8,0) -> 0 | J42: =IF(7<Assumptions!$C$12,$C$8,0) -> 0 | K42: =IF(8<Assumptions!$C$12,$C$8,0) -> 0 | L42: =IF(9<Assumptions!$C$12,$C$8,0) -> 0 | M42: =IF(10<Assumptions!$C$12,$C$8,0) -> 0 | N42: =IF(11<Assumptions!$C$12,$C$8,0) -> 0 | O42: =IF(12<Assumptions!$C$12,$C$8,0) -> 0 | P42: =IF(13<Assumptions!$C$12,$C$8,0) -> 0 | Q42: =IF(14<Assumptions!$C$12,$C$8,0) -> 0 | R42: =IF(15<Assumptions!$C$12,$C$8,0) -> 0 | S42: =IF(16<Assumptions!$C$12,$C$8,0) -> 0 | T42: =IF(17<Assumptions!$C$12,$C$8,0) -> 0 | U42: =IF(18<Assumptions!$C$12,$C$8,0) -> 0 | V42: =IF(19<Assumptions!$C$12,$C$8,0) -> 0 | W42: =IF(20<Assumptions!$C$12,$C$8,0) -> 0 | X42: =IF(21<Assumptions!$C$12,$C$8,0) -> 0 | Y42: =IF(22<Assumptions!$C$12,$C$8,0) -> 0 | Z42: =IF(23<Assumptions!$C$12,$C$8,0) -> 0
A43: 추천 2건 달성 · 무료월 획득 | B43: 명 | C43: =C10*(Assumptions!$C$22*Assumptions!$C$23)^Assumptions!$C$11 -> 0.09261 | D43: =D10*(Assumptions!$C$22*Assumptions!$C$23)^Assumptions!$C$11 -> 0.00777924 | E43: =E10*(Assumptions!$C$22*Assumptions!$C$23)^Assumptions!$C$11 -> 0 | F43: =F10*(Assumptions!$C$22*Assumptions!$C$23)^Assumptions!$C$11 -> 0 | G43: =G10*(Assumptions!$C$22*Assumptions!$C$23)^Assumptions!$C$11 -> 0 | H43: =H10*(Assumptions!$C$22*Assumptions!$C$23)^Assumptions!$C$11 -> 0 | I43: =I10*(Assumptions!$C$22*Assumptions!$C$23)^Assumptions!$C$11 -> 0 | J43: =J10*(Assumptions!$C$22*Assumptions!$C$23)^Assumptions!$C$11 -> 0 | ... Z43: =Z10*(Assumptions!$C$22*Assumptions!$C$23)^Assumptions!$C$11 -> 0
A44: 추천 무료월 사용 | B44: 명 | C44: =0 -> 0 | D44: =MIN(SUM(IF(1<=Assumptions!$C$13,C43,0))*Assumptions!$C$36,D34) -> 0.064827 | E44: =MIN(SUM(IF(2<=Assumptions!$C$13,C43,0),IF(1<=Assumptions!$C$13,D43,0))*Assumptions!$C$36,E34) -> 0.005445468 | F44: =MIN(SUM(IF(3<=Assumptions!$C$13,C43,0),IF(2<=Assumptions!$C$13,D43,0),IF(1<=Assumptions!$C$13,E43,0))*Assumptions!$C$36,F34) -> 0 | G44: =MIN(SUM(IF(4<=Assumptions!$C$13,C43,0),IF(3<=Assumptions!$C$13,D43,0),IF(2<=Assumptions!$C$13,E43,0),IF(1<=Assumptions!$C$13,F43,0))*Assumptions!$C$36,G34) -> 0 | H44: =MIN(SUM(IF(5<=Assumptions!$C$13,C43,0),IF(4<=Assumptions!$C$13,D43,0),IF(3<=Assumptions!$C$13,E43,0),IF(2<=Assumptions!$C$13,F43,0),IF(1<=Assumptions!$C$13,G43,0))*Assumptions!$C$36,H34) -> 0 | I44: =MIN(SUM(IF(6<=Assumptions!$C$13,C43,0),IF(5<=Assumptions!$C$13,D43,0),IF(4<=Assumptions!$C$13,E43,0),IF(3<=Assumptions!$C$13,F43,0),IF(2<=Assumptions!$C$13,G43,0),IF(1<=Assumptions!$C$13,H43,0))*Assumptions!$C$36,I34) -> 0 | J44: =MIN(SUM(IF(7<=Assumptions!$C$13,C43,0),IF(6<=Assumptions!$C$13,D43,0),IF(5<=Assumptions!$C$13,E43,0),IF(4<=Assumptions!$C$13,F43,0),IF(3<=Assumptions!$C$13,G43,0),IF(2<=Assumptions!$C$13,H43,0),IF(1<=Assumptions!$C$13,I43,0))*Assumptions!$C$36,J34) -> 0 | K44: =MIN(SUM(IF(8<=Assumptions!$C$13,C43,0),IF(7<=Assumptions!$C$13,D43,0),IF(6<=Assumptions!$C$13,E43,0),IF(5<=Assumptions!$C$13,F43,0),IF(4<=Assumptions!$C$13,G43,0),IF(3<=Assumptions!$C$13,H43,0),IF(2<=Assumptions!$C$13,I43,0),IF(1<=Assumptions!$C$13,J43,0))*Assumptions!$C$36,K34) -> 0 | L44: =MIN(SUM(IF(9<=Assumptions!$C$13,C43,0),IF(8<=Assumptions!$C$13,D43,0),IF(7<=Assumptions!$C$13,E43,0),IF(6<=Assumptions!$C$13,F43,0),IF(5<=Assumptions!$C$13,G43,0),IF(4<=Assumptions!$C$13,H43,0),IF(3<=Assumptions!$C$13,I43,0),IF(2<=Assumptions!$C$13,J43,0),IF(1<=Assumptions!$C$13,K43,0))*Assumptions!$C$36,L34) -> 0 | M44: =MIN(SUM(IF(10<=Assumptions!$C$13,C43,0),IF(9<=Assumptions!$C$13,D43,0),IF(8<=Assumptions!$C$13,E43,0),IF(7<=Assumptions!$C$13,F43,0),IF(6<=Assumptions!$C$13,G43,0),IF(5<=Assumptions!$C$13,H43,0),IF(4<=Assumptions!$C$13,I43,0),IF(3<=Assumptions!$C$13,J43,0),IF(2<=Assumptions!$C$13,K43,0),IF(1<=Assumptions!$C$13,L43,0))*Assumptions!$C$36,M34) -> 0 | N44: =MIN(SUM(IF(11<=Assumptions!$C$13,C43,0),IF(10<=Assumptions!$C$13,D43,0),IF(9<=Assumptions!$C$13,E43,0),IF(8<=Assumptions!$C$13,F43,0),IF(7<=Assumptions!$C$13,G43,0),IF(6<=Assumptions!$C$13,H43,0),IF(5<=Assumptions!$C$13,I43,0),IF(4<=Assumptions!$C$13,J43,0),IF(3<=Assumptions!$C$13,K43,0),IF(2<=Assumptions!$C$13,L43,0),IF(1<=Assumptions!$C$13,M43,0))*Assumptions!$C$36,N34) -> 0 | O44: =MIN(SUM(IF(12<=Assumptions!$C$13,C43,0),IF(11<=Assumptions!$C$13,D43,0),IF(10<=Assumptions!$C$13,E43,0),IF(9<=Assumptions!$C$13,F43,0),IF(8<=Assumptions!$C$13,G43,0),IF(7<=Assumptions!$C$13,H43,0),IF(6<=Assumptions!$C$13,I43,0),IF(5<=Assumptions!$C$13,J43,0),IF(4<=Assumptions!$C$13,K43,0),IF(3<=Assumptions!$C$13,L43,0),IF(2<=Assumptions!$C$13,M43,0),IF(1<=Assumptions!$C$13,N43,0))*Assumptions!$C$36,O34) -> 0 | P44: =MIN(SUM(IF(13<=Assumptions!$C$13,C43,0),IF(12<=Assumptions!$C$13,D43,0),IF(11<=Assumptions!$C$13,E43,0),IF(10<=Assumptions!$C$13,F43,0),IF(9<=Assumptions!$C$13,G43,0),IF(8<=Assumptions!$C$13,H43,0),IF(7<=Assumptions!$C$13,I43,0),IF(6<=Assumptions!$C$13,J43,0),IF(5<=Assumptions!$C$13,K43,0),IF(4<=Assumptions!$C$13,L43,0),IF(3<=Assumptions!$C$13,M43,0),IF(2<=Assumptions!$C$13,N43,0),IF(1<=Assumptions!$C$13,O43,0))*Assumptions!$C$36,P34) -> 0 | Q44: =MIN(SUM(IF(14<=Assumptions!$C$13,C43,0),IF(13<=Assumptions!$C$13,D43,0),IF(12<=Assumptions!$C$13,E43,0),IF(11<=Assumptions!$C$13,F43,0),IF(10<=Assumptions!$C$13,G43,0),IF(9<=Assumptions!$C$13,H43,0),IF(8<=Assumptions!$C$13,I43,0),IF(7<=Assumptions!$C$13,J43,0),IF(6<=Assumptions!$C$13,K43,0),IF(5<=Assumptions!$C$13,L43,0),IF(4<=Assumptions!$C$13,M43,0),IF(3<=Assumptions!$C$13,N43,0),IF(2<=Assumptions!$C$13,O43,0),IF(1<=Assumptions!$C$13,P43,0))*Assumptions!$C$36,Q34) -> 0 | R44: =MIN(SUM(IF(15<=Assumptions!$C$13,C43,0),IF(14<=Assumptions!$C$13,D43,0),IF(13<=Assumptions!$C$13,E43,0),IF(12<=Assumptions!$C$13,F43,0),IF(11<=Assumptions!$C$13,G43,0),IF(10<=Assumptions!$C$13,H43,0),IF(9<=Assumptions!$C$13,I43,0),IF(8<=Assumptions!$C$13,J43,0),IF(7<=Assumptions!$C$13,K43,0),IF(6<=Assumptions!$C$13,L43,0),IF(5<=Assumptions!$C$13,M43,0),IF(4<=Assumptions!$C$13,N43,0),IF(3<=Assumptions!$C$13,O43,0),IF(2<=Assumptions!$C$13,P43,0),IF(1<=Assumptions!$C$13,Q43,0))*Assumptions!$C$36,R34) -> 0 | S44: =MIN(SUM(IF(16<=Assumptions!$C$13,C43,0),IF(15<=Assumptions!$C$13,D43,0),IF(14<=Assumptions!$C$13,E43,0),IF(13<=Assumptions!$C$13,F43,0),IF(12<=Assumptions!$C$13,G43,0),IF(11<=Assumptions!$C$13,H43,0),IF(10<=Assumptions!$C$13,I43,0),IF(9<=Assumptions!$C$13,J43,0),IF(8<=Assumptions!$C$13,K43,0),IF(7<=Assumptions!$C$13,L43,0),IF(6<=Assumptions!$C$13,M43,0),IF(5<=Assumptions!$C$13,N43,0),IF(4<=Assumptions!$C$13,O43,0),IF(3<=Assumptions!$C$13,P43,0),IF(2<=Assumptions!$C$13,Q43,0),IF(1<=Assumptions!$C$13,R43,0))*Assumptions!$C$36,S34) -> 0 | T44: =MIN(SUM(IF(17<=Assumptions!$C$13,C43,0),IF(16<=Assumptions!$C$13,D43,0),IF(15<=Assumptions!$C$13,E43,0),IF(14<=Assumptions!$C$13,F43,0),IF(13<=Assumptions!$C$13,G43,0),IF(12<=Assumptions!$C$13,H43,0),IF(11<=Assumptions!$C$13,I43,0),IF(10<=Assumptions!$C$13,J43,0),IF(9<=Assumptions!$C$13,K43,0),IF(8<=Assumptions!$C$13,L43,0),IF(7<=Assumptions!$C$13,M43,0),IF(6<=Assumptions!$C$13,N43,0),IF(5<=Assumptions!$C$13,O43,0),IF(4<=Assumptions!$C$13,P43,0),IF(3<=Assumptions!$C$13,Q43,0),IF(2<=Assumptions!$C$13,R43,0),IF(1<=Assumptions!$C$13,S43,0))*Assumptions!$C$36,T34) -> 0 | U44: =MIN(SUM(IF(18<=Assumptions!$C$13,C43,0),IF(17<=Assumptions!$C$13,D43,0),IF(16<=Assumptions!$C$13,E43,0),IF(15<=Assumptions!$C$13,F43,0),IF(14<=Assumptions!$C$13,G43,0),IF(13<=Assumptions!$C$13,H43,0),IF(12<=Assumptions!$C$13,I43,0),IF(11<=Assumptions!$C$13,J43,0),IF(10<=Assumptions!$C$13,K43,0),IF(9<=Assumptions!$C$13,L43,0),IF(8<=Assumptions!$C$13,M43,0),IF(7<=Assumptions!$C$13,N43,0),IF(6<=Assumptions!$C$13,O43,0),IF(5<=Assumptions!$C$13,P43,0),IF(4<=Assumptions!$C$13,Q43,0),IF(3<=Assumptions!$C$13,R43,0),IF(2<=Assumptions!$C$13,S43,0),IF(1<=Assumptions!$C$13,T43,0))*Assumptions!$C$36,U34) -> 0 | V44: =MIN(SUM(IF(19<=Assumptions!$C$13,C43,0),IF(18<=Assumptions!$C$13,D43,0),IF(17<=Assumptions!$C$13,E43,0),IF(16<=Assumptions!$C$13,F43,0),IF(15<=Assumptions!$C$13,G43,0),IF(14<=Assumptions!$C$13,H43,0),IF(13<=Assumptions!$C$13,I43,0),IF(12<=Assumptions!$C$13,J43,0),IF(11<=Assumptions!$C$13,K43,0),IF(10<=Assumptions!$C$13,L43,0),IF(9<=Assumptions!$C$13,M43,0),IF(8<=Assumptions!$C$13,N43,0),IF(7<=Assumptions!$C$13,O43,0),IF(6<=Assumptions!$C$13,P43,0),IF(5<=Assumptions!$C$13,Q43,0),IF(4<=Assumptions!$C$13,R43,0),IF(3<=Assumptions!$C$13,S43,0),IF(2<=Assumptions!$C$13,T43,0),IF(1<=Assumptions!$C$13,U43,0))*Assumptions!$C$36,V34) -> 0 | W44: =MIN(SUM(IF(20<=Assumptions!$C$13,C43,0),IF(19<=Assumptions!$C$13,D43,0),IF(18<=Assumptions!$C$13,E43,0),IF(17<=Assumptions!$C$13,F43,0),IF(16<=Assumptions!$C$13,G43,0),IF(15<=Assumptions!$C$13,H43,0),IF(14<=Assumptions!$C$13,I43,0),IF(13<=Assumptions!$C$13,J43,0),IF(12<=Assumptions!$C$13,K43,0),IF(11<=Assumptions!$C$13,L43,0),IF(10<=Assumptions!$C$13,M43,0),IF(9<=Assumptions!$C$13,N43,0),IF(8<=Assumptions!$C$13,O43,0),IF(7<=Assumptions!$C$13,P43,0),IF(6<=Assumptions!$C$13,Q43,0),IF(5<=Assumptions!$C$13,R43,0),IF(4<=Assumptions!$C$13,S43,0),IF(3<=Assumptions!$C$13,T43,0),IF(2<=Assumptions!$C$13,U43,0),IF(1<=Assumptions!$C$13,V43,0))*Assumptions!$C$36,W34) -> 0 | X44: =MIN(SUM(IF(21<=Assumptions!$C$13,C43,0),IF(20<=Assumptions!$C$13,D43,0),IF(19<=Assumptions!$C$13,E43,0),IF(18<=Assumptions!$C$13,F43,0),IF(17<=Assumptions!$C$13,G43,0),IF(16<=Assumptions!$C$13,H43,0),IF(15<=Assumptions!$C$13,I43,0),IF(14<=Assumptions!$C$13,J43,0),IF(13<=Assumptions!$C$13,K43,0),IF(12<=Assumptions!$C$13,L43,0),IF(11<=Assumptions!$C$13,M43,0),IF(10<=Assumptions!$C$13,N43,0),IF(9<=Assumptions!$C$13,O43,0),IF(8<=Assumptions!$C$13,P43,0),IF(7<=Assumptions!$C$13,Q43,0),IF(6<=Assumptions!$C$13,R43,0),IF(5<=Assumptions!$C$13,S43,0),IF(4<=Assumptions!$C$13,T43,0),IF(3<=Assumptions!$C$13,U43,0),IF(2<=Assumptions!$C$13,V43,0),IF(1<=Assumptions!$C$13,W43,0))*Assumptions!$C$36,X34) -> 0 | Y44: =MIN(SUM(IF(22<=Assumptions!$C$13,C43,0),IF(21<=Assumptions!$C$13,D43,0),IF(20<=Assumptions!$C$13,E43,0),IF(19<=Assumptions!$C$13,F43,0),IF(18<=Assumptions!$C$13,G43,0),IF(17<=Assumptions!$C$13,H43,0),IF(16<=Assumptions!$C$13,I43,0),IF(15<=Assumptions!$C$13,J43,0),IF(14<=Assumptions!$C$13,K43,0),IF(13<=Assumptions!$C$13,L43,0),IF(12<=Assumptions!$C$13,M43,0),IF(11<=Assumptions!$C$13,N43,0),IF(10<=Assumptions!$C$13,O43,0),IF(9<=Assumptions!$C$13,P43,0),IF(8<=Assumptions!$C$13,Q43,0),IF(7<=Assumptions!$C$13,R43,0),IF(6<=Assumptions!$C$13,S43,0),IF(5<=Assumptions!$C$13,T43,0),IF(4<=Assumptions!$C$13,U43,0),IF(3<=Assumptions!$C$13,V43,0),IF(2<=Assumptions!$C$13,W43,0),IF(1<=Assumptions!$C$13,X43,0))*Assumptions!$C$36,Y34) -> 0 | Z44: =MIN(SUM(IF(23<=Assumptions!$C$13,C43,0),IF(22<=Assumptions!$C$13,D43,0),IF(21<=Assumptions!$C$13,E43,0),IF(20<=Assumptions!$C$13,F43,0),IF(19<=Assumptions!$C$13,G43,0),IF(18<=Assumptions!$C$13,H43,0),IF(17<=Assumptions!$C$13,I43,0),IF(16<=Assumptions!$C$13,J43,0),IF(15<=Assumptions!$C$13,K43,0),IF(14<=Assumptions!$C$13,L43,0),IF(13<=Assumptions!$C$13,M43,0),IF(12<=Assumptions!$C$13,N43,0),IF(11<=Assumptions!$C$13,O43,0),IF(10<=Assumptions!$C$13,P43,0),IF(9<=Assumptions!$C$13,Q43,0),IF(8<=Assumptions!$C$13,R43,0),IF(7<=Assumptions!$C$13,S43,0),IF(6<=Assumptions!$C$13,T43,0),IF(5<=Assumptions!$C$13,U43,0),IF(4<=Assumptions!$C$13,V43,0),IF(3<=Assumptions!$C$13,W43,0),IF(2<=Assumptions!$C$13,X43,0),IF(1<=Assumptions!$C$13,Y43,0))*Assumptions!$C$36,Z34) -> 0
A46: 매출
A47: 유료 서비스 정가 총액 (VAT 포함) | B47: 원 | C47: =C31*Assumptions!$C$6+C32*Assumptions!$C$7+C33*Assumptions!$C$8+C42*(Assumptions!$C$6*Assumptions!$C$33+Assumptions!$C$7*Assumptions!$C$34+Assumptions!$C$8*Assumptions!$C$35) -> 273172.5 | D47: =D31*Assumptions!$C$6+D32*Assumptions!$C$7+D33*Assumptions!$C$8+D42*(Assumptions!$C$6*Assumptions!$C$33+Assumptions!$C$7*Assumptions!$C$34+Assumptions!$C$8*Assumptions!$C$35) -> 210008.95 | E47: =E31*Assumptions!$C$6+E32*Assumptions!$C$7+E33*Assumptions!$C$8+E42*(Assumptions!$C$6*Assumptions!$C$33+Assumptions!$C$7*Assumptions!$C$34+Assumptions!$C$8*Assumptions!$C$35) -> 263870.43 | F47: =F31*Assumptions!$C$6+F32*Assumptions!$C$7+F33*Assumptions!$C$8+F42*(Assumptions!$C$6*Assumptions!$C$33+Assumptions!$C$7*Assumptions!$C$34+Assumptions!$C$8*Assumptions!$C$35) -> 317256.35 | G47: =G31*Assumptions!$C$6+G32*Assumptions!$C$7+G33*Assumptions!$C$8+G42*(Assumptions!$C$6*Assumptions!$C$33+Assumptions!$C$7*Assumptions!$C$34+Assumptions!$C$8*Assumptions!$C$35) -> 370739.25 | H47: =H31*Assumptions!$C$6+H32*Assumptions!$C$7+H33*Assumptions!$C$8+H42*(Assumptions!$C$6*Assumptions!$C$33+Assumptions!$C$7*Assumptions!$C$34+Assumptions!$C$8*Assumptions!$C$35) -> 424488.61 | I47: =I31*Assumptions!$C$6+I32*Assumptions!$C$7+I33*Assumptions!$C$8+I42*(Assumptions!$C$6*Assumptions!$C$33+Assumptions!$C$7*Assumptions!$C$34+Assumptions!$C$8*Assumptions!$C$35) -> 478671.84 | J47: =J31*Assumptions!$C$6+J32*Assumptions!$C$7+J33*Assumptions!$C$8+J42*(Assumptions!$C$6*Assumptions!$C$33+Assumptions!$C$7*Assumptions!$C$34+Assumptions!$C$8*Assumptions!$C$35) -> 533454.88 | ... Z47: =Z31*Assumptions!$C$6+Z32*Assumptions!$C$7+Z33*Assumptions!$C$8+Z42*(Assumptions!$C$6*Assumptions!$C$33+Assumptions!$C$7*Assumptions!$C$34+Assumptions!$C$8*Assumptions!$C$35) -> 1629457
A48: 사전예약 첫달 할인 (VAT 포함) | B48: 원 | C48: =C42*(Assumptions!$C$6*Assumptions!$C$33+Assumptions!$C$7*Assumptions!$C$34+Assumptions!$C$8*Assumptions!$C$35) -> 212467.5 | D48: =D42*(Assumptions!$C$6*Assumptions!$C$33+Assumptions!$C$7*Assumptions!$C$34+Assumptions!$C$8*Assumptions!$C$35) -> 0 | E48: =E42*(Assumptions!$C$6*Assumptions!$C$33+Assumptions!$C$7*Assumptions!$C$34+Assumptions!$C$8*Assumptions!$C$35) -> 0 | F48: =F42*(Assumptions!$C$6*Assumptions!$C$33+Assumptions!$C$7*Assumptions!$C$34+Assumptions!$C$8*Assumptions!$C$35) -> 0 | G48: =G42*(Assumptions!$C$6*Assumptions!$C$33+Assumptions!$C$7*Assumptions!$C$34+Assumptions!$C$8*Assumptions!$C$35) -> 0 | H48: =H42*(Assumptions!$C$6*Assumptions!$C$33+Assumptions!$C$7*Assumptions!$C$34+Assumptions!$C$8*Assumptions!$C$35) -> 0 | I48: =I42*(Assumptions!$C$6*Assumptions!$C$33+Assumptions!$C$7*Assumptions!$C$34+Assumptions!$C$8*Assumptions!$C$35) -> 0 | J48: =J42*(Assumptions!$C$6*Assumptions!$C$33+Assumptions!$C$7*Assumptions!$C$34+Assumptions!$C$8*Assumptions!$C$35) -> 0 | ... Z48: =Z42*(Assumptions!$C$6*Assumptions!$C$33+Assumptions!$C$7*Assumptions!$C$34+Assumptions!$C$8*Assumptions!$C$35) -> 0
A49: 추천 무료월 할인 (VAT 포함) | B49: 원 | C49: =MIN(C44*(Assumptions!$C$6*Assumptions!$C$33+Assumptions!$C$7*Assumptions!$C$34+Assumptions!$C$8*Assumptions!$C$35),C47-C48) -> 0 | D49: =MIN(D44*(Assumptions!$C$6*Assumptions!$C$33+Assumptions!$C$7*Assumptions!$C$34+Assumptions!$C$8*Assumptions!$C$35),D47-D48) -> 1311.7743 | E49: =MIN(E44*(Assumptions!$C$6*Assumptions!$C$33+Assumptions!$C$7*Assumptions!$C$34+Assumptions!$C$8*Assumptions!$C$35),E47-E48) -> 110.18904 | F49: =MIN(F44*(Assumptions!$C$6*Assumptions!$C$33+Assumptions!$C$7*Assumptions!$C$34+Assumptions!$C$8*Assumptions!$C$35),F47-F48) -> 0 | G49: =MIN(G44*(Assumptions!$C$6*Assumptions!$C$33+Assumptions!$C$7*Assumptions!$C$34+Assumptions!$C$8*Assumptions!$C$35),G47-G48) -> 0 | H49: =MIN(H44*(Assumptions!$C$6*Assumptions!$C$33+Assumptions!$C$7*Assumptions!$C$34+Assumptions!$C$8*Assumptions!$C$35),H47-H48) -> 0 | I49: =MIN(I44*(Assumptions!$C$6*Assumptions!$C$33+Assumptions!$C$7*Assumptions!$C$34+Assumptions!$C$8*Assumptions!$C$35),I47-I48) -> 0 | J49: =MIN(J44*(Assumptions!$C$6*Assumptions!$C$33+Assumptions!$C$7*Assumptions!$C$34+Assumptions!$C$8*Assumptions!$C$35),J47-J48) -> 0 | ... Z49: =MIN(Z44*(Assumptions!$C$6*Assumptions!$C$33+Assumptions!$C$7*Assumptions!$C$34+Assumptions!$C$8*Assumptions!$C$35),Z47-Z48) -> 0
A50: 고객 결제액 (VAT 포함) | B50: 원 | C50: =C47-C48-C49 -> 60705 | D50: =D47-D48-D49 -> 208697.17 | E50: =E47-E48-E49 -> 263760.24 | F50: =F47-F48-F49 -> 317256.35 | G50: =G47-G48-G49 -> 370739.25 | H50: =H47-H48-H49 -> 424488.61 | I50: =I47-I48-I49 -> 478671.84 | J50: =J47-J48-J49 -> 533454.88 | ... Z50: =Z47-Z48-Z49 -> 1629457
A51: 매출 부가세 분리 | B51: 원 | C51: =C50*Assumptions!$C$70/(1+Assumptions!$C$70) -> 5518.6364 | D51: =D50*Assumptions!$C$70/(1+Assumptions!$C$70) -> 18972.47 | E51: =E50*Assumptions!$C$70/(1+Assumptions!$C$70) -> 23978.204 | F51: =F50*Assumptions!$C$70/(1+Assumptions!$C$70) -> 28841.486 | G51: =G50*Assumptions!$C$70/(1+Assumptions!$C$70) -> 33703.568 | H51: =H50*Assumptions!$C$70/(1+Assumptions!$C$70) -> 38589.874 | I51: =I50*Assumptions!$C$70/(1+Assumptions!$C$70) -> 43515.622 | J51: =J50*Assumptions!$C$70/(1+Assumptions!$C$70) -> 48495.898 | ... Z51: =Z50*Assumptions!$C$70/(1+Assumptions!$C$70) -> 148132.46
A52: 순매출 (VAT 제외) | B52: 원 | C52: =C50-C51 -> 55186.364 | D52: =D50-D51 -> 189724.7 | E52: =E50-E51 -> 239782.04 | F52: =F50-F51 -> 288414.86 | G52: =G50-G51 -> 337035.68 | H52: =H50-H51 -> 385898.74 | I52: =I50-I51 -> 435156.22 | J52: =J50-J51 -> 484958.98 | ... Z52: =Z50-Z51 -> 1481324.6
A53: 실제 결제 고객 수 | B53: 원 | C53: =MAX(0,C34-C44) -> 3 | D53: =MAX(0,D34-D44) -> 10.313673 | E53: =MAX(0,E34-E44) -> 13.034853 | F53: =MAX(0,F34-F44) -> 15.678594 | G53: =MAX(0,G34-G44) -> 18.321683 | H53: =MAX(0,H34-H44) -> 20.97794 | I53: =MAX(0,I34-I44) -> 23.655638 | J53: =MAX(0,J34-J44) -> 26.362979 | ... Z53: =MAX(0,Z34-Z44) -> 80.526663
A55: 사용량 · 원가 · 손익
A56: 유료 고객 강의 이용량 | B56: 분 | C56: =C31*MIN(Assumptions!$C$38,Assumptions!$C$100)+C32*MIN(Assumptions!$C$39,Assumptions!$C$100)+C33*MIN(Assumptions!$C$40,Assumptions!$C$101) -> 690 | D56: =D31*MIN(Assumptions!$C$38,Assumptions!$C$100)+D32*MIN(Assumptions!$C$39,Assumptions!$C$100)+D33*MIN(Assumptions!$C$40,Assumptions!$C$101) -> 2387.055 | E56: =E31*MIN(Assumptions!$C$38,Assumptions!$C$100)+E32*MIN(Assumptions!$C$39,Assumptions!$C$100)+E33*MIN(Assumptions!$C$40,Assumptions!$C$101) -> 2999.2685 | F56: =F31*MIN(Assumptions!$C$38,Assumptions!$C$100)+F32*MIN(Assumptions!$C$39,Assumptions!$C$100)+F33*MIN(Assumptions!$C$40,Assumptions!$C$101) -> 3606.0766 | G56: =G31*MIN(Assumptions!$C$38,Assumptions!$C$100)+G32*MIN(Assumptions!$C$39,Assumptions!$C$100)+G33*MIN(Assumptions!$C$40,Assumptions!$C$101) -> 4213.987 | H56: =H31*MIN(Assumptions!$C$38,Assumptions!$C$100)+H32*MIN(Assumptions!$C$39,Assumptions!$C$100)+H33*MIN(Assumptions!$C$40,Assumptions!$C$101) -> 4824.9261 | I56: =I31*MIN(Assumptions!$C$38,Assumptions!$C$100)+I32*MIN(Assumptions!$C$39,Assumptions!$C$100)+I33*MIN(Assumptions!$C$40,Assumptions!$C$101) -> 5440.7968 | J56: =J31*MIN(Assumptions!$C$38,Assumptions!$C$100)+J32*MIN(Assumptions!$C$39,Assumptions!$C$100)+J33*MIN(Assumptions!$C$40,Assumptions!$C$101) -> 6063.4851 | ... Z56: =Z31*MIN(Assumptions!$C$38,Assumptions!$C$100)+Z32*MIN(Assumptions!$C$39,Assumptions!$C$100)+Z33*MIN(Assumptions!$C$40,Assumptions!$C$101) -> 18521.132
A57: 피추천인 무료체험 강의량 | B57: 분 | C57: =C41*MIN(Assumptions!$C$41,Assumptions!$C$10)/MAX(1,ROUNDUP(Assumptions!$C$9/30,0)) -> 70.56 | D57: =D41*MIN(Assumptions!$C$41,Assumptions!$C$10)/MAX(1,ROUNDUP(Assumptions!$C$9/30,0)) -> 5.92704 | E57: =E41*MIN(Assumptions!$C$41,Assumptions!$C$10)/MAX(1,ROUNDUP(Assumptions!$C$9/30,0)) -> 0 | F57: =F41*MIN(Assumptions!$C$41,Assumptions!$C$10)/MAX(1,ROUNDUP(Assumptions!$C$9/30,0)) -> 0 | G57: =G41*MIN(Assumptions!$C$41,Assumptions!$C$10)/MAX(1,ROUNDUP(Assumptions!$C$9/30,0)) -> 0 | H57: =H41*MIN(Assumptions!$C$41,Assumptions!$C$10)/MAX(1,ROUNDUP(Assumptions!$C$9/30,0)) -> 0 | I57: =I41*MIN(Assumptions!$C$41,Assumptions!$C$10)/MAX(1,ROUNDUP(Assumptions!$C$9/30,0)) -> 0 | J57: =J41*MIN(Assumptions!$C$41,Assumptions!$C$10)/MAX(1,ROUNDUP(Assumptions!$C$9/30,0)) -> 0 | ... Z57: =Z41*MIN(Assumptions!$C$41,Assumptions!$C$10)/MAX(1,ROUNDUP(Assumptions!$C$9/30,0)) -> 0
A58: 사전예약 무료월 강의 이용량 | B58: 분 | C58: =C42*(MIN(Assumptions!$C$42,Assumptions!$C$100)*(Assumptions!$C$33+Assumptions!$C$34)+MIN(Assumptions!$C$42,Assumptions!$C$101)*Assumptions!$C$35) -> 2100 | D58: =D42*(MIN(Assumptions!$C$42,Assumptions!$C$100)*(Assumptions!$C$33+Assumptions!$C$34)+MIN(Assumptions!$C$42,Assumptions!$C$101)*Assumptions!$C$35) -> 0 | E58: =E42*(MIN(Assumptions!$C$42,Assumptions!$C$100)*(Assumptions!$C$33+Assumptions!$C$34)+MIN(Assumptions!$C$42,Assumptions!$C$101)*Assumptions!$C$35) -> 0 | F58: =F42*(MIN(Assumptions!$C$42,Assumptions!$C$100)*(Assumptions!$C$33+Assumptions!$C$34)+MIN(Assumptions!$C$42,Assumptions!$C$101)*Assumptions!$C$35) -> 0 | G58: =G42*(MIN(Assumptions!$C$42,Assumptions!$C$100)*(Assumptions!$C$33+Assumptions!$C$34)+MIN(Assumptions!$C$42,Assumptions!$C$101)*Assumptions!$C$35) -> 0 | H58: =H42*(MIN(Assumptions!$C$42,Assumptions!$C$100)*(Assumptions!$C$33+Assumptions!$C$34)+MIN(Assumptions!$C$42,Assumptions!$C$101)*Assumptions!$C$35) -> 0 | I58: =I42*(MIN(Assumptions!$C$42,Assumptions!$C$100)*(Assumptions!$C$33+Assumptions!$C$34)+MIN(Assumptions!$C$42,Assumptions!$C$101)*Assumptions!$C$35) -> 0 | J58: =J42*(MIN(Assumptions!$C$42,Assumptions!$C$100)*(Assumptions!$C$33+Assumptions!$C$34)+MIN(Assumptions!$C$42,Assumptions!$C$101)*Assumptions!$C$35) -> 0 | ... Z58: =Z42*(MIN(Assumptions!$C$42,Assumptions!$C$100)*(Assumptions!$C$33+Assumptions!$C$34)+MIN(Assumptions!$C$42,Assumptions!$C$101)*Assumptions!$C$35) -> 0
A59: Free 로컬 강의 이용량 | B59: 분 | C59: =C40*Assumptions!$C$43 -> 1312.68 | D59: =D40*Assumptions!$C$43 -> 2412.9271 | E59: =E40*Assumptions!$C$43 -> 2828.889 | F59: =F40*Assumptions!$C$43 -> 3176.0222 | G59: =G40*Assumptions!$C$43 -> 3481.0937 | H59: =H40*Assumptions!$C$43 -> 3759.6793 | I59: =I40*Assumptions!$C$43 -> 4022.8397 | J59: =J40*Assumptions!$C$43 -> 4278.4815 | ... Z59: =Z40*Assumptions!$C$43 -> 9656.6904
A60: 외부 AI 요약 강의량 | B60: 분 | C60: =SUM(C56:C58)*Assumptions!$C$44 -> 2860.56 | D60: =SUM(D56:D58)*Assumptions!$C$44 -> 2392.982 | E60: =SUM(E56:E58)*Assumptions!$C$44 -> 2999.2685 | F60: =SUM(F56:F58)*Assumptions!$C$44 -> 3606.0766 | G60: =SUM(G56:G58)*Assumptions!$C$44 -> 4213.987 | H60: =SUM(H56:H58)*Assumptions!$C$44 -> 4824.9261 | I60: =SUM(I56:I58)*Assumptions!$C$44 -> 5440.7968 | J60: =SUM(J56:J58)*Assumptions!$C$44 -> 6063.4851 | ... Z60: =SUM(Z56:Z58)*Assumptions!$C$44 -> 18521.132
A61: LLM 입력 토큰 | B61: 토큰 | C61: =C60*Assumptions!$C$45*Assumptions!$C$47 -> 1716336 | D61: =D60*Assumptions!$C$45*Assumptions!$C$47 -> 1435789.2 | E61: =E60*Assumptions!$C$45*Assumptions!$C$47 -> 1799561.1 | F61: =F60*Assumptions!$C$45*Assumptions!$C$47 -> 2163646 | G61: =G60*Assumptions!$C$45*Assumptions!$C$47 -> 2528392.2 | H61: =H60*Assumptions!$C$45*Assumptions!$C$47 -> 2894955.7 | I61: =I60*Assumptions!$C$45*Assumptions!$C$47 -> 3264478.1 | J61: =J60*Assumptions!$C$45*Assumptions!$C$47 -> 3638091.1 | ... Z61: =Z60*Assumptions!$C$45*Assumptions!$C$47 -> 11112679
A62: LLM 출력 토큰 | B62: 토큰 | C62: =C60*Assumptions!$C$46*Assumptions!$C$47 -> 343267.2 | D62: =D60*Assumptions!$C$46*Assumptions!$C$47 -> 287157.84 | E62: =E60*Assumptions!$C$46*Assumptions!$C$47 -> 359912.22 | F62: =F60*Assumptions!$C$46*Assumptions!$C$47 -> 432729.19 | G62: =G60*Assumptions!$C$46*Assumptions!$C$47 -> 505678.44 | H62: =H60*Assumptions!$C$46*Assumptions!$C$47 -> 578991.13 | I62: =I60*Assumptions!$C$46*Assumptions!$C$47 -> 652895.62 | J62: =J60*Assumptions!$C$46*Assumptions!$C$47 -> 727618.22 | ... Z62: =Z60*Assumptions!$C$46*Assumptions!$C$47 -> 2222535.9
A63: LLM API 사용 원가 | B63: 원 | C63: =(C61*(Assumptions!$C$49*(1-Assumptions!$C$48)+Assumptions!$C$51*Assumptions!$C$48)+C62*(Assumptions!$C$50*(1-Assumptions!$C$48)+Assumptions!$C$52*Assumptions!$C$48))/1000000*Assumptions!$C$54 -> 3820.5639 | D63: =(D61*(Assumptions!$C$49*(1-Assumptions!$C$48)+Assumptions!$C$51*Assumptions!$C$48)+D62*(Assumptions!$C$50*(1-Assumptions!$C$48)+Assumptions!$C$52*Assumptions!$C$48))/1000000*Assumptions!$C$54 -> 3196.0668 | E63: =(E61*(Assumptions!$C$49*(1-Assumptions!$C$48)+Assumptions!$C$51*Assumptions!$C$48)+E62*(Assumptions!$C$50*(1-Assumptions!$C$48)+Assumptions!$C$52*Assumptions!$C$48))/1000000*Assumptions!$C$54 -> 4005.8231 | F63: =(F61*(Assumptions!$C$49*(1-Assumptions!$C$48)+Assumptions!$C$51*Assumptions!$C$48)+F62*(Assumptions!$C$50*(1-Assumptions!$C$48)+Assumptions!$C$52*Assumptions!$C$48))/1000000*Assumptions!$C$54 -> 4816.2759 | G63: =(G61*(Assumptions!$C$49*(1-Assumptions!$C$48)+Assumptions!$C$51*Assumptions!$C$48)+G62*(Assumptions!$C$50*(1-Assumptions!$C$48)+Assumptions!$C$52*Assumptions!$C$48))/1000000*Assumptions!$C$54 -> 5628.2011 | H63: =(H61*(Assumptions!$C$49*(1-Assumptions!$C$48)+Assumptions!$C$51*Assumptions!$C$48)+H62*(Assumptions!$C$50*(1-Assumptions!$C$48)+Assumptions!$C$52*Assumptions!$C$48))/1000000*Assumptions!$C$54 -> 6444.1713 | I63: =(I61*(Assumptions!$C$49*(1-Assumptions!$C$48)+Assumptions!$C$51*Assumptions!$C$48)+I62*(Assumptions!$C$50*(1-Assumptions!$C$48)+Assumptions!$C$52*Assumptions!$C$48))/1000000*Assumptions!$C$54 -> 7266.7283 | J63: =(J61*(Assumptions!$C$49*(1-Assumptions!$C$48)+Assumptions!$C$51*Assumptions!$C$48)+J62*(Assumptions!$C$50*(1-Assumptions!$C$48)+Assumptions!$C$52*Assumptions!$C$48))/1000000*Assumptions!$C$54 -> 8098.3907 | ... Z63: =(Z61*(Assumptions!$C$49*(1-Assumptions!$C$48)+Assumptions!$C$51*Assumptions!$C$48)+Z62*(Assumptions!$C$50*(1-Assumptions!$C$48)+Assumptions!$C$52*Assumptions!$C$48))/1000000*Assumptions!$C$54 -> 24736.824
A64: OpenRouter 충전 수수료 배분 | B64: 원 | C64: =C63*Assumptions!$C$53 -> 210.13102 | D64: =D63*Assumptions!$C$53 -> 175.78367 | E64: =E63*Assumptions!$C$53 -> 220.32027 | F64: =F63*Assumptions!$C$53 -> 264.89518 | G64: =G63*Assumptions!$C$53 -> 309.55106 | H64: =H63*Assumptions!$C$53 -> 354.42942 | I64: =I63*Assumptions!$C$53 -> 399.67005 | J64: =J63*Assumptions!$C$53 -> 445.41149 | ... Z64: =Z63*Assumptions!$C$53 -> 1360.5253
A65: 동의 기반 비전 비용 | B65: 원 | C65: =C60*Assumptions!$C$55*Assumptions!$C$56 -> 0 | D65: =D60*Assumptions!$C$55*Assumptions!$C$56 -> 0 | E65: =E60*Assumptions!$C$55*Assumptions!$C$56 -> 0 | F65: =F60*Assumptions!$C$55*Assumptions!$C$56 -> 0 | G65: =G60*Assumptions!$C$55*Assumptions!$C$56 -> 0 | H65: =H60*Assumptions!$C$55*Assumptions!$C$56 -> 0 | I65: =I60*Assumptions!$C$55*Assumptions!$C$56 -> 0 | J65: =J60*Assumptions!$C$55*Assumptions!$C$56 -> 0 | ... Z65: =Z60*Assumptions!$C$55*Assumptions!$C$56 -> 0
A66: Vercel 비용 | B66: 원 | C66: =IF(C95=0,0,Assumptions!$C$58+MAX(0,C96+Assumptions!$C$59-Assumptions!$C$58))*Assumptions!$C$54 -> 28000 | D66: =IF(D95=0,0,Assumptions!$C$58+MAX(0,D96+Assumptions!$C$59-Assumptions!$C$58))*Assumptions!$C$54 -> 28000 | E66: =IF(E95=0,0,Assumptions!$C$58+MAX(0,E96+Assumptions!$C$59-Assumptions!$C$58))*Assumptions!$C$54 -> 28000 | F66: =IF(F95=0,0,Assumptions!$C$58+MAX(0,F96+Assumptions!$C$59-Assumptions!$C$58))*Assumptions!$C$54 -> 28000 | G66: =IF(G95=0,0,Assumptions!$C$58+MAX(0,G96+Assumptions!$C$59-Assumptions!$C$58))*Assumptions!$C$54 -> 28000 | H66: =IF(H95=0,0,Assumptions!$C$58+MAX(0,H96+Assumptions!$C$59-Assumptions!$C$58))*Assumptions!$C$54 -> 28000 | I66: =IF(I95=0,0,Assumptions!$C$58+MAX(0,I96+Assumptions!$C$59-Assumptions!$C$58))*Assumptions!$C$54 -> 28000 | J66: =IF(J95=0,0,Assumptions!$C$58+MAX(0,J96+Assumptions!$C$59-Assumptions!$C$58))*Assumptions!$C$54 -> 28000 | ... Z66: =IF(Z95=0,0,Assumptions!$C$58+MAX(0,Z96+Assumptions!$C$59-Assumptions!$C$58))*Assumptions!$C$54 -> 28000
A67: Supabase 비용 | B67: 원 | C67: =IF(C102=0,0,Assumptions!$C$60+C103+Assumptions!$C$62)*Assumptions!$C$54 -> 0 | D67: =IF(D102=0,0,Assumptions!$C$60+D103+Assumptions!$C$62)*Assumptions!$C$54 -> 0 | E67: =IF(E102=0,0,Assumptions!$C$60+E103+Assumptions!$C$62)*Assumptions!$C$54 -> 0 | F67: =IF(F102=0,0,Assumptions!$C$60+F103+Assumptions!$C$62)*Assumptions!$C$54 -> 0 | G67: =IF(G102=0,0,Assumptions!$C$60+G103+Assumptions!$C$62)*Assumptions!$C$54 -> 0 | H67: =IF(H102=0,0,Assumptions!$C$60+H103+Assumptions!$C$62)*Assumptions!$C$54 -> 0 | I67: =IF(I102=0,0,Assumptions!$C$60+I103+Assumptions!$C$62)*Assumptions!$C$54 -> 0 | J67: =IF(J102=0,0,Assumptions!$C$60+J103+Assumptions!$C$62)*Assumptions!$C$54 -> 0 | ... Z67: =IF(Z102=0,0,Assumptions!$C$60+Z103+Assumptions!$C$62)*Assumptions!$C$54 -> 0
A68: 결제 변동 수수료 | B68: 원 | C68: =C50*Assumptions!$C$63 -> 2063.97 | D68: =D50*Assumptions!$C$63 -> 7095.7039 | E68: =E50*Assumptions!$C$63 -> 8967.8482 | F68: =F50*Assumptions!$C$63 -> 10786.716 | G68: =G50*Assumptions!$C$63 -> 12605.134 | H68: =H50*Assumptions!$C$63 -> 14432.613 | I68: =I50*Assumptions!$C$63 -> 16274.843 | J68: =J50*Assumptions!$C$63 -> 18137.466 | ... Z68: =Z50*Assumptions!$C$63 -> 55401.539
A69: PG 가입비 · 연관리비 | B69: 원 | C69: =Assumptions!$C$64+Assumptions!$C$65 -> 0 | D69: =0+0 -> 0 | E69: =0+0 -> 0 | F69: =0+0 -> 0 | G69: =0+0 -> 0 | H69: =0+0 -> 0 | I69: =0+0 -> 0 | J69: =0+0 -> 0 | K69: =0+0 -> 0 | ... N69: =0+0 -> 0 | O69: =0+Assumptions!$C$65 -> 0 | P69: =0+0 -> 0 | Q69: =0+0 -> 0 | R69: =0+0 -> 0 | S69: =0+0 -> 0 | T69: =0+0 -> 0 | U69: =0+0 -> 0 | V69: =0+0 -> 0 | W69: =0+0 -> 0 | ... Z69: =0+0 -> 0
A70: 고객 지원 변동비 | B70: 원 | C70: =SUM(C34,C40,C41,C42)*Assumptions!$C$66 -> 3626 | D70: =SUM(D34,D40,D41,D42)*Assumptions!$C$66 -> 5066.804 | E70: =SUM(E34,E40,E41,E42)*Assumptions!$C$66 -> 6018.8448 | F70: =SUM(F34,F40,F41,F42)*Assumptions!$C$66 -> 6861.2297 | G70: =SUM(G34,G40,G41,G42)*Assumptions!$C$66 -> 7633.991 | H70: =SUM(H34,H40,H41,H42)*Assumptions!$C$66 -> 8363.9262 | I70: =SUM(I34,I40,I41,I42)*Assumptions!$C$66 -> 9070.2966 | J70: =SUM(J34,J40,J41,J42)*Assumptions!$C$66 -> 9767.1004 | ... Z70: =SUM(Z34,Z40,Z41,Z42)*Assumptions!$C$66 -> 24147.15
A71: 마케팅비 | B71: 원 | C71: =Assumptions!$C$67 -> 0 | D71: =Assumptions!$C$67 -> 0 | E71: =Assumptions!$C$67 -> 0 | F71: =Assumptions!$C$67 -> 0 | G71: =Assumptions!$C$67 -> 0 | H71: =Assumptions!$C$67 -> 0 | I71: =Assumptions!$C$67 -> 0 | J71: =Assumptions!$C$67 -> 0 | ... Z71: =Assumptions!$C$67 -> 0
A72: 인건비 | B72: 원 | C72: =Assumptions!$C$68 -> 0 | D72: =Assumptions!$C$68 -> 0 | E72: =Assumptions!$C$68 -> 0 | F72: =Assumptions!$C$68 -> 0 | G72: =Assumptions!$C$68 -> 0 | H72: =Assumptions!$C$68 -> 0 | I72: =Assumptions!$C$68 -> 0 | J72: =Assumptions!$C$68 -> 0 | ... Z72: =Assumptions!$C$68 -> 0
A73: 기타 판관비 | B73: 원 | C73: =Assumptions!$C$69 -> 200000 | D73: =Assumptions!$C$69 -> 200000 | E73: =Assumptions!$C$69 -> 200000 | F73: =Assumptions!$C$69 -> 200000 | G73: =Assumptions!$C$69 -> 200000 | H73: =Assumptions!$C$69 -> 200000 | I73: =Assumptions!$C$69 -> 200000 | J73: =Assumptions!$C$69 -> 200000 | ... Z73: =Assumptions!$C$69 -> 200000
A74: 전체 영업비용 | B74: 원 | C74: =SUM(C63:C73) -> 237720.66 | D74: =SUM(D63:D73) -> 243534.36 | E74: =SUM(E63:E73) -> 247212.84 | F74: =SUM(F63:F73) -> 250729.12 | G74: =SUM(G63:G73) -> 254176.88 | H74: =SUM(H63:H73) -> 257595.14 | I74: =SUM(I63:I73) -> 261011.54 | J74: =SUM(J63:J73) -> 264448.37 | ... Z74: =SUM(Z63:Z73) -> 333646.04
A75: 세전 이익 | B75: 원 | C75: =C52-C74 -> -182534.3 | D75: =D52-D74 -> -53809.656 | E75: =E52-E74 -> -7430.799 | F75: =F52-F74 -> 37685.745 | G75: =G52-G74 -> 82858.803 | H75: =H52-H74 -> 128303.6 | I75: =I52-I74 -> 174144.68 | J75: =J52-J74 -> 220510.61 | ... Z75: =Z52-Z74 -> 1147678.5
A76: 기초 이월결손금 | B76: 원 | C76: =0 -> 0 | D76: =C79 -> 182534.3 | E76: =D79 -> 236343.96 | F76: =E79 -> 243774.76 | G76: =F79 -> 206089.01 | H76: =G79 -> 123230.21 | I76: =H79 -> 0 | J76: =I79 -> 0 | K76: =J79 -> 0 | ... Z76: =Y79 -> 0
A77: 추정 과세소득 | B77: 원 | C77: =MAX(0,C75-C76) -> 0 | D77: =MAX(0,D75-D76) -> 0 | E77: =MAX(0,E75-E76) -> 0 | F77: =MAX(0,F75-F76) -> 0 | G77: =MAX(0,G75-G76) -> 0 | H77: =MAX(0,H75-H76) -> 5073.3884 | I77: =MAX(0,I75-I76) -> 174144.68 | J77: =MAX(0,J75-J76) -> 220510.61 | ... Z77: =MAX(0,Z75-Z76) -> 1147678.5
A78: 추정 법인세 | B78: 원 | C78: =C77*Assumptions!$C$71 -> 0 | D78: =D77*Assumptions!$C$71 -> 0 | E78: =E77*Assumptions!$C$71 -> 0 | F78: =F77*Assumptions!$C$71 -> 0 | G78: =G77*Assumptions!$C$71 -> 0 | H78: =H77*Assumptions!$C$71 -> 507.33884 | I78: =I77*Assumptions!$C$71 -> 17414.468 | J78: =J77*Assumptions!$C$71 -> 22051.061 | ... Z78: =Z77*Assumptions!$C$71 -> 114767.85
A79: 기말 이월결손금 | B79: 원 | C79: =MAX(0,C76-MAX(0,C75))+MAX(0,-C75) -> 182534.3 | D79: =MAX(0,D76-MAX(0,D75))+MAX(0,-D75) -> 236343.96 | E79: =MAX(0,E76-MAX(0,E75))+MAX(0,-E75) -> 243774.76 | F79: =MAX(0,F76-MAX(0,F75))+MAX(0,-F75) -> 206089.01 | G79: =MAX(0,G76-MAX(0,G75))+MAX(0,-G75) -> 123230.21 | H79: =MAX(0,H76-MAX(0,H75))+MAX(0,-H75) -> 0 | I79: =MAX(0,I76-MAX(0,I75))+MAX(0,-I75) -> 0 | J79: =MAX(0,J76-MAX(0,J75))+MAX(0,-J75) -> 0 | ... Z79: =MAX(0,Z76-MAX(0,Z75))+MAX(0,-Z75) -> 0
A80: 추정 순이익 | B80: 원 | C80: =C75-C78 -> -182534.3 | D80: =D75-D78 -> -53809.656 | E80: =E75-E78 -> -7430.799 | F80: =F75-F78 -> 37685.745 | G80: =G75-G78 -> 82858.803 | H80: =H75-H78 -> 127796.26 | I80: =I75-I78 -> 156730.22 | J80: =J75-J78 -> 198459.55 | ... Z80: =Z75-Z78 -> 1032910.7
A81: 누적 순이익 | B81: 원 | C81: =C80 -> -182534.3 | D81: =C81+D80 -> -236343.96 | E81: =D81+E80 -> -243774.76 | F81: =E81+F80 -> -206089.01 | G81: =F81+G80 -> -123230.21 | H81: =G81+H80 -> 4566.0496 | I81: =H81+I80 -> 161296.27 | J81: =I81+J80 -> 359755.81 | K81: =J81+K80 -> 600535.32 | ... Z81: =Y81+Z80 -> 10076368
A82: 순이익률 | B82: % | C82: =IF(C52=0,0,C80/C52) -> -3.3075979 | D82: =IF(D52=0,0,D80/D52) -> -0.28361966 | E82: =IF(E52=0,0,E80/E52) -> -0.030989807 | F82: =IF(F52=0,0,F80/F52) -> 0.13066506 | G82: =IF(G52=0,0,G80/G52) -> 0.24584579 | H82: =IF(H52=0,0,H80/H52) -> 0.33116527 | I82: =IF(I52=0,0,I80/I52) -> 0.36017 | J82: =IF(J52=0,0,J80/J52) -> 0.40922956 | ... Z82: =IF(Z52=0,0,Z80/Z52) -> 0.69728856
A84: 검증: 정상은 모두 0
A85: 가입 경로 합계 차이 | B85: 명 | C85: =ROUND(C14-SUM(C7,C9,C11),6) -> 0 | D85: =ROUND(D14-SUM(D7,D9,D11),6) -> 0 | E85: =ROUND(E14-SUM(E7,E9,E11),6) -> 0 | F85: =ROUND(F14-SUM(F7,F9,F11),6) -> 0 | G85: =ROUND(G14-SUM(G7,G9,G11),6) -> 0 | H85: =ROUND(H14-SUM(H7,H9,H11),6) -> 0 | I85: =ROUND(I14-SUM(I7,I9,I11),6) -> 0 | J85: =ROUND(J14-SUM(J7,J9,J11),6) -> 0 | ... Z85: =ROUND(Z14-SUM(Z7,Z9,Z11),6) -> 0
A86: 유료 고객 롤포워드 차이 | B86: 명 | C86: =ROUND(C34-(SUM(C22:C24)-SUM(C25:C27)+C21),6) -> 0 | D86: =ROUND(D34-(SUM(D22:D24)-SUM(D25:D27)+D21),6) -> 0 | E86: =ROUND(E34-(SUM(E22:E24)-SUM(E25:E27)+E21),6) -> 0 | F86: =ROUND(F34-(SUM(F22:F24)-SUM(F25:F27)+F21),6) -> 0 | G86: =ROUND(G34-(SUM(G22:G24)-SUM(G25:G27)+G21),6) -> 0 | H86: =ROUND(H34-(SUM(H22:H24)-SUM(H25:H27)+H21),6) -> 0 | I86: =ROUND(I34-(SUM(I22:I24)-SUM(I25:I27)+I21),6) -> 0 | J86: =ROUND(J34-(SUM(J22:J24)-SUM(J25:J27)+J21),6) -> 0 | ... Z86: =ROUND(Z34-(SUM(Z22:Z24)-SUM(Z25:Z27)+Z21),6) -> 0
A87: 음수 고객 수 검사 | B87: 명 | C87: =MAX(0,-MIN(C31,C32,C33,C40,C50)) -> 0 | D87: =MAX(0,-MIN(D31,D32,D33,D40,D50)) -> 0 | E87: =MAX(0,-MIN(E31,E32,E33,E40,E50)) -> 0 | F87: =MAX(0,-MIN(F31,F32,F33,F40,F50)) -> 0 | G87: =MAX(0,-MIN(G31,G32,G33,G40,G50)) -> 0 | H87: =MAX(0,-MIN(H31,H32,H33,H40,H50)) -> 0 | I87: =MAX(0,-MIN(I31,I32,I33,I40,I50)) -> 0 | J87: =MAX(0,-MIN(J31,J32,J33,J40,J50)) -> 0 | ... Z87: =MAX(0,-MIN(Z31,Z32,Z33,Z40,Z50)) -> 0
A88: 추천 보상 상한 차이 | B88: 명 | C88: =MAX(0,C44-C34) -> 0 | D88: =MAX(0,D44-D34) -> 0 | E88: =MAX(0,E44-E34) -> 0 | F88: =MAX(0,F44-F34) -> 0 | G88: =MAX(0,G44-G34) -> 0 | H88: =MAX(0,H44-H34) -> 0 | I88: =MAX(0,I44-I34) -> 0 | J88: =MAX(0,J44-J34) -> 0 | ... Z88: =MAX(0,Z44-Z34) -> 0
A89: 매출·결제액 대사 차이 | B89: 명 | C89: =ROUND(C52+C51-C50,6) -> 0 | D89: =ROUND(D52+D51-D50,6) -> 0 | E89: =ROUND(E52+E51-E50,6) -> 0 | F89: =ROUND(F52+F51-F50,6) -> 0 | G89: =ROUND(G52+G51-G50,6) -> 0 | H89: =ROUND(H52+H51-H50,6) -> 0 | I89: =ROUND(I52+I51-I50,6) -> 0 | J89: =ROUND(J52+J51-J50,6) -> 0 | ... Z89: =ROUND(Z52+Z51-Z50,6) -> 0
A91: 인프라 사용량 · 플랜 전환
A92: Vercel 랜딩 방문자 | B92: 명 | C92: =IF(Assumptions!$C$76=0,0,C14/Assumptions!$C$76) -> 725.2 | D92: =IF(Assumptions!$C$76=0,0,D14/Assumptions!$C$76) -> 422.1168 | E92: =IF(Assumptions!$C$76=0,0,E14/Assumptions!$C$76) -> 441 | F92: =IF(Assumptions!$C$76=0,0,F14/Assumptions!$C$76) -> 463.05 | G92: =IF(Assumptions!$C$76=0,0,G14/Assumptions!$C$76) -> 486.2025 | H92: =IF(Assumptions!$C$76=0,0,H14/Assumptions!$C$76) -> 510.51263 | I92: =IF(Assumptions!$C$76=0,0,I14/Assumptions!$C$76) -> 536.03826 | J92: =IF(Assumptions!$C$76=0,0,J14/Assumptions!$C$76) -> 562.84017 | ... Z92: =IF(Assumptions!$C$76=0,0,Z14/Assumptions!$C$76) -> 1228.6095
A93: Vercel 전송량 | B93: GB | C93: =C92*Assumptions!$C$78/1024 -> 1.4164062 | D93: =D92*Assumptions!$C$78/1024 -> 0.82444688 | E93: =E92*Assumptions!$C$78/1024 -> 0.86132812 | F93: =F92*Assumptions!$C$78/1024 -> 0.90439453 | G93: =G92*Assumptions!$C$78/1024 -> 0.94961426 | H93: =H92*Assumptions!$C$78/1024 -> 0.99709497 | I93: =I92*Assumptions!$C$78/1024 -> 1.0469497 | J93: =J92*Assumptions!$C$78/1024 -> 1.0992972 | ... Z93: =Z92*Assumptions!$C$78/1024 -> 2.3996279
A94: Vercel Edge 요청 | B94: 회 | C94: =C92*Assumptions!$C$77 -> 5801.6 | D94: =D92*Assumptions!$C$77 -> 3376.9344 | E94: =E92*Assumptions!$C$77 -> 3528 | F94: =F92*Assumptions!$C$77 -> 3704.4 | G94: =G92*Assumptions!$C$77 -> 3889.62 | H94: =H92*Assumptions!$C$77 -> 4084.101 | I94: =I92*Assumptions!$C$77 -> 4288.306 | J94: =J92*Assumptions!$C$77 -> 4502.7214 | ... Z94: =Z92*Assumptions!$C$77 -> 9828.876
A95: Vercel Pro 적용 (1=Pro) | B95: 0/1 | C95: =IF(OR(Assumptions!$C$75=0,C93>Assumptions!$C$83,C94>Assumptions!$C$84),1,0) -> 1 | D95: =MAX(C95,IF(OR(Assumptions!$C$75=0,D93>Assumptions!$C$83,D94>Assumptions!$C$84),1,0)) -> 1 | E95: =MAX(D95,IF(OR(Assumptions!$C$75=0,E93>Assumptions!$C$83,E94>Assumptions!$C$84),1,0)) -> 1 | F95: =MAX(E95,IF(OR(Assumptions!$C$75=0,F93>Assumptions!$C$83,F94>Assumptions!$C$84),1,0)) -> 1 | G95: =MAX(F95,IF(OR(Assumptions!$C$75=0,G93>Assumptions!$C$83,G94>Assumptions!$C$84),1,0)) -> 1 | H95: =MAX(G95,IF(OR(Assumptions!$C$75=0,H93>Assumptions!$C$83,H94>Assumptions!$C$84),1,0)) -> 1 | I95: =MAX(H95,IF(OR(Assumptions!$C$75=0,I93>Assumptions!$C$83,I94>Assumptions!$C$84),1,0)) -> 1 | J95: =MAX(I95,IF(OR(Assumptions!$C$75=0,J93>Assumptions!$C$83,J94>Assumptions!$C$84),1,0)) -> 1 | K95: =MAX(J95,IF(OR(Assumptions!$C$75=0,K93>Assumptions!$C$83,K94>Assumptions!$C$84),1,0)) -> 1 | ... Z95: =MAX(Y95,IF(OR(Assumptions!$C$75=0,Z93>Assumptions!$C$83,Z94>Assumptions!$C$84),1,0)) -> 1
A96: Vercel Pro 초과 종량 비용 | B96: USD | C96: =MAX(0,C93-Assumptions!$C$79)*Assumptions!$C$81+MAX(0,C94-Assumptions!$C$80)/1000000*Assumptions!$C$82 -> 0 | D96: =MAX(0,D93-Assumptions!$C$79)*Assumptions!$C$81+MAX(0,D94-Assumptions!$C$80)/1000000*Assumptions!$C$82 -> 0 | E96: =MAX(0,E93-Assumptions!$C$79)*Assumptions!$C$81+MAX(0,E94-Assumptions!$C$80)/1000000*Assumptions!$C$82 -> 0 | F96: =MAX(0,F93-Assumptions!$C$79)*Assumptions!$C$81+MAX(0,F94-Assumptions!$C$80)/1000000*Assumptions!$C$82 -> 0 | G96: =MAX(0,G93-Assumptions!$C$79)*Assumptions!$C$81+MAX(0,G94-Assumptions!$C$80)/1000000*Assumptions!$C$82 -> 0 | H96: =MAX(0,H93-Assumptions!$C$79)*Assumptions!$C$81+MAX(0,H94-Assumptions!$C$80)/1000000*Assumptions!$C$82 -> 0 | I96: =MAX(0,I93-Assumptions!$C$79)*Assumptions!$C$81+MAX(0,I94-Assumptions!$C$80)/1000000*Assumptions!$C$82 -> 0 | J96: =MAX(0,J93-Assumptions!$C$79)*Assumptions!$C$81+MAX(0,J94-Assumptions!$C$80)/1000000*Assumptions!$C$82 -> 0 | ... Z96: =MAX(0,Z93-Assumptions!$C$79)*Assumptions!$C$81+MAX(0,Z94-Assumptions!$C$80)/1000000*Assumptions!$C$82 -> 0
A97: Supabase 월 활성 계정 | B97: 명 | C97: =SUM(C34,C40:C42) -> 36.26 | D97: =SUM(D34,D40:D42) -> 50.66804 | E97: =SUM(E34,E40:E42) -> 60.188448 | F97: =SUM(F34,F40:F42) -> 68.612297 | G97: =SUM(G34,G40:G42) -> 76.33991 | H97: =SUM(H34,H40:H42) -> 83.639262 | I97: =SUM(I34,I40:I42) -> 90.702966 | J97: =SUM(J34,J40:J42) -> 97.671004 | ... Z97: =SUM(Z34,Z40:Z42) -> 241.4715
A98: 누적 등록 계정 | B98: 명 | C98: =SUM($C14:C14) -> 36.26 | D98: =SUM($C14:D14) -> 57.36584 | E98: =SUM($C14:E14) -> 79.41584 | F98: =SUM($C14:F14) -> 102.56834 | G98: =SUM($C14:G14) -> 126.87847 | H98: =SUM($C14:H14) -> 152.4041 | I98: =SUM($C14:I14) -> 179.20601 | J98: =SUM($C14:J14) -> 207.34802 | ... Z98: =SUM($C14:Z14) -> 906.40582
A99: Supabase DB 용량 | B99: GB | C99: =C98*Assumptions!$C$93/1024 -> 0.0035410156 | D99: =D98*Assumptions!$C$93/1024 -> 0.0056021328 | E99: =E98*Assumptions!$C$93/1024 -> 0.0077554531 | F99: =F98*Assumptions!$C$93/1024 -> 0.010016439 | G99: =G98*Assumptions!$C$93/1024 -> 0.012390475 | H99: =H98*Assumptions!$C$93/1024 -> 0.014883213 | I99: =I98*Assumptions!$C$93/1024 -> 0.017500587 | J99: =J98*Assumptions!$C$93/1024 -> 0.02024883 | ... Z99: =Z98*Assumptions!$C$93/1024 -> 0.088516193
A100: Supabase 월 전송량 | B100: GB | C100: =C97*Assumptions!$C$94 -> 0.3626 | D100: =D97*Assumptions!$C$94 -> 0.5066804 | E100: =E97*Assumptions!$C$94 -> 0.60188448 | F100: =F97*Assumptions!$C$94 -> 0.68612297 | G100: =G97*Assumptions!$C$94 -> 0.7633991 | H100: =H97*Assumptions!$C$94 -> 0.83639262 | I100: =I97*Assumptions!$C$94 -> 0.90702966 | J100: =J97*Assumptions!$C$94 -> 0.97671004 | ... Z100: =Z97*Assumptions!$C$94 -> 2.414715
A101: Supabase 파일 저장량 | B101: GB | C101: =C98*Assumptions!$C$95 -> 0.03626 | D101: =D98*Assumptions!$C$95 -> 0.05736584 | E101: =E98*Assumptions!$C$95 -> 0.07941584 | F101: =F98*Assumptions!$C$95 -> 0.10256834 | G101: =G98*Assumptions!$C$95 -> 0.12687846 | H101: =H98*Assumptions!$C$95 -> 0.1524041 | I101: =I98*Assumptions!$C$95 -> 0.17920601 | J101: =J98*Assumptions!$C$95 -> 0.20734802 | ... Z101: =Z98*Assumptions!$C$95 -> 0.90640582
A102: Supabase Pro 적용 (1=Pro) | B102: 0/1 | C102: =IF(OR(C97>Assumptions!$C$85,C99>Assumptions!$C$86,C100>Assumptions!$C$87,C101>Assumptions!$C$88),1,0) -> 0 | D102: =MAX(C102,IF(OR(D97>Assumptions!$C$85,D99>Assumptions!$C$86,D100>Assumptions!$C$87,D101>Assumptions!$C$88),1,0)) -> 0 | E102: =MAX(D102,IF(OR(E97>Assumptions!$C$85,E99>Assumptions!$C$86,E100>Assumptions!$C$87,E101>Assumptions!$C$88),1,0)) -> 0 | F102: =MAX(E102,IF(OR(F97>Assumptions!$C$85,F99>Assumptions!$C$86,F100>Assumptions!$C$87,F101>Assumptions!$C$88),1,0)) -> 0 | G102: =MAX(F102,IF(OR(G97>Assumptions!$C$85,G99>Assumptions!$C$86,G100>Assumptions!$C$87,G101>Assumptions!$C$88),1,0)) -> 0 | H102: =MAX(G102,IF(OR(H97>Assumptions!$C$85,H99>Assumptions!$C$86,H100>Assumptions!$C$87,H101>Assumptions!$C$88),1,0)) -> 0 | I102: =MAX(H102,IF(OR(I97>Assumptions!$C$85,I99>Assumptions!$C$86,I100>Assumptions!$C$87,I101>Assumptions!$C$88),1,0)) -> 0 | J102: =MAX(I102,IF(OR(J97>Assumptions!$C$85,J99>Assumptions!$C$86,J100>Assumptions!$C$87,J101>Assumptions!$C$88),1,0)) -> 0 | K102: =MAX(J102,IF(OR(K97>Assumptions!$C$85,K99>Assumptions!$C$86,K100>Assumptions!$C$87,K101>Assumptions!$C$88),1,0)) -> 0 | ... Z102: =MAX(Y102,IF(OR(Z97>Assumptions!$C$85,Z99>Assumptions!$C$86,Z100>Assumptions!$C$87,Z101>Assumptions!$C$88),1,0)) -> 0
A103: Supabase Pro 초과 종량 비용 | B103: USD | C103: =MAX(0,C97-Assumptions!$C$89)*Assumptions!$C$61+MAX(0,C99-Assumptions!$C$90)*Assumptions!$C$96+MAX(0,C100-Assumptions!$C$91)*Assumptions!$C$97+MAX(0,C101-Assumptions!$C$92)*Assumptions!$C$98 -> 0 | D103: =MAX(0,D97-Assumptions!$C$89)*Assumptions!$C$61+MAX(0,D99-Assumptions!$C$90)*Assumptions!$C$96+MAX(0,D100-Assumptions!$C$91)*Assumptions!$C$97+MAX(0,D101-Assumptions!$C$92)*Assumptions!$C$98 -> 0 | E103: =MAX(0,E97-Assumptions!$C$89)*Assumptions!$C$61+MAX(0,E99-Assumptions!$C$90)*Assumptions!$C$96+MAX(0,E100-Assumptions!$C$91)*Assumptions!$C$97+MAX(0,E101-Assumptions!$C$92)*Assumptions!$C$98 -> 0 | F103: =MAX(0,F97-Assumptions!$C$89)*Assumptions!$C$61+MAX(0,F99-Assumptions!$C$90)*Assumptions!$C$96+MAX(0,F100-Assumptions!$C$91)*Assumptions!$C$97+MAX(0,F101-Assumptions!$C$92)*Assumptions!$C$98 -> 0 | G103: =MAX(0,G97-Assumptions!$C$89)*Assumptions!$C$61+MAX(0,G99-Assumptions!$C$90)*Assumptions!$C$96+MAX(0,G100-Assumptions!$C$91)*Assumptions!$C$97+MAX(0,G101-Assumptions!$C$92)*Assumptions!$C$98 -> 0 | H103: =MAX(0,H97-Assumptions!$C$89)*Assumptions!$C$61+MAX(0,H99-Assumptions!$C$90)*Assumptions!$C$96+MAX(0,H100-Assumptions!$C$91)*Assumptions!$C$97+MAX(0,H101-Assumptions!$C$92)*Assumptions!$C$98 -> 0 | I103: =MAX(0,I97-Assumptions!$C$89)*Assumptions!$C$61+MAX(0,I99-Assumptions!$C$90)*Assumptions!$C$96+MAX(0,I100-Assumptions!$C$91)*Assumptions!$C$97+MAX(0,I101-Assumptions!$C$92)*Assumptions!$C$98 -> 0 | J103: =MAX(0,J97-Assumptions!$C$89)*Assumptions!$C$61+MAX(0,J99-Assumptions!$C$90)*Assumptions!$C$96+MAX(0,J100-Assumptions!$C$91)*Assumptions!$C$97+MAX(0,J101-Assumptions!$C$92)*Assumptions!$C$98 -> 0 | ... Z103: =MAX(0,Z97-Assumptions!$C$89)*Assumptions!$C$61+MAX(0,Z99-Assumptions!$C$90)*Assumptions!$C$96+MAX(0,Z100-Assumptions!$C$91)*Assumptions!$C$97+MAX(0,Z101-Assumptions!$C$92)*Assumptions!$C$98 -> 0

Sheet Sources
A2: 출처 · 산식 · 확인할 실측값
A4: ID | B4: 자료 / 정의 | C4: 확인값 | D4: 직접 URL
A5: U | B5: 사용자 지정 가격·무료 혜택 | C5: Essential 24,000 / EDU 14,000 / Pro 28,900원. 월 400/400/600분. 피추천인만 14일·200분 체험. 예약 첫달 무료, 추천 캠페인 M1~M2. | D5: 이 대화의 사용자 제공 조건
A6: P1 | B6: Vercel 공식 요금 및 Hobby 사용 조건 | C6: Pro 월 $20 · 사용량 크레딧 $20. Hobby는 개인 비상업용. 트래픽·요청 초과는 지역별 종량. | D6: https://vercel.com/docs/limits/fair-use-guidelines
A7: P2 | B7: Supabase Pro 공식 요금 | C7: Free: 5만 MAU / DB 500MB / 5GB egress / 1GB storage. Pro: 월 $25, 10만 MAU / DB 8GB / 250GB egress / 100GB storage. | D7: https://supabase.com/pricing
A8: P3 | B8: OpenRouter Gemini 2.5 Flash Lite | C8: 입력 $0.10, 출력 $0.40 / 100만 토큰 | D8: https://openrouter.ai/google/gemini-2.5-flash-lite
A9: P4 | B9: OpenRouter Gemini 3.8 Flash | C9: 현재 50% 한시 할인 표시. 계획은 보수적 정가 $1.50/$7.50 적용 | D9: https://openrouter.ai/google/gemini-3.8-flash
A10: P5 | B10: OpenRouter Standard 수수료 | C10: 크레딧 충전액에 5.5% 수수료. API 소비액에 배분해 근사 | D10: https://openrouter.ai/pricing
A11: P6 | B11: 토스페이먼츠 일반 카드 요금 | C11: 카드 3.4%, 가입비 22만원, 연관리비 11만원. 자동결제는 추가 계약·심사 필요 | D11: https://www.tosspayments.com/about/fee
A12: P9 | B12: 토스페이먼츠 자동결제 안내 | C12: 자동결제는 추가 계약·심사 대상. 실제 수수료 확인 필요 | D12: https://docs.tosspayments.com/guides/v2/billing
A13: P7 | B13: 국세청 부가세 계산 | C13: 일반 과세 10%; 소비자가 포함 가격이면 공급가액은 결제액/1.1 | D13: https://www.nts.go.kr/nts/cm/cntnts/cntntsView.do?cntntsId=7696&mi=2274
A14: P8 | B14: 국세청 2026년 이후 법인세율 | C14: 과세표준 2억원 이하 영리법인 10%; 실제 지방세·공제·세무조정 미반영 | D14: https://s.nts.go.kr/nts/cm/cntnts/cntntsView.do?cntntsId=7746&mi=2372
A15: B1 | B15: ChartMogul/ProductLed 2026 SaaS 전환 조사 | C15: 200개 제품 중위: 무료/리드 가입자의 6개월 내 유료 전환 8%. 카드 체험 월전환과 정의 다름 | D15: https://chartmogul.com/reports/saas-conversion-report/
... A17: B3 | B17: My Yoga Teacher 추천 연구 | C17: 추천 유입 고객의 이메일 공유 8.72%, 수신자 계정 생성 23.8%; 학생 SaaS 직접 비교 불가 | D17: https://faculty.wharton.upenn.edu/wp-content/uploads/2020/06/gershon-jiang-2024-express-referral-contagion-downstream-benefits-of-customer-referrals.pdf
A18: A | B18: 모델 가정 / 미측정값 | C18: 웨이트리스트, 카드 등록률, 유료 전환, 토큰/분, 이용량, 급여, 환율 등은 실측 전 가정
A20: 업데이트 우선순위 | B20: 1. 실제 사전예약자·채널별 카드 등록률·체험 종료 유료 전환·취소율
B21: 2. API 요청당 입력/출력 토큰, 요약 횟수, 강의 분, 모델 구성
B22: 3. 결제사 자동결제 계약 요율, Vercel/Supabase 실제 청구서, 채널별 유입·인프라 사용량
B24: 월 단위 계획 모델입니다. 14일 체험의 일별 기산·결제일·환불·부가세 매입세액은 별도 회계 장부에서 검증하세요.
A26: P1a | B26: Vercel Pro 포함량 | C26: 1TB Fast Data Transfer · 1천만 Edge Requests | D26: https://vercel.com/docs/plans/pro-plan
A27: P1b | B27: Vercel 지역별 초과 단가 | C27: 전송 $0.15~0.35/GB, Edge $2.00~3.20/백만건. 상한 적용 | D27: https://vercel.com/docs/pricing/regional-pricing
A28: P2a | B28: Supabase 요금 세목 | C28: 무료·Pro 한도 및 MAU/DB/egress/storage 초과 단가 | D28: https://supabase.com/pricing
A29: A | B29: 방문·요청·데이터 사용량 | C29: 실측 전 편집 가능한 가정. Vercel은 랜딩 트래픽만 근사
A30: A | B30: 일반 직접 결제 전환율 15% | C30: 이전 체험 경로 60%×25%를 임시 비교값으로 적용. 실측·확정 정책 아님 | D30: 2026-09-26 정책 반영; Assumptions!C102
