Workbook

Sheet Overview
A2: 온라인 강의 요약 서비스 · 24개월 사업모델
A4: 노란 셀을 바꾸면 월별 전망과 아래 차트가 함께 갱신됩니다. 숫자는 실측 매출이 아닌 계획 시나리오입니다.
A6: 지표 | B6: M6 | C6: M12 | D6: M24
A7: 월 신규 가입 | B7: ='Monthly Model'!H14 -> 25.525694 | C7: ='Monthly Model'!N14 -> 34.206787 | D7: ='Monthly Model'!Z14 -> 61.430475
A8: 기말 유료 고객 | B8: ='Monthly Model'!H34 -> 18.102847 | C8: ='Monthly Model'!N34 -> 34.59717 | D8: ='Monthly Model'!Z34 -> 76.121595
A9: 월 순매출 (VAT 제외) | B9: ='Monthly Model'!H52 -> 318444.85 | C9: ='Monthly Model'!N52 -> 608595.68 | D9: ='Monthly Model'!Z52 -> 1339048.1
A10: 월 전체 비용 | B10: ='Monthly Model'!H74 -> 291812.85 | C10: ='Monthly Model'!N74 -> 313413.36 | D10: ='Monthly Model'!Z74 -> 368877.22
A11: 월 순이익 | B11: ='Monthly Model'!H80 -> 26632.002 | C11: ='Monthly Model'!N80 -> 276780.62 | D11: ='Monthly Model'!Z80 -> 873153.76
A12: 누적 순이익 | B12: ='Monthly Model'!H81 -> -905109.79 | C12: ='Monthly Model'!N81 -> 165615.33 | D12: ='Monthly Model'!Z81 -> 6966935
A13: 추천 신규 가입 | B13: ='Monthly Model'!H11 -> 6.2731791e-05 | C13: ='Monthly Model'!N11 -> 2.2037555e-11 | D13: ='Monthly Model'!Z11 -> 2.7196614e-24
A16: 기간 합계 | B16: 1~12개월 | C16: 13~24개월 | D16: 24개월 합계
A17: 신규 가입 | B17: =SUM('Monthly Model'!C14:N14) -> 334.71808 | C17: =SUM('Monthly Model'!O14:Z14) -> 571.69745 | D17: =B17+C17 -> 906.41552
A18: 순매출 | B18: =SUM('Monthly Model'!C52:N52) -> 4033156 | C18: =SUM('Monthly Model'!O52:Z52) -> 11765075 | D18: =B18+C18 -> 15798231
A19: 전체 비용 | B19: =SUM('Monthly Model'!C74:N74) -> 3849139 | C19: =SUM('Monthly Model'!O74:Z74) -> 4208053.6 | D19: =B19+C19 -> 8057192.6
A20: 순이익 | B20: =SUM('Monthly Model'!C80:N80) -> 165615.33 | C20: =SUM('Monthly Model'!O80:Z80) -> 6801319.6 | D20: =B20+C20 -> 6966935
A21: 추천 가입 | B21: =SUM('Monthly Model'!C11:N11) -> 1.3755459 | C21: =SUM('Monthly Model'!O11:Z11) -> 2.0209111e-12 | D21: =B21+C21 -> 1.3755459
A22: 추천 무료월 획득 | B22: =SUM('Monthly Model'!C43:N43) -> 0.10110262 | C22: =SUM('Monthly Model'!O43:Z43) -> 1.4853697e-13 | D22: =B22+C22 -> 0.10110262
A23: 월별 매출 · 비용 · 순이익 (원) | F23: 모델 적용 규칙
A24: 월 | B24: 순매출 | C24: 전체 비용 | D24: 순이익
A25: M1 | B25: ='Monthly Model'!C52 -> 0 | C25: ='Monthly Model'!C74 -> 600811.72 | D25: ='Monthly Model'!C80 -> -600811.72 | F25: 사전예약 첫달 무료와 일반 14일 체험은 중복하지 않습니다.
A26: M2 | B26: ='Monthly Model'!D52 -> 126654.55 | C26: ='Monthly Model'!D74 -> 276941.03 | D26: ='Monthly Model'!D80 -> -150286.49 | F26: 카드 등록 고객의 무료 기간 종료 후, 다음 달 유료 전환을 근사합니다.
A27: M3 | B27: ='Monthly Model'!E52 -> 176698.45 | C27: ='Monthly Model'!E74 -> 280934.09 | D27: ='Monthly Model'!E80 -> -104235.65 | F27: 추천 보상은 동일인이 코드 2개를 보내 둘 다 카드 체험을 시작해야 발생합니다.
A28: M4 | B28: ='Monthly Model'!F52 -> 224869.09 | C28: ='Monthly Model'!F74 -> 284679.23 | D28: ='Monthly Model'!F80 -> -59810.138 | F28: 추천 무료월은 다음 달 사용, 미사용분 만료로 단순화했습니다.
A29: M5 | B29: ='Monthly Model'!G52 -> 271677.48 | C29: ='Monthly Model'!G74 -> 288275.28 | D29: ='Monthly Model'!G80 -> -16597.802 | F29: 오가닉 고객은 추천 코드 발급 대상에 포함하지 않았습니다.
A30: M6 | B30: ='Monthly Model'!H52 -> 318444.85 | C30: ='Monthly Model'!H74 -> 291812.85 | D30: ='Monthly Model'!H80 -> 26632.002 | F30: 음성 인식은 기기 내 처리. 외부 AI 요약은 텍스트 토큰 비용만 포함합니다.
A31: M7 | B31: ='Monthly Model'!I52 -> 365418.01 | C31: ='Monthly Model'!I74 -> 295330.07 | D31: ='Monthly Model'!I80 -> 70087.944 | F31: 비전 엔진 비용은 기본 0. 사용하려면 동의 비중과 실측 원가를 입력하세요.
A32: M8 | B32: ='Monthly Model'!J52 -> 412751.83 | C32: ='Monthly Model'!J74 -> 298854.26 | D32: ='Monthly Model'!J80 -> 113897.57 | F32: 매출은 VAT 제외, 고객 결제액과 카드 수수료는 VAT 포함 금액 기준입니다.
A33: M9 | B33: ='Monthly Model'!K52 -> 460592.24 | C33: ='Monthly Model'!K74 -> 302407.4 | D33: ='Monthly Model'!K80 -> 158184.84 | F33: 법인세는 월간 추정과 이월결손금 단순 적용. 실제 신고 세액과 다를 수 있습니다.
A34: M10 | B34: ='Monthly Model'!L52 -> 509083.69 | C34: ='Monthly Model'!L74 -> 306007.91 | D34: ='Monthly Model'!L80 -> 203075.78
A35: M11 | B35: ='Monthly Model'!M52 -> 558370.16 | C35: ='Monthly Model'!M74 -> 309671.78 | D35: ='Monthly Model'!M80 -> 248698.37
A36: M12 | B36: ='Monthly Model'!N52 -> 608595.68 | C36: ='Monthly Model'!N74 -> 313413.36 | D36: ='Monthly Model'!N80 -> 276780.62
A37: M13 | B37: ='Monthly Model'!O52 -> 659904.83 | C37: ='Monthly Model'!O74 -> 427245.86 | D37: ='Monthly Model'!O80 -> 209393.07
A38: M14 | B38: ='Monthly Model'!P52 -> 712443.15 | C38: ='Monthly Model'!P74 -> 321181.79 | D38: ='Monthly Model'!P80 -> 352135.23
A39: M15 | B39: ='Monthly Model'!Q52 -> 766357.64 | C39: ='Monthly Model'!Q74 -> 325233.25 | D39: ='Monthly Model'!Q80 -> 397011.95
A40: M16 | B40: ='Monthly Model'!R52 -> 821797.14 | C40: ='Monthly Model'!R74 -> 329412.1 | D40: ='Monthly Model'!R80 -> 443146.54
A41: M17 | B41: ='Monthly Model'!S52 -> 878912.83 | C41: ='Monthly Model'!S74 -> 333730.14 | D41: ='Monthly Model'!S80 -> 490664.43
A42: M18 | B42: ='Monthly Model'!T52 -> 937858.66 | C42: ='Monthly Model'!T74 -> 338199.22 | D42: ='Monthly Model'!T80 -> 539693.49
A43: M19 | B43: ='Monthly Model'!U52 -> 998791.76 | C43: ='Monthly Model'!U74 -> 342831.37 | D43: ='Monthly Model'!U80 -> 590364.35
A44: M20 | B44: ='Monthly Model'!V52 -> 1061872.9 | C44: ='Monthly Model'!V74 -> 347638.81 | D44: ='Monthly Model'!V80 -> 642810.73
A45: M21 | B45: ='Monthly Model'!W52 -> 1127267.1 | C45: ='Monthly Model'!W74 -> 352634.06 | D45: ='Monthly Model'!W80 -> 697169.77
A46: M22 | B46: ='Monthly Model'!X52 -> 1195143.8 | C46: ='Monthly Model'!X74 -> 357829.97 | D46: ='Monthly Model'!X80 -> 753582.44
A47: M23 | B47: ='Monthly Model'!Y52 -> 1265677.4 | C47: ='Monthly Model'!Y74 -> 363239.79 | D47: ='Monthly Model'!Y80 -> 812193.88
A48: M24 | B48: ='Monthly Model'!Z52 -> 1339048.1 | C48: ='Monthly Model'!Z74 -> 368877.22 | D48: ='Monthly Model'!Z80 -> 873153.76

Sheet Assumptions
A2: 사업모델 가정과 조절값
A4: 조절 항목 | B4: 단위 | C4: 값 | D4: 근거 구분 | E4: 출처 ID | F4: 정의 / 바꿀 때 확인할 점 | G4: 출시 후 1개월 | H4: 출시 후 2개월 | I4: 출시 후 3개월 | J4: 출시 후 4개월 | K4: 출시 후 5개월 | L4: 출시 후 6개월 | M4: 출시 후 7개월 | N4: 출시 후 8개월 | O4: 출시 후 9개월 | P4: 출시 후 10개월 | Q4: 출시 후 11개월 | R4: 출시 후 12개월
A5: 상품 · 체험 · 추천 규칙 | G5: 오가닉 계절 계수
A6: Essential 월 가격 | B6: 원 | C6: 21900 | D6: 사용자 | E6: U | F6: 부가세 포함 소비자 표시가 | G6: 1 | H6: 1 | I6: 1 | J6: 1 | K6: 1 | L6: 1 | M6: 1 | N6: 1 | O6: 1 | P6: 1 | Q6: 1 | R6: 1
A7: Essential 학생가 | B7: 원 | C7: 13900 | D7: 사용자 | E7: U | F7: 학생 인증 시 같은 기능
A8: Pro 월 가격 | B8: 원 | C8: 28900 | D8: 사용자 | E8: U | F8: 부가세 포함 소비자 표시가 | G8: 2년차에도 같은 계수를 반복합니다. 방학·개강 효과는 실측 후 입력하세요.
A9: 일반 무료체험 기간 | B9: 일 | C9: 14 | D9: 사용자 | E9: U | F9: 30일 이하는 다음 달 전환, 더 길면 해당 개월 수만큼 지연
A10: 체험 최대 이용량 | B10: 분 | C10: 150 | D10: 사용자 | E10: U | F10: 체험 사용량에 상한 적용 | G10: 가격 비중 합계 | H10: =SUM(C33,C34,C35) -> 1
A11: 1인당 초대 코드 | B11: 개 | C11: 2 | D11: 사용자 | E11: U | F11: 추천 보상은 두 코드가 모두 인정될 때 지급
A12: 사전예약 첫달 무료 | B12: 개월 | C12: 1 | D12: 사용자 | E12: U | F12: 카드 등록을 완료한 유료 플랜 이용자
A13: 추천 보상 무료 기간 | B13: 개월 | C13: 1 | D13: 사용자 | E13: U | F13: 한 추천인이 코드 2개 모두 달성 시 1회 지급
A14: 신규 유입 · 무료체험 전환
A15: 출시 시 사전예약자 | B15: 명 | C15: 25 | D15: 가정 | E15: A | F15: 현재 웨이트리스트 실측값으로 교체
A16: 사전예약 → 계정 가입 | B16: % | C16: 0.6 | D16: 가정 | E16: A | F16: 사전예약자 중 출시 후 가입 비중
A17: 사전예약 가입 → 카드 등록 | B17: % | C17: 0.7 | D17: 가정 | E17: A | F17: 첫달 무료 혜택 시작 비중
A18: 출시 첫달 오가닉 가입 | B18: 명 | C18: 20 | D18: 가정 | E18: A | F18: 광고·추천 제외. 실측 획득 채널로 교체
A19: 오가닉 월 성장률 | B19: % | C19: 0.05 | D19: 가정 | E19: A | F19: 아래 학사시즌 계수와 별도 적용
A20: 오가닉 가입 → 카드 체험 | B20: % | C20: 0.6 | D20: 가정 | E20: B1 | F20: 체험→유료 전환과 곱해야 가입→유료
A21: 추천 자격자 중 두 코드 공유 | B21: % | C21: 0.2 | D21: 참고 기반 가정 | E21: B3 | F21: 추천으로 유입된 고객의 공유율 참고. 본 제품 실측 아님
A22: 초대 코드 수신 → 가입 | B22: % | C22: 0.3 | D22: 참고 기반 가정 | E22: B3 | F22: 공유한 각 코드의 가입 확률
A23: 추천 가입 → 카드 체험 | B23: % | C23: 0.7 | D23: 가정 | E23: A | F23: 카드 등록 후 무료체험 시작이 추천 인정 조건
A24: 오가닉 카드 체험 → 유료 | B24: % | C24: 0.25 | D24: 가정 | E24: B1 | F24: 가입→유료 8.75%. 조사 수치는 6개월 기준이라 직접 비교 불가
A25: 추천 카드 체험 → 유료 | B25: % | C25: 0.25 | D25: 가정 | E25: B1 | F25: 체험 완료 다음 달부터 유료 과금
A26: 사전예약 첫달 무료 → 유료 | B26: % | C26: 0.4 | D26: 가정 | E26: A | F26: 무료 한 달 후 첫 결제 성공률
A27: 기존 고객 유지 · 가격 구성
A28: Essential 월 유료 이탈률 | B28: % | C28: 0.064 | D28: 벤치마크 | E28: B2 | F28: 저가 SaaS의 월 고객 이탈률 6.1~6.4% 참고
A29: 학생가 월 유료 이탈률 | B29: % | C29: 0.064 | D29: 벤치마크 | E29: B2 | F29: 방학 영향 미반영. 학사시즌 계수 조정 권장
A30: Pro 월 유료 이탈률 | B30: % | C30: 0.064 | D30: 벤치마크 | E30: B2 | F30: 계약/실측 전까지 동일 기본값
A31: Free 월 비활성 이탈률 | B31: % | C31: 0.3 | D31: 가정 | E31: A | F31: Free 계정 활성 사용자 재고의 이탈
A32: 유료 이탈 → Free 잔류 | B32: % | C32: 0.3 | D32: 가정 | E32: A | F32: 유료 해지 후 무료 사용자는 Free 재고로 이동
A33: 신규 유료 Essential 비중 | B33: % | C33: 0.4 | D33: 가정 | E33: A | F33: 학생가·Pro 비중과 합계 100%
A34: 신규 유료 학생가 비중 | B34: % | C34: 0.45 | D34: 가정 | E34: A | F34: 학생 타깃 특성 반영한 초기 가정
A35: 신규 유료 Pro 비중 | B35: % | C35: 0.15 | D35: 가정 | E35: A | F35: 나머지와 합계 100%
A36: 다음달 추천 보상 사용률 | B36: % | C36: 0.7 | D36: 가정 | E36: A | F36: 미사용분은 만료. 유료 구독 지속 여부 근사
A37: 활동량 · 추론 비용
A38: Essential 유료 월 평균 강의 | B38: 분 | C38: 200 | D38: 가정 | E38: A | F38: 제공 한도가 아닌 실제 평균 사용량
A39: 학생가 유료 월 평균 강의 | B39: 분 | C39: 200 | D39: 가정 | E39: A | F39: 제공 한도가 아닌 실제 평균 사용량
A40: Pro 유료 월 평균 강의 | B40: 분 | C40: 400 | D40: 가정 | E40: A | F40: 제공 한도가 아닌 실제 평균 사용량
A41: 체험 1인 평균 강의 | B41: 분 | C41: 80 | D41: 가정 | E41: A | F41: 200분 체험 상한 적용
A42: 사전예약 무료월 평균 강의 | B42: 분 | C42: 200 | D42: 가정 | E42: A | F42: 첫 달은 유료 플랜 기능 이용
A43: Free 월 평균 강의 | B43: 분 | C43: 60 | D43: 가정 | E43: A | F43: 기본은 기기 내 처리, 외부 LLM 0
A44: 유료·체험 강의의 외부 AI 요약 비중 | B44: % | C44: 1 | D44: 가정 | E44: A | F44: 사용자가 별도 동의한 텍스트 요약만 포함
A45: 강의 1분당 입력 토큰 | B45: 토큰 | C45: 500 | D45: 가정 | E45: A | F45: 자막·OCR·프롬프트 합계. 실측 API 로그로 교체
A46: 강의 1분당 출력 토큰 | B46: 토큰 | C46: 100 | D46: 가정 | E46: A | F46: 노트 출력. 실측 API 로그로 교체
A47: 재시도·부가 호출 배수 | B47: 배 | C47: 1.2 | D47: 가정 | E47: A | F47: 요약 단계 수와 실패 재시도 포함
A48: Gemini 3.8 Flash 사용 비중 | B48: % | C48: 0.5 | D48: 가정 | E48: A | F48: 나머지는 Flash Lite. 실제 기본 모델은 Flash Lite
A49: Flash Lite 입력 USD/100만 토큰 | B49: USD | C49: 0.1 | D49: 공식 요금 | E49: P3 | F49: OpenRouter Google Vertex 공개 단가
... A56: 비전 엔진 1분당 원가 | B56: 원 | C56: 0 | D56: 미측정 | E56: A | F56: 프레임/토큰 실측 전에는 0. 원가가 누락될 수 있음
A57: 호스팅 · 결제 · 판관비 · 세금
A58: Vercel Pro 기본료 | B58: USD | C58: 20 | D58: 공식 요금 | E58: P1 | F58: 월 20달러 플랫폼 요금. 사용량 크레딧 포함
A59: Vercel 월 초과 사용료 | B59: USD | C59: 0 | D59: 미측정 | E59: P1 | F59: 트래픽별 초과액을 실제 청구서로 입력
A60: Supabase Pro 기본료 | B60: USD | C60: 25 | D60: 공식 요금 | E60: P2 | F60: 첫 프로젝트 기본료
A61: Supabase 10만 MAU 초과 단가 | B61: USD | C61: 0.00325 | D61: 공식 요금 | E61: P2 | F61: 활성 사용자 수에 적용. 기타 초과는 별도
A62: Supabase 기타 초과 사용료 | B62: USD | C62: 0 | D62: 미측정 | E62: P2 | F62: DB·전송량·스토리지 초과액 입력
A63: 카드 결제 비율 수수료 | B63: % | C63: 0.034 | D63: 참고 단가 | E63: P6 | F63: 토스 일반카드 요율. 구독 자동결제 계약 시 확인
A64: PG 가입비 | B64: 원 | C64: 220000 | D64: 참고 단가 | E64: P6 | F64: 첫 달 1회 반영. 계약별 변경 가능
A65: PG 연관리비 | B65: 원 | C65: 110000 | D65: 참고 단가 | E65: P6 | F65: 1개월과 13개월 반영
A66: 활성 계정당 월 지원 비용 | B66: 원 | C66: 100 | D66: 가정 | E66: A | F66: 인원 수 증가에 따른 지원·운영 변동비
A67: 월 마케팅비 | B67: 원 | C67: 0 | D67: 가정 | E67: A | F67: 유료 광고·콘텐츠 제작 등. 오가닉과 비용 혼동 금지
A68: 월 인건비 | B68: 원 | C68: 0 | D68: 가정 | E68: A | F68: 창업자 보수 포함 가상값. 실제 인건비로 교체
A69: 기타 월 판관비 | B69: 원 | C69: 200000 | D69: 가정 | E69: A | F69: 법무·소프트웨어·운영비
... A71: 법인세 추정률 | B71: % | C71: 0.1 | D71: 단순화 | E71: P8 | F71: 2억원 이하 구간 예시. 월 손실이월 단순 근사

Sheet Monthly Model
A2: 24개월 월별 가입 · 매출 · 손익
A4: 지표 | B4: 단위 | C4: M1 | D4: M2 | E4: M3 | F4: M4 | G4: M5 | H4: M6 | I4: M7 | J4: M8 | K4: M9 | L4: M10 | M4: M11 | N4: M12 | O4: M13 | P4: M14 | Q4: M15 | R4: M16 | S4: M17 | T4: M18 | U4: M19 | V4: M20 | W4: M21 | X4: M22 | Y4: M23 | Z4: M24
A5: 유입 · 카드 등록
A6: 출시 시 사전예약 명단 | B6: 명 | C6: =Assumptions!$C$15 -> 25 | D6: =0 -> 0 | E6: =0 -> 0 | F6: =0 -> 0 | G6: =0 -> 0 | H6: =0 -> 0 | I6: =0 -> 0 | J6: =0 -> 0 | K6: =0 -> 0 | ... Z6: =0 -> 0
A7: 사전예약 → 실제 가입 | B7: 명 | C7: =C6*Assumptions!$C$16 -> 15 | D7: =D6*Assumptions!$C$16 -> 0 | E7: =E6*Assumptions!$C$16 -> 0 | F7: =F6*Assumptions!$C$16 -> 0 | G7: =G6*Assumptions!$C$16 -> 0 | H7: =H6*Assumptions!$C$16 -> 0 | I7: =I6*Assumptions!$C$16 -> 0 | J7: =J6*Assumptions!$C$16 -> 0 | ... Z7: =Z6*Assumptions!$C$16 -> 0
A8: 사전예약 카드 등록 · 첫달 무료 | B8: 명 | C8: =C7*Assumptions!$C$17 -> 10.5 | D8: =D7*Assumptions!$C$17 -> 0 | E8: =E7*Assumptions!$C$17 -> 0 | F8: =F7*Assumptions!$C$17 -> 0 | G8: =G7*Assumptions!$C$17 -> 0 | H8: =H7*Assumptions!$C$17 -> 0 | I8: =I7*Assumptions!$C$17 -> 0 | J8: =J7*Assumptions!$C$17 -> 0 | ... Z8: =Z7*Assumptions!$C$17 -> 0
A9: 오가닉 신규 가입 | B9: 명 | C9: =Assumptions!$C$18*(1+Assumptions!$C$19)^0*Assumptions!$G$6 -> 20 | D9: =Assumptions!$C$18*(1+Assumptions!$C$19)^1*Assumptions!$H$6 -> 21 | E9: =Assumptions!$C$18*(1+Assumptions!$C$19)^2*Assumptions!$I$6 -> 22.05 | F9: =Assumptions!$C$18*(1+Assumptions!$C$19)^3*Assumptions!$J$6 -> 23.1525 | G9: =Assumptions!$C$18*(1+Assumptions!$C$19)^4*Assumptions!$K$6 -> 24.310125 | H9: =Assumptions!$C$18*(1+Assumptions!$C$19)^5*Assumptions!$L$6 -> 25.525631 | I9: =Assumptions!$C$18*(1+Assumptions!$C$19)^6*Assumptions!$M$6 -> 26.801913 | J9: =Assumptions!$C$18*(1+Assumptions!$C$19)^7*Assumptions!$N$6 -> 28.142008 | K9: =Assumptions!$C$18*(1+Assumptions!$C$19)^8*Assumptions!$O$6 -> 29.549109 | L9: =Assumptions!$C$18*(1+Assumptions!$C$19)^9*Assumptions!$P$6 -> 31.026564 | M9: =Assumptions!$C$18*(1+Assumptions!$C$19)^10*Assumptions!$Q$6 -> 32.577893 | N9: =Assumptions!$C$18*(1+Assumptions!$C$19)^11*Assumptions!$R$6 -> 34.206787 | O9: =Assumptions!$C$18*(1+Assumptions!$C$19)^12*Assumptions!$G$6 -> 35.917127 | P9: =Assumptions!$C$18*(1+Assumptions!$C$19)^13*Assumptions!$H$6 -> 37.712983 | Q9: =Assumptions!$C$18*(1+Assumptions!$C$19)^14*Assumptions!$I$6 -> 39.598632 | R9: =Assumptions!$C$18*(1+Assumptions!$C$19)^15*Assumptions!$J$6 -> 41.578564 | S9: =Assumptions!$C$18*(1+Assumptions!$C$19)^16*Assumptions!$K$6 -> 43.657492 | T9: =Assumptions!$C$18*(1+Assumptions!$C$19)^17*Assumptions!$L$6 -> 45.840366 | U9: =Assumptions!$C$18*(1+Assumptions!$C$19)^18*Assumptions!$M$6 -> 48.132385 | V9: =Assumptions!$C$18*(1+Assumptions!$C$19)^19*Assumptions!$N$6 -> 50.539004 | W9: =Assumptions!$C$18*(1+Assumptions!$C$19)^20*Assumptions!$O$6 -> 53.065954 | X9: =Assumptions!$C$18*(1+Assumptions!$C$19)^21*Assumptions!$P$6 -> 55.719252 | Y9: =Assumptions!$C$18*(1+Assumptions!$C$19)^22*Assumptions!$Q$6 -> 58.505214 | Z9: =Assumptions!$C$18*(1+Assumptions!$C$19)^23*Assumptions!$R$6 -> 61.430475
A10: 추천 코드 2개 공유자 | B10: 명 | C10: =0 -> 0 | D10: =(C8+C12)*Assumptions!$C$21 -> 2.1 | E10: =(D8+D12)*Assumptions!$C$21 -> 0.1764 | F10: =(E8+E12)*Assumptions!$C$21 -> 0.0148176 | G10: =(F8+F12)*Assumptions!$C$21 -> 0.0012446784 | H10: =(G8+G12)*Assumptions!$C$21 -> 0.00010455299 | I10: =(H8+H12)*Assumptions!$C$21 -> 8.7824508e-06 | J10: =(I8+I12)*Assumptions!$C$21 -> 7.3772587e-07 | K10: =(J8+J12)*Assumptions!$C$21 -> 6.1968973e-08 | ... Z10: =(Y8+Y12)*Assumptions!$C$21 -> 4.532769e-24
A11: 추천 코드 신규 가입 | B11: 명 | C11: =C10*Assumptions!$C$11*Assumptions!$C$22 -> 0 | D11: =D10*Assumptions!$C$11*Assumptions!$C$22 -> 1.26 | E11: =E10*Assumptions!$C$11*Assumptions!$C$22 -> 0.10584 | F11: =F10*Assumptions!$C$11*Assumptions!$C$22 -> 0.00889056 | G11: =G10*Assumptions!$C$11*Assumptions!$C$22 -> 0.00074680704 | H11: =H10*Assumptions!$C$11*Assumptions!$C$22 -> 6.2731791e-05 | I11: =I10*Assumptions!$C$11*Assumptions!$C$22 -> 5.2694705e-06 | J11: =J10*Assumptions!$C$11*Assumptions!$C$22 -> 4.4263552e-07 | ... Z11: =Z10*Assumptions!$C$11*Assumptions!$C$22 -> 2.7196614e-24
A12: 추천 카드 등록 체험 | B12: 명 | C12: =C11*Assumptions!$C$23 -> 0 | D12: =D11*Assumptions!$C$23 -> 0.882 | E12: =E11*Assumptions!$C$23 -> 0.074088 | F12: =F11*Assumptions!$C$23 -> 0.006223392 | G12: =G11*Assumptions!$C$23 -> 0.00052276493 | H12: =H11*Assumptions!$C$23 -> 4.3912254e-05 | I12: =I11*Assumptions!$C$23 -> 3.6886293e-06 | J12: =J11*Assumptions!$C$23 -> 3.0984486e-07 | ... Z12: =Z11*Assumptions!$C$23 -> 1.903763e-24
A13: 오가닉 카드 등록 체험 | B13: 명 | C13: =C9*Assumptions!$C$20 -> 12 | D13: =D9*Assumptions!$C$20 -> 12.6 | E13: =E9*Assumptions!$C$20 -> 13.23 | F13: =F9*Assumptions!$C$20 -> 13.8915 | G13: =G9*Assumptions!$C$20 -> 14.586075 | H13: =H9*Assumptions!$C$20 -> 15.315379 | I13: =I9*Assumptions!$C$20 -> 16.081148 | J13: =J9*Assumptions!$C$20 -> 16.885205 | ... Z13: =Z9*Assumptions!$C$20 -> 36.858285
A14: 전체 신규 가입 | B14: 명 | C14: =SUM(C7,C9,C11) -> 35 | D14: =SUM(D7,D9,D11) -> 22.26 | E14: =SUM(E7,E9,E11) -> 22.15584 | F14: =SUM(F7,F9,F11) -> 23.161391 | G14: =SUM(G7,G9,G11) -> 24.310872 | H14: =SUM(H7,H9,H11) -> 25.525694 | I14: =SUM(I7,I9,I11) -> 26.801918 | J14: =SUM(J7,J9,J11) -> 28.142009 | ... Z14: =SUM(Z7,Z9,Z11) -> 61.430475
A15: 신규 카드 등록 | B15: 명 | C15: =SUM(C8,C13,C12) -> 22.5 | D15: =SUM(D8,D13,D12) -> 13.482 | E15: =SUM(E8,E13,E12) -> 13.304088 | F15: =SUM(F8,F13,F12) -> 13.897723 | G15: =SUM(G8,G13,G12) -> 14.586598 | H15: =SUM(H8,H13,H12) -> 15.315423 | I15: =SUM(I8,I13,I12) -> 16.081151 | J15: =SUM(J8,J13,J12) -> 16.885205 | ... Z15: =SUM(Z8,Z13,Z12) -> 36.858285
A17: 가입 전환 · 고객 유지
A18: 오가닉 신규 유료 | B18: 명 | C18: =SUM(IF(0=MAX(1,ROUNDUP(Assumptions!$C$9/30,0)),C13*Assumptions!$C$24,0)) -> 0 | D18: =SUM(IF(1=MAX(1,ROUNDUP(Assumptions!$C$9/30,0)),C13*Assumptions!$C$24,0),IF(0=MAX(1,ROUNDUP(Assumptions!$C$9/30,0)),D13*Assumptions!$C$24,0)) -> 3 | E18: =SUM(IF(2=MAX(1,ROUNDUP(Assumptions!$C$9/30,0)),C13*Assumptions!$C$24,0),IF(1=MAX(1,ROUNDUP(Assumptions!$C$9/30,0)),D13*Assumptions!$C$24,0),IF(0=MAX(1,ROUNDUP(Assumptions!$C$9/30,0)),E13*Assumptions!$C$24,0)) -> 3.15 | F18: =SUM(IF(3=MAX(1,ROUNDUP(Assumptions!$C$9/30,0)),C13*Assumptions!$C$24,0),IF(2=MAX(1,ROUNDUP(Assumptions!$C$9/30,0)),D13*Assumptions!$C$24,0),IF(1=MAX(1,ROUNDUP(Assumptions!$C$9/30,0)),E13*Assumptions!$C$24,0),IF(0=MAX(1,ROUNDUP(Assumptions!$C$9/30,0)),F13*Assumptions!$C$24,0)) -> 3.3075 | G18: =SUM(IF(4=MAX(1,ROUNDUP(Assumptions!$C$9/30,0)),C13*Assumptions!$C$24,0),IF(3=MAX(1,ROUNDUP(Assumptions!$C$9/30,0)),D13*Assumptions!$C$24,0),IF(2=MAX(1,ROUNDUP(Assumptions!$C$9/30,0)),E13*Assumptions!$C$24,0),IF(1=MAX(1,ROUNDUP(Assumptions!$C$9/30,0)),F13*Assumptions!$C$24,0),IF(0=MAX(1,ROUNDUP(Assumptions!$C$9/30,0)),G13*Assumptions!$C$24,0)) -> 3.472875 | H18: =SUM(IF(5=MAX(1,ROUNDUP(Assumptions!$C$9/30,0)),C13*Assumptions!$C$24,0),IF(4=MAX(1,ROUNDUP(Assumptions!$C$9/30,0)),D13*Assumptions!$C$24,0),IF(3=MAX(1,ROUNDUP(Assumptions!$C$9/30,0)),E13*Assumptions!$C$24,0),IF(2=MAX(1,ROUNDUP(Assumptions!$C$9/30,0)),F13*Assumptions!$C$24,0),IF(1=MAX(1,ROUNDUP(Assumptions!$C$9/30,0)),G13*Assumptions!$C$24,0),IF(0=MAX(1,ROUNDUP(Assumptions!$C$9/30,0)),H13*Assumptions!$C$24,0)) -> 3.6465187 | I18: =SUM(IF(6=MAX(1,ROUNDUP(Assumptions!$C$9/30,0)),C13*Assumptions!$C$24,0),IF(5=MAX(1,ROUNDUP(Assumptions!$C$9/30,0)),D13*Assumptions!$C$24,0),IF(4=MAX(1,ROUNDUP(Assumptions!$C$9/30,0)),E13*Assumptions!$C$24,0),IF(3=MAX(1,ROUNDUP(Assumptions!$C$9/30,0)),F13*Assumptions!$C$24,0),IF(2=MAX(1,ROUNDUP(Assumptions!$C$9/30,0)),G13*Assumptions!$C$24,0),IF(1=MAX(1,ROUNDUP(Assumptions!$C$9/30,0)),H13*Assumptions!$C$24,0),IF(0=MAX(1,ROUNDUP(Assumptions!$C$9/30,0)),I13*Assumptions!$C$24,0)) -> 3.8288447 | J18: =SUM(IF(7=MAX(1,ROUNDUP(Assumptions!$C$9/30,0)),C13*Assumptions!$C$24,0),IF(6=MAX(1,ROUNDUP(Assumptions!$C$9/30,0)),D13*Assumptions!$C$24,0),IF(5=MAX(1,ROUNDUP(Assumptions!$C$9/30,0)),E13*Assumptions!$C$24,0),IF(4=MAX(1,ROUNDUP(Assumptions!$C$9/30,0)),F13*Assumptions!$C$24,0),IF(3=MAX(1,ROUNDUP(Assumptions!$C$9/30,0)),G13*Assumptions!$C$24,0),IF(2=MAX(1,ROUNDUP(Assumptions!$C$9/30,0)),H13*Assumptions!$C$24,0),IF(1=MAX(1,ROUNDUP(Assumptions!$C$9/30,0)),I13*Assumptions!$C$24,0),IF(0=MAX(1,ROUNDUP(Assumptions!$C$9/30,0)),J13*Assumptions!$C$24,0)) -> 4.0202869 | K18: =SUM(IF(8=MAX(1,ROUNDUP(Assumptions!$C$9/30,0)),C13*Assumptions!$C$24,0),IF(7=MAX(1,ROUNDUP(Assumptions!$C$9/30,0)),D13*Assumptions!$C$24,0),IF(6=MAX(1,ROUNDUP(Assumptions!$C$9/30,0)),E13*Assumptions!$C$24,0),IF(5=MAX(1,ROUNDUP(Assumptions!$C$9/30,0)),F13*Assumptions!$C$24,0),IF(4=MAX(1,ROUNDUP(Assumptions!$C$9/30,0)),G13*Assumptions!$C$24,0),IF(3=MAX(1,ROUNDUP(Assumptions!$C$9/30,0)),H13*Assumptions!$C$24,0),IF(2=MAX(1,ROUNDUP(Assumptions!$C$9/30,0)),I13*Assumptions!$C$24,0),IF(1=MAX(1,ROUNDUP(Assumptions!$C$9/30,0)),J13*Assumptions!$C$24,0),IF(0=MAX(1,ROUNDUP(Assumptions!$C$9/30,0)),K13*Assumptions!$C$24,0)) -> 4.2213013 | L18: =SUM(IF(9=MAX(1,ROUNDUP(Assumptions!$C$9/30,0)),C13*Assumptions!$C$24,0),IF(8=MAX(1,ROUNDUP(Assumptions!$C$9/30,0)),D13*Assumptions!$C$24,0),IF(7=MAX(1,ROUNDUP(Assumptions!$C$9/30,0)),E13*Assumptions!$C$24,0),IF(6=MAX(1,ROUNDUP(Assumptions!$C$9/30,0)),F13*Assumptions!$C$24,0),IF(5=MAX(1,ROUNDUP(Assumptions!$C$9/30,0)),G13*Assumptions!$C$24,0),IF(4=MAX(1,ROUNDUP(Assumptions!$C$9/30,0)),H13*Assumptions!$C$24,0),IF(3=MAX(1,ROUNDUP(Assumptions!$C$9/30,0)),I13*Assumptions!$C$24,0),IF(2=MAX(1,ROUNDUP(Assumptions!$C$9/30,0)),J13*Assumptions!$C$24,0),IF(1=MAX(1,ROUNDUP(Assumptions!$C$9/30,0)),K13*Assumptions!$C$24,0),IF(0=MAX(1,ROUNDUP(Assumptions!$C$9/30,0)),L13*Assumptions!$C$24,0)) -> 4.4323663 | M18: =SUM(IF(10=MAX(1,ROUNDUP(Assumptions!$C$9/30,0)),C13*Assumptions!$C$24,0),IF(9=MAX(1,ROUNDUP(Assumptions!$C$9/30,0)),D13*Assumptions!$C$24,0),IF(8=MAX(1,ROUNDUP(Assumptions!$C$9/30,0)),E13*Assumptions!$C$24,0),IF(7=MAX(1,ROUNDUP(Assumptions!$C$9/30,0)),F13*Assumptions!$C$24,0),IF(6=MAX(1,ROUNDUP(Assumptions!$C$9/30,0)),G13*Assumptions!$C$24,0),IF(5=MAX(1,ROUNDUP(Assumptions!$C$9/30,0)),H13*Assumptions!$C$24,0),IF(4=MAX(1,ROUNDUP(Assumptions!$C$9/30,0)),I13*Assumptions!$C$24,0),IF(3=MAX(1,ROUNDUP(Assumptions!$C$9/30,0)),J13*Assumptions!$C$24,0),IF(2=MAX(1,ROUNDUP(Assumptions!$C$9/30,0)),K13*Assumptions!$C$24,0),IF(1=MAX(1,ROUNDUP(Assumptions!$C$9/30,0)),L13*Assumptions!$C$24,0),IF(0=MAX(1,ROUNDUP(Assumptions!$C$9/30,0)),M13*Assumptions!$C$24,0)) -> 4.6539846 | N18: =SUM(IF(11=MAX(1,ROUNDUP(Assumptions!$C$9/30,0)),C13*Assumptions!$C$24,0),IF(10=MAX(1,ROUNDUP(Assumptions!$C$9/30,0)),D13*Assumptions!$C$24,0),IF(9=MAX(1,ROUNDUP(Assumptions!$C$9/30,0)),E13*Assumptions!$C$24,0),IF(8=MAX(1,ROUNDUP(Assumptions!$C$9/30,0)),F13*Assumptions!$C$24,0),IF(7=MAX(1,ROUNDUP(Assumptions!$C$9/30,0)),G13*Assumptions!$C$24,0),IF(6=MAX(1,ROUNDUP(Assumptions!$C$9/30,0)),H13*Assumptions!$C$24,0),IF(5=MAX(1,ROUNDUP(Assumptions!$C$9/30,0)),I13*Assumptions!$C$24,0),IF(4=MAX(1,ROUNDUP(Assumptions!$C$9/30,0)),J13*Assumptions!$C$24,0),IF(3=MAX(1,ROUNDUP(Assumptions!$C$9/30,0)),K13*Assumptions!$C$24,0),IF(2=MAX(1,ROUNDUP(Assumptions!$C$9/30,0)),L13*Assumptions!$C$24,0),IF(1=MAX(1,ROUNDUP(Assumptions!$C$9/30,0)),M13*Assumptions!$C$24,0),IF(0=MAX(1,ROUNDUP(Assumptions!$C$9/30,0)),N13*Assumptions!$C$24,0)) -> 4.8866839 | O18: =SUM(IF(12=MAX(1,ROUNDUP(Assumptions!$C$9/30,0)),C13*Assumptions!$C$24,0),IF(11=MAX(1,ROUNDUP(Assumptions!$C$9/30,0)),D13*Assumptions!$C$24,0),IF(10=MAX(1,ROUNDUP(Assumptions!$C$9/30,0)),E13*Assumptions!$C$24,0),IF(9=MAX(1,ROUNDUP(Assumptions!$C$9/30,0)),F13*Assumptions!$C$24,0),IF(8=MAX(1,ROUNDUP(Assumptions!$C$9/30,0)),G13*Assumptions!$C$24,0),IF(7=MAX(1,ROUNDUP(Assumptions!$C$9/30,0)),H13*Assumptions!$C$24,0),IF(6=MAX(1,ROUNDUP(Assumptions!$C$9/30,0)),I13*Assumptions!$C$24,0),IF(5=MAX(1,ROUNDUP(Assumptions!$C$9/30,0)),J13*Assumptions!$C$24,0),IF(4=MAX(1,ROUNDUP(Assumptions!$C$9/30,0)),K13*Assumptions!$C$24,0),IF(3=MAX(1,ROUNDUP(Assumptions!$C$9/30,0)),L13*Assumptions!$C$24,0),IF(2=MAX(1,ROUNDUP(Assumptions!$C$9/30,0)),M13*Assumptions!$C$24,0),IF(1=MAX(1,ROUNDUP(Assumptions!$C$9/30,0)),N13*Assumptions!$C$24,0),IF(0=MAX(1,ROUNDUP(Assumptions!$C$9/30,0)),O13*Assumptions!$C$24,0)) -> 5.1310181 | P18: =SUM(IF(13=MAX(1,ROUNDUP(Assumptions!$C$9/30,0)),C13*Assumptions!$C$24,0),IF(12=MAX(1,ROUNDUP(Assumptions!$C$9/30,0)),D13*Assumptions!$C$24,0),IF(11=MAX(1,ROUNDUP(Assumptions!$C$9/30,0)),E13*Assumptions!$C$24,0),IF(10=MAX(1,ROUNDUP(Assumptions!$C$9/30,0)),F13*Assumptions!$C$24,0),IF(9=MAX(1,ROUNDUP(Assumptions!$C$9/30,0)),G13*Assumptions!$C$24,0),IF(8=MAX(1,ROUNDUP(Assumptions!$C$9/30,0)),H13*Assumptions!$C$24,0),IF(7=MAX(1,ROUNDUP(Assumptions!$C$9/30,0)),I13*Assumptions!$C$24,0),IF(6=MAX(1,ROUNDUP(Assumptions!$C$9/30,0)),J13*Assumptions!$C$24,0),IF(5=MAX(1,ROUNDUP(Assumptions!$C$9/30,0)),K13*Assumptions!$C$24,0),IF(4=MAX(1,ROUNDUP(Assumptions!$C$9/30,0)),L13*Assumptions!$C$24,0),IF(3=MAX(1,ROUNDUP(Assumptions!$C$9/30,0)),M13*Assumptions!$C$24,0),IF(2=MAX(1,ROUNDUP(Assumptions!$C$9/30,0)),N13*Assumptions!$C$24,0),IF(1=MAX(1,ROUNDUP(Assumptions!$C$9/30,0)),O13*Assumptions!$C$24,0),IF(0=MAX(1,ROUNDUP(Assumptions!$C$9/30,0)),P13*Assumptions!$C$24,0)) -> 5.387569 | Q18: =SUM(IF(14=MAX(1,ROUNDUP(Assumptions!$C$9/30,0)),C13*Assumptions!$C$24,0),IF(13=MAX(1,ROUNDUP(Assumptions!$C$9/30,0)),D13*Assumptions!$C$24,0),IF(12=MAX(1,ROUNDUP(Assumptions!$C$9/30,0)),E13*Assumptions!$C$24,0),IF(11=MAX(1,ROUNDUP(Assumptions!$C$9/30,0)),F13*Assumptions!$C$24,0),IF(10=MAX(1,ROUNDUP(Assumptions!$C$9/30,0)),G13*Assumptions!$C$24,0),IF(9=MAX(1,ROUNDUP(Assumptions!$C$9/30,0)),H13*Assumptions!$C$24,0),IF(8=MAX(1,ROUNDUP(Assumptions!$C$9/30,0)),I13*Assumptions!$C$24,0),IF(7=MAX(1,ROUNDUP(Assumptions!$C$9/30,0)),J13*Assumptions!$C$24,0),IF(6=MAX(1,ROUNDUP(Assumptions!$C$9/30,0)),K13*Assumptions!$C$24,0),IF(5=MAX(1,ROUNDUP(Assumptions!$C$9/30,0)),L13*Assumptions!$C$24,0),IF(4=MAX(1,ROUNDUP(Assumptions!$C$9/30,0)),M13*Assumptions!$C$24,0),IF(3=MAX(1,ROUNDUP(Assumptions!$C$9/30,0)),N13*Assumptions!$C$24,0),IF(2=MAX(1,ROUNDUP(Assumptions!$C$9/30,0)),O13*Assumptions!$C$24,0),IF(1=MAX(1,ROUNDUP(Assumptions!$C$9/30,0)),P13*Assumptions!$C$24,0),IF(0=MAX(1,ROUNDUP(Assumptions!$C$9/30,0)),Q13*Assumptions!$C$24,0)) -> 5.6569474 | R18: =SUM(IF(15=MAX(1,ROUNDUP(Assumptions!$C$9/30,0)),C13*Assumptions!$C$24,0),IF(14=MAX(1,ROUNDUP(Assumptions!$C$9/30,0)),D13*Assumptions!$C$24,0),IF(13=MAX(1,ROUNDUP(Assumptions!$C$9/30,0)),E13*Assumptions!$C$24,0),IF(12=MAX(1,ROUNDUP(Assumptions!$C$9/30,0)),F13*Assumptions!$C$24,0),IF(11=MAX(1,ROUNDUP(Assumptions!$C$9/30,0)),G13*Assumptions!$C$24,0),IF(10=MAX(1,ROUNDUP(Assumptions!$C$9/30,0)),H13*Assumptions!$C$24,0),IF(9=MAX(1,ROUNDUP(Assumptions!$C$9/30,0)),I13*Assumptions!$C$24,0),IF(8=MAX(1,ROUNDUP(Assumptions!$C$9/30,0)),J13*Assumptions!$C$24,0),IF(7=MAX(1,ROUNDUP(Assumptions!$C$9/30,0)),K13*Assumptions!$C$24,0),IF(6=MAX(1,ROUNDUP(Assumptions!$C$9/30,0)),L13*Assumptions!$C$24,0),IF(5=MAX(1,ROUNDUP(Assumptions!$C$9/30,0)),M13*Assumptions!$C$24,0),IF(4=MAX(1,ROUNDUP(Assumptions!$C$9/30,0)),N13*Assumptions!$C$24,0),IF(3=MAX(1,ROUNDUP(Assumptions!$C$9/30,0)),O13*Assumptions!$C$24,0),IF(2=MAX(1,ROUNDUP(Assumptions!$C$9/30,0)),P13*Assumptions!$C$24,0),IF(1=MAX(1,ROUNDUP(Assumptions!$C$9/30,0)),Q13*Assumptions!$C$24,0),IF(0=MAX(1,ROUNDUP(Assumptions!$C$9/30,0)),R13*Assumptions!$C$24,0)) -> 5.9397948 | S18: =SUM(IF(16=MAX(1,ROUNDUP(Assumptions!$C$9/30,0)),C13*Assumptions!$C$24,0),IF(15=MAX(1,ROUNDUP(Assumptions!$C$9/30,0)),D13*Assumptions!$C$24,0),IF(14=MAX(1,ROUNDUP(Assumptions!$C$9/30,0)),E13*Assumptions!$C$24,0),IF(13=MAX(1,ROUNDUP(Assumptions!$C$9/30,0)),F13*Assumptions!$C$24,0),IF(12=MAX(1,ROUNDUP(Assumptions!$C$9/30,0)),G13*Assumptions!$C$24,0),IF(11=MAX(1,ROUNDUP(Assumptions!$C$9/30,0)),H13*Assumptions!$C$24,0),IF(10=MAX(1,ROUNDUP(Assumptions!$C$9/30,0)),I13*Assumptions!$C$24,0),IF(9=MAX(1,ROUNDUP(Assumptions!$C$9/30,0)),J13*Assumptions!$C$24,0),IF(8=MAX(1,ROUNDUP(Assumptions!$C$9/30,0)),K13*Assumptions!$C$24,0),IF(7=MAX(1,ROUNDUP(Assumptions!$C$9/30,0)),L13*Assumptions!$C$24,0),IF(6=MAX(1,ROUNDUP(Assumptions!$C$9/30,0)),M13*Assumptions!$C$24,0),IF(5=MAX(1,ROUNDUP(Assumptions!$C$9/30,0)),N13*Assumptions!$C$24,0),IF(4=MAX(1,ROUNDUP(Assumptions!$C$9/30,0)),O13*Assumptions!$C$24,0),IF(3=MAX(1,ROUNDUP(Assumptions!$C$9/30,0)),P13*Assumptions!$C$24,0),IF(2=MAX(1,ROUNDUP(Assumptions!$C$9/30,0)),Q13*Assumptions!$C$24,0),IF(1=MAX(1,ROUNDUP(Assumptions!$C$9/30,0)),R13*Assumptions!$C$24,0),IF(0=MAX(1,ROUNDUP(Assumptions!$C$9/30,0)),S13*Assumptions!$C$24,0)) -> 6.2367845 | T18: =SUM(IF(17=MAX(1,ROUNDUP(Assumptions!$C$9/30,0)),C13*Assumptions!$C$24,0),IF(16=MAX(1,ROUNDUP(Assumptions!$C$9/30,0)),D13*Assumptions!$C$24,0),IF(15=MAX(1,ROUNDUP(Assumptions!$C$9/30,0)),E13*Assumptions!$C$24,0),IF(14=MAX(1,ROUNDUP(Assumptions!$C$9/30,0)),F13*Assumptions!$C$24,0),IF(13=MAX(1,ROUNDUP(Assumptions!$C$9/30,0)),G13*Assumptions!$C$24,0),IF(12=MAX(1,ROUNDUP(Assumptions!$C$9/30,0)),H13*Assumptions!$C$24,0),IF(11=MAX(1,ROUNDUP(Assumptions!$C$9/30,0)),I13*Assumptions!$C$24,0),IF(10=MAX(1,ROUNDUP(Assumptions!$C$9/30,0)),J13*Assumptions!$C$24,0),IF(9=MAX(1,ROUNDUP(Assumptions!$C$9/30,0)),K13*Assumptions!$C$24,0),IF(8=MAX(1,ROUNDUP(Assumptions!$C$9/30,0)),L13*Assumptions!$C$24,0),IF(7=MAX(1,ROUNDUP(Assumptions!$C$9/30,0)),M13*Assumptions!$C$24,0),IF(6=MAX(1,ROUNDUP(Assumptions!$C$9/30,0)),N13*Assumptions!$C$24,0),IF(5=MAX(1,ROUNDUP(Assumptions!$C$9/30,0)),O13*Assumptions!$C$24,0),IF(4=MAX(1,ROUNDUP(Assumptions!$C$9/30,0)),P13*Assumptions!$C$24,0),IF(3=MAX(1,ROUNDUP(Assumptions!$C$9/30,0)),Q13*Assumptions!$C$24,0),IF(2=MAX(1,ROUNDUP(Assumptions!$C$9/30,0)),R13*Assumptions!$C$24,0),IF(1=MAX(1,ROUNDUP(Assumptions!$C$9/30,0)),S13*Assumptions!$C$24,0),IF(0=MAX(1,ROUNDUP(Assumptions!$C$9/30,0)),T13*Assumptions!$C$24,0)) -> 6.5486238 | U18: =SUM(IF(18=MAX(1,ROUNDUP(Assumptions!$C$9/30,0)),C13*Assumptions!$C$24,0),IF(17=MAX(1,ROUNDUP(Assumptions!$C$9/30,0)),D13*Assumptions!$C$24,0),IF(16=MAX(1,ROUNDUP(Assumptions!$C$9/30,0)),E13*Assumptions!$C$24,0),IF(15=MAX(1,ROUNDUP(Assumptions!$C$9/30,0)),F13*Assumptions!$C$24,0),IF(14=MAX(1,ROUNDUP(Assumptions!$C$9/30,0)),G13*Assumptions!$C$24,0),IF(13=MAX(1,ROUNDUP(Assumptions!$C$9/30,0)),H13*Assumptions!$C$24,0),IF(12=MAX(1,ROUNDUP(Assumptions!$C$9/30,0)),I13*Assumptions!$C$24,0),IF(11=MAX(1,ROUNDUP(Assumptions!$C$9/30,0)),J13*Assumptions!$C$24,0),IF(10=MAX(1,ROUNDUP(Assumptions!$C$9/30,0)),K13*Assumptions!$C$24,0),IF(9=MAX(1,ROUNDUP(Assumptions!$C$9/30,0)),L13*Assumptions!$C$24,0),IF(8=MAX(1,ROUNDUP(Assumptions!$C$9/30,0)),M13*Assumptions!$C$24,0),IF(7=MAX(1,ROUNDUP(Assumptions!$C$9/30,0)),N13*Assumptions!$C$24,0),IF(6=MAX(1,ROUNDUP(Assumptions!$C$9/30,0)),O13*Assumptions!$C$24,0),IF(5=MAX(1,ROUNDUP(Assumptions!$C$9/30,0)),P13*Assumptions!$C$24,0),IF(4=MAX(1,ROUNDUP(Assumptions!$C$9/30,0)),Q13*Assumptions!$C$24,0),IF(3=MAX(1,ROUNDUP(Assumptions!$C$9/30,0)),R13*Assumptions!$C$24,0),IF(2=MAX(1,ROUNDUP(Assumptions!$C$9/30,0)),S13*Assumptions!$C$24,0),IF(1=MAX(1,ROUNDUP(Assumptions!$C$9/30,0)),T13*Assumptions!$C$24,0),IF(0=MAX(1,ROUNDUP(Assumptions!$C$9/30,0)),U13*Assumptions!$C$24,0)) -> 6.876055 | V18: =SUM(IF(19=MAX(1,ROUNDUP(Assumptions!$C$9/30,0)),C13*Assumptions!$C$24,0),IF(18=MAX(1,ROUNDUP(Assumptions!$C$9/30,0)),D13*Assumptions!$C$24,0),IF(17=MAX(1,ROUNDUP(Assumptions!$C$9/30,0)),E13*Assumptions!$C$24,0),IF(16=MAX(1,ROUNDUP(Assumptions!$C$9/30,0)),F13*Assumptions!$C$24,0),IF(15=MAX(1,ROUNDUP(Assumptions!$C$9/30,0)),G13*Assumptions!$C$24,0),IF(14=MAX(1,ROUNDUP(Assumptions!$C$9/30,0)),H13*Assumptions!$C$24,0),IF(13=MAX(1,ROUNDUP(Assumptions!$C$9/30,0)),I13*Assumptions!$C$24,0),IF(12=MAX(1,ROUNDUP(Assumptions!$C$9/30,0)),J13*Assumptions!$C$24,0),IF(11=MAX(1,ROUNDUP(Assumptions!$C$9/30,0)),K13*Assumptions!$C$24,0),IF(10=MAX(1,ROUNDUP(Assumptions!$C$9/30,0)),L13*Assumptions!$C$24,0),IF(9=MAX(1,ROUNDUP(Assumptions!$C$9/30,0)),M13*Assumptions!$C$24,0),IF(8=MAX(1,ROUNDUP(Assumptions!$C$9/30,0)),N13*Assumptions!$C$24,0),IF(7=MAX(1,ROUNDUP(Assumptions!$C$9/30,0)),O13*Assumptions!$C$24,0),IF(6=MAX(1,ROUNDUP(Assumptions!$C$9/30,0)),P13*Assumptions!$C$24,0),IF(5=MAX(1,ROUNDUP(Assumptions!$C$9/30,0)),Q13*Assumptions!$C$24,0),IF(4=MAX(1,ROUNDUP(Assumptions!$C$9/30,0)),R13*Assumptions!$C$24,0),IF(3=MAX(1,ROUNDUP(Assumptions!$C$9/30,0)),S13*Assumptions!$C$24,0),IF(2=MAX(1,ROUNDUP(Assumptions!$C$9/30,0)),T13*Assumptions!$C$24,0),IF(1=MAX(1,ROUNDUP(Assumptions!$C$9/30,0)),U13*Assumptions!$C$24,0),IF(0=MAX(1,ROUNDUP(Assumptions!$C$9/30,0)),V13*Assumptions!$C$24,0)) -> 7.2198577 | W18: =SUM(IF(20=MAX(1,ROUNDUP(Assumptions!$C$9/30,0)),C13*Assumptions!$C$24,0),IF(19=MAX(1,ROUNDUP(Assumptions!$C$9/30,0)),D13*Assumptions!$C$24,0),IF(18=MAX(1,ROUNDUP(Assumptions!$C$9/30,0)),E13*Assumptions!$C$24,0),IF(17=MAX(1,ROUNDUP(Assumptions!$C$9/30,0)),F13*Assumptions!$C$24,0),IF(16=MAX(1,ROUNDUP(Assumptions!$C$9/30,0)),G13*Assumptions!$C$24,0),IF(15=MAX(1,ROUNDUP(Assumptions!$C$9/30,0)),H13*Assumptions!$C$24,0),IF(14=MAX(1,ROUNDUP(Assumptions!$C$9/30,0)),I13*Assumptions!$C$24,0),IF(13=MAX(1,ROUNDUP(Assumptions!$C$9/30,0)),J13*Assumptions!$C$24,0),IF(12=MAX(1,ROUNDUP(Assumptions!$C$9/30,0)),K13*Assumptions!$C$24,0),IF(11=MAX(1,ROUNDUP(Assumptions!$C$9/30,0)),L13*Assumptions!$C$24,0),IF(10=MAX(1,ROUNDUP(Assumptions!$C$9/30,0)),M13*Assumptions!$C$24,0),IF(9=MAX(1,ROUNDUP(Assumptions!$C$9/30,0)),N13*Assumptions!$C$24,0),IF(8=MAX(1,ROUNDUP(Assumptions!$C$9/30,0)),O13*Assumptions!$C$24,0),IF(7=MAX(1,ROUNDUP(Assumptions!$C$9/30,0)),P13*Assumptions!$C$24,0),IF(6=MAX(1,ROUNDUP(Assumptions!$C$9/30,0)),Q13*Assumptions!$C$24,0),IF(5=MAX(1,ROUNDUP(Assumptions!$C$9/30,0)),R13*Assumptions!$C$24,0),IF(4=MAX(1,ROUNDUP(Assumptions!$C$9/30,0)),S13*Assumptions!$C$24,0),IF(3=MAX(1,ROUNDUP(Assumptions!$C$9/30,0)),T13*Assumptions!$C$24,0),IF(2=MAX(1,ROUNDUP(Assumptions!$C$9/30,0)),U13*Assumptions!$C$24,0),IF(1=MAX(1,ROUNDUP(Assumptions!$C$9/30,0)),V13*Assumptions!$C$24,0),IF(0=MAX(1,ROUNDUP(Assumptions!$C$9/30,0)),W13*Assumptions!$C$24,0)) -> 7.5808506 | X18: =SUM(IF(21=MAX(1,ROUNDUP(Assumptions!$C$9/30,0)),C13*Assumptions!$C$24,0),IF(20=MAX(1,ROUNDUP(Assumptions!$C$9/30,0)),D13*Assumptions!$C$24,0),IF(19=MAX(1,ROUNDUP(Assumptions!$C$9/30,0)),E13*Assumptions!$C$24,0),IF(18=MAX(1,ROUNDUP(Assumptions!$C$9/30,0)),F13*Assumptions!$C$24,0),IF(17=MAX(1,ROUNDUP(Assumptions!$C$9/30,0)),G13*Assumptions!$C$24,0),IF(16=MAX(1,ROUNDUP(Assumptions!$C$9/30,0)),H13*Assumptions!$C$24,0),IF(15=MAX(1,ROUNDUP(Assumptions!$C$9/30,0)),I13*Assumptions!$C$24,0),IF(14=MAX(1,ROUNDUP(Assumptions!$C$9/30,0)),J13*Assumptions!$C$24,0),IF(13=MAX(1,ROUNDUP(Assumptions!$C$9/30,0)),K13*Assumptions!$C$24,0),IF(12=MAX(1,ROUNDUP(Assumptions!$C$9/30,0)),L13*Assumptions!$C$24,0),IF(11=MAX(1,ROUNDUP(Assumptions!$C$9/30,0)),M13*Assumptions!$C$24,0),IF(10=MAX(1,ROUNDUP(Assumptions!$C$9/30,0)),N13*Assumptions!$C$24,0),IF(9=MAX(1,ROUNDUP(Assumptions!$C$9/30,0)),O13*Assumptions!$C$24,0),IF(8=MAX(1,ROUNDUP(Assumptions!$C$9/30,0)),P13*Assumptions!$C$24,0),IF(7=MAX(1,ROUNDUP(Assumptions!$C$9/30,0)),Q13*Assumptions!$C$24,0),IF(6=MAX(1,ROUNDUP(Assumptions!$C$9/30,0)),R13*Assumptions!$C$24,0),IF(5=MAX(1,ROUNDUP(Assumptions!$C$9/30,0)),S13*Assumptions!$C$24,0),IF(4=MAX(1,ROUNDUP(Assumptions!$C$9/30,0)),T13*Assumptions!$C$24,0),IF(3=MAX(1,ROUNDUP(Assumptions!$C$9/30,0)),U13*Assumptions!$C$24,0),IF(2=MAX(1,ROUNDUP(Assumptions!$C$9/30,0)),V13*Assumptions!$C$24,0),IF(1=MAX(1,ROUNDUP(Assumptions!$C$9/30,0)),W13*Assumptions!$C$24,0),IF(0=MAX(1,ROUNDUP(Assumptions!$C$9/30,0)),X13*Assumptions!$C$24,0)) -> 7.9598931 | Y18: =SUM(IF(22=MAX(1,ROUNDUP(Assumptions!$C$9/30,0)),C13*Assumptions!$C$24,0),IF(21=MAX(1,ROUNDUP(Assumptions!$C$9/30,0)),D13*Assumptions!$C$24,0),IF(20=MAX(1,ROUNDUP(Assumptions!$C$9/30,0)),E13*Assumptions!$C$24,0),IF(19=MAX(1,ROUNDUP(Assumptions!$C$9/30,0)),F13*Assumptions!$C$24,0),IF(18=MAX(1,ROUNDUP(Assumptions!$C$9/30,0)),G13*Assumptions!$C$24,0),IF(17=MAX(1,ROUNDUP(Assumptions!$C$9/30,0)),H13*Assumptions!$C$24,0),IF(16=MAX(1,ROUNDUP(Assumptions!$C$9/30,0)),I13*Assumptions!$C$24,0),IF(15=MAX(1,ROUNDUP(Assumptions!$C$9/30,0)),J13*Assumptions!$C$24,0),IF(14=MAX(1,ROUNDUP(Assumptions!$C$9/30,0)),K13*Assumptions!$C$24,0),IF(13=MAX(1,ROUNDUP(Assumptions!$C$9/30,0)),L13*Assumptions!$C$24,0),IF(12=MAX(1,ROUNDUP(Assumptions!$C$9/30,0)),M13*Assumptions!$C$24,0),IF(11=MAX(1,ROUNDUP(Assumptions!$C$9/30,0)),N13*Assumptions!$C$24,0),IF(10=MAX(1,ROUNDUP(Assumptions!$C$9/30,0)),O13*Assumptions!$C$24,0),IF(9=MAX(1,ROUNDUP(Assumptions!$C$9/30,0)),P13*Assumptions!$C$24,0),IF(8=MAX(1,ROUNDUP(Assumptions!$C$9/30,0)),Q13*Assumptions!$C$24,0),IF(7=MAX(1,ROUNDUP(Assumptions!$C$9/30,0)),R13*Assumptions!$C$24,0),IF(6=MAX(1,ROUNDUP(Assumptions!$C$9/30,0)),S13*Assumptions!$C$24,0),IF(5=MAX(1,ROUNDUP(Assumptions!$C$9/30,0)),T13*Assumptions!$C$24,0),IF(4=MAX(1,ROUNDUP(Assumptions!$C$9/30,0)),U13*Assumptions!$C$24,0),IF(3=MAX(1,ROUNDUP(Assumptions!$C$9/30,0)),V13*Assumptions!$C$24,0),IF(2=MAX(1,ROUNDUP(Assumptions!$C$9/30,0)),W13*Assumptions!$C$24,0),IF(1=MAX(1,ROUNDUP(Assumptions!$C$9/30,0)),X13*Assumptions!$C$24,0),IF(0=MAX(1,ROUNDUP(Assumptions!$C$9/30,0)),Y13*Assumptions!$C$24,0)) -> 8.3578878 | Z18: =SUM(IF(23=MAX(1,ROUNDUP(Assumptions!$C$9/30,0)),C13*Assumptions!$C$24,0),IF(22=MAX(1,ROUNDUP(Assumptions!$C$9/30,0)),D13*Assumptions!$C$24,0),IF(21=MAX(1,ROUNDUP(Assumptions!$C$9/30,0)),E13*Assumptions!$C$24,0),IF(20=MAX(1,ROUNDUP(Assumptions!$C$9/30,0)),F13*Assumptions!$C$24,0),IF(19=MAX(1,ROUNDUP(Assumptions!$C$9/30,0)),G13*Assumptions!$C$24,0),IF(18=MAX(1,ROUNDUP(Assumptions!$C$9/30,0)),H13*Assumptions!$C$24,0),IF(17=MAX(1,ROUNDUP(Assumptions!$C$9/30,0)),I13*Assumptions!$C$24,0),IF(16=MAX(1,ROUNDUP(Assumptions!$C$9/30,0)),J13*Assumptions!$C$24,0),IF(15=MAX(1,ROUNDUP(Assumptions!$C$9/30,0)),K13*Assumptions!$C$24,0),IF(14=MAX(1,ROUNDUP(Assumptions!$C$9/30,0)),L13*Assumptions!$C$24,0),IF(13=MAX(1,ROUNDUP(Assumptions!$C$9/30,0)),M13*Assumptions!$C$24,0),IF(12=MAX(1,ROUNDUP(Assumptions!$C$9/30,0)),N13*Assumptions!$C$24,0),IF(11=MAX(1,ROUNDUP(Assumptions!$C$9/30,0)),O13*Assumptions!$C$24,0),IF(10=MAX(1,ROUNDUP(Assumptions!$C$9/30,0)),P13*Assumptions!$C$24,0),IF(9=MAX(1,ROUNDUP(Assumptions!$C$9/30,0)),Q13*Assumptions!$C$24,0),IF(8=MAX(1,ROUNDUP(Assumptions!$C$9/30,0)),R13*Assumptions!$C$24,0),IF(7=MAX(1,ROUNDUP(Assumptions!$C$9/30,0)),S13*Assumptions!$C$24,0),IF(6=MAX(1,ROUNDUP(Assumptions!$C$9/30,0)),T13*Assumptions!$C$24,0),IF(5=MAX(1,ROUNDUP(Assumptions!$C$9/30,0)),U13*Assumptions!$C$24,0),IF(4=MAX(1,ROUNDUP(Assumptions!$C$9/30,0)),V13*Assumptions!$C$24,0),IF(3=MAX(1,ROUNDUP(Assumptions!$C$9/30,0)),W13*Assumptions!$C$24,0),IF(2=MAX(1,ROUNDUP(Assumptions!$C$9/30,0)),X13*Assumptions!$C$24,0),IF(1=MAX(1,ROUNDUP(Assumptions!$C$9/30,0)),Y13*Assumptions!$C$24,0),IF(0=MAX(1,ROUNDUP(Assumptions!$C$9/30,0)),Z13*Assumptions!$C$24,0)) -> 8.7757822
A19: 추천 신규 유료 | B19: 명 | C19: =SUM(IF(0=MAX(1,ROUNDUP(Assumptions!$C$9/30,0)),C12*Assumptions!$C$25,0)) -> 0 | D19: =SUM(IF(1=MAX(1,ROUNDUP(Assumptions!$C$9/30,0)),C12*Assumptions!$C$25,0),IF(0=MAX(1,ROUNDUP(Assumptions!$C$9/30,0)),D12*Assumptions!$C$25,0)) -> 0 | E19: =SUM(IF(2=MAX(1,ROUNDUP(Assumptions!$C$9/30,0)),C12*Assumptions!$C$25,0),IF(1=MAX(1,ROUNDUP(Assumptions!$C$9/30,0)),D12*Assumptions!$C$25,0),IF(0=MAX(1,ROUNDUP(Assumptions!$C$9/30,0)),E12*Assumptions!$C$25,0)) -> 0.2205 | F19: =SUM(IF(3=MAX(1,ROUNDUP(Assumptions!$C$9/30,0)),C12*Assumptions!$C$25,0),IF(2=MAX(1,ROUNDUP(Assumptions!$C$9/30,0)),D12*Assumptions!$C$25,0),IF(1=MAX(1,ROUNDUP(Assumptions!$C$9/30,0)),E12*Assumptions!$C$25,0),IF(0=MAX(1,ROUNDUP(Assumptions!$C$9/30,0)),F12*Assumptions!$C$25,0)) -> 0.018522 | G19: =SUM(IF(4=MAX(1,ROUNDUP(Assumptions!$C$9/30,0)),C12*Assumptions!$C$25,0),IF(3=MAX(1,ROUNDUP(Assumptions!$C$9/30,0)),D12*Assumptions!$C$25,0),IF(2=MAX(1,ROUNDUP(Assumptions!$C$9/30,0)),E12*Assumptions!$C$25,0),IF(1=MAX(1,ROUNDUP(Assumptions!$C$9/30,0)),F12*Assumptions!$C$25,0),IF(0=MAX(1,ROUNDUP(Assumptions!$C$9/30,0)),G12*Assumptions!$C$25,0)) -> 0.001555848 | H19: =SUM(IF(5=MAX(1,ROUNDUP(Assumptions!$C$9/30,0)),C12*Assumptions!$C$25,0),IF(4=MAX(1,ROUNDUP(Assumptions!$C$9/30,0)),D12*Assumptions!$C$25,0),IF(3=MAX(1,ROUNDUP(Assumptions!$C$9/30,0)),E12*Assumptions!$C$25,0),IF(2=MAX(1,ROUNDUP(Assumptions!$C$9/30,0)),F12*Assumptions!$C$25,0),IF(1=MAX(1,ROUNDUP(Assumptions!$C$9/30,0)),G12*Assumptions!$C$25,0),IF(0=MAX(1,ROUNDUP(Assumptions!$C$9/30,0)),H12*Assumptions!$C$25,0)) -> 0.00013069123 | I19: =SUM(IF(6=MAX(1,ROUNDUP(Assumptions!$C$9/30,0)),C12*Assumptions!$C$25,0),IF(5=MAX(1,ROUNDUP(Assumptions!$C$9/30,0)),D12*Assumptions!$C$25,0),IF(4=MAX(1,ROUNDUP(Assumptions!$C$9/30,0)),E12*Assumptions!$C$25,0),IF(3=MAX(1,ROUNDUP(Assumptions!$C$9/30,0)),F12*Assumptions!$C$25,0),IF(2=MAX(1,ROUNDUP(Assumptions!$C$9/30,0)),G12*Assumptions!$C$25,0),IF(1=MAX(1,ROUNDUP(Assumptions!$C$9/30,0)),H12*Assumptions!$C$25,0),IF(0=MAX(1,ROUNDUP(Assumptions!$C$9/30,0)),I12*Assumptions!$C$25,0)) -> 1.0978063e-05 | J19: =SUM(IF(7=MAX(1,ROUNDUP(Assumptions!$C$9/30,0)),C12*Assumptions!$C$25,0),IF(6=MAX(1,ROUNDUP(Assumptions!$C$9/30,0)),D12*Assumptions!$C$25,0),IF(5=MAX(1,ROUNDUP(Assumptions!$C$9/30,0)),E12*Assumptions!$C$25,0),IF(4=MAX(1,ROUNDUP(Assumptions!$C$9/30,0)),F12*Assumptions!$C$25,0),IF(3=MAX(1,ROUNDUP(Assumptions!$C$9/30,0)),G12*Assumptions!$C$25,0),IF(2=MAX(1,ROUNDUP(Assumptions!$C$9/30,0)),H12*Assumptions!$C$25,0),IF(1=MAX(1,ROUNDUP(Assumptions!$C$9/30,0)),I12*Assumptions!$C$25,0),IF(0=MAX(1,ROUNDUP(Assumptions!$C$9/30,0)),J12*Assumptions!$C$25,0)) -> 9.2215733e-07 | K19: =SUM(IF(8=MAX(1,ROUNDUP(Assumptions!$C$9/30,0)),C12*Assumptions!$C$25,0),IF(7=MAX(1,ROUNDUP(Assumptions!$C$9/30,0)),D12*Assumptions!$C$25,0),IF(6=MAX(1,ROUNDUP(Assumptions!$C$9/30,0)),E12*Assumptions!$C$25,0),IF(5=MAX(1,ROUNDUP(Assumptions!$C$9/30,0)),F12*Assumptions!$C$25,0),IF(4=MAX(1,ROUNDUP(Assumptions!$C$9/30,0)),G12*Assumptions!$C$25,0),IF(3=MAX(1,ROUNDUP(Assumptions!$C$9/30,0)),H12*Assumptions!$C$25,0),IF(2=MAX(1,ROUNDUP(Assumptions!$C$9/30,0)),I12*Assumptions!$C$25,0),IF(1=MAX(1,ROUNDUP(Assumptions!$C$9/30,0)),J12*Assumptions!$C$25,0),IF(0=MAX(1,ROUNDUP(Assumptions!$C$9/30,0)),K12*Assumptions!$C$25,0)) -> 7.7461216e-08 | L19: =SUM(IF(9=MAX(1,ROUNDUP(Assumptions!$C$9/30,0)),C12*Assumptions!$C$25,0),IF(8=MAX(1,ROUNDUP(Assumptions!$C$9/30,0)),D12*Assumptions!$C$25,0),IF(7=MAX(1,ROUNDUP(Assumptions!$C$9/30,0)),E12*Assumptions!$C$25,0),IF(6=MAX(1,ROUNDUP(Assumptions!$C$9/30,0)),F12*Assumptions!$C$25,0),IF(5=MAX(1,ROUNDUP(Assumptions!$C$9/30,0)),G12*Assumptions!$C$25,0),IF(4=MAX(1,ROUNDUP(Assumptions!$C$9/30,0)),H12*Assumptions!$C$25,0),IF(3=MAX(1,ROUNDUP(Assumptions!$C$9/30,0)),I12*Assumptions!$C$25,0),IF(2=MAX(1,ROUNDUP(Assumptions!$C$9/30,0)),J12*Assumptions!$C$25,0),IF(1=MAX(1,ROUNDUP(Assumptions!$C$9/30,0)),K12*Assumptions!$C$25,0),IF(0=MAX(1,ROUNDUP(Assumptions!$C$9/30,0)),L12*Assumptions!$C$25,0)) -> 6.5067421e-09 | M19: =SUM(IF(10=MAX(1,ROUNDUP(Assumptions!$C$9/30,0)),C12*Assumptions!$C$25,0),IF(9=MAX(1,ROUNDUP(Assumptions!$C$9/30,0)),D12*Assumptions!$C$25,0),IF(8=MAX(1,ROUNDUP(Assumptions!$C$9/30,0)),E12*Assumptions!$C$25,0),IF(7=MAX(1,ROUNDUP(Assumptions!$C$9/30,0)),F12*Assumptions!$C$25,0),IF(6=MAX(1,ROUNDUP(Assumptions!$C$9/30,0)),G12*Assumptions!$C$25,0),IF(5=MAX(1,ROUNDUP(Assumptions!$C$9/30,0)),H12*Assumptions!$C$25,0),IF(4=MAX(1,ROUNDUP(Assumptions!$C$9/30,0)),I12*Assumptions!$C$25,0),IF(3=MAX(1,ROUNDUP(Assumptions!$C$9/30,0)),J12*Assumptions!$C$25,0),IF(2=MAX(1,ROUNDUP(Assumptions!$C$9/30,0)),K12*Assumptions!$C$25,0),IF(1=MAX(1,ROUNDUP(Assumptions!$C$9/30,0)),L12*Assumptions!$C$25,0),IF(0=MAX(1,ROUNDUP(Assumptions!$C$9/30,0)),M12*Assumptions!$C$25,0)) -> 5.4656634e-10 | N19: =SUM(IF(11=MAX(1,ROUNDUP(Assumptions!$C$9/30,0)),C12*Assumptions!$C$25,0),IF(10=MAX(1,ROUNDUP(Assumptions!$C$9/30,0)),D12*Assumptions!$C$25,0),IF(9=MAX(1,ROUNDUP(Assumptions!$C$9/30,0)),E12*Assumptions!$C$25,0),IF(8=MAX(1,ROUNDUP(Assumptions!$C$9/30,0)),F12*Assumptions!$C$25,0),IF(7=MAX(1,ROUNDUP(Assumptions!$C$9/30,0)),G12*Assumptions!$C$25,0),IF(6=MAX(1,ROUNDUP(Assumptions!$C$9/30,0)),H12*Assumptions!$C$25,0),IF(5=MAX(1,ROUNDUP(Assumptions!$C$9/30,0)),I12*Assumptions!$C$25,0),IF(4=MAX(1,ROUNDUP(Assumptions!$C$9/30,0)),J12*Assumptions!$C$25,0),IF(3=MAX(1,ROUNDUP(Assumptions!$C$9/30,0)),K12*Assumptions!$C$25,0),IF(2=MAX(1,ROUNDUP(Assumptions!$C$9/30,0)),L12*Assumptions!$C$25,0),IF(1=MAX(1,ROUNDUP(Assumptions!$C$9/30,0)),M12*Assumptions!$C$25,0),IF(0=MAX(1,ROUNDUP(Assumptions!$C$9/30,0)),N12*Assumptions!$C$25,0)) -> 4.5911573e-11 | O19: =SUM(IF(12=MAX(1,ROUNDUP(Assumptions!$C$9/30,0)),C12*Assumptions!$C$25,0),IF(11=MAX(1,ROUNDUP(Assumptions!$C$9/30,0)),D12*Assumptions!$C$25,0),IF(10=MAX(1,ROUNDUP(Assumptions!$C$9/30,0)),E12*Assumptions!$C$25,0),IF(9=MAX(1,ROUNDUP(Assumptions!$C$9/30,0)),F12*Assumptions!$C$25,0),IF(8=MAX(1,ROUNDUP(Assumptions!$C$9/30,0)),G12*Assumptions!$C$25,0),IF(7=MAX(1,ROUNDUP(Assumptions!$C$9/30,0)),H12*Assumptions!$C$25,0),IF(6=MAX(1,ROUNDUP(Assumptions!$C$9/30,0)),I12*Assumptions!$C$25,0),IF(5=MAX(1,ROUNDUP(Assumptions!$C$9/30,0)),J12*Assumptions!$C$25,0),IF(4=MAX(1,ROUNDUP(Assumptions!$C$9/30,0)),K12*Assumptions!$C$25,0),IF(3=MAX(1,ROUNDUP(Assumptions!$C$9/30,0)),L12*Assumptions!$C$25,0),IF(2=MAX(1,ROUNDUP(Assumptions!$C$9/30,0)),M12*Assumptions!$C$25,0),IF(1=MAX(1,ROUNDUP(Assumptions!$C$9/30,0)),N12*Assumptions!$C$25,0),IF(0=MAX(1,ROUNDUP(Assumptions!$C$9/30,0)),O12*Assumptions!$C$25,0)) -> 3.8565721e-12 | P19: =SUM(IF(13=MAX(1,ROUNDUP(Assumptions!$C$9/30,0)),C12*Assumptions!$C$25,0),IF(12=MAX(1,ROUNDUP(Assumptions!$C$9/30,0)),D12*Assumptions!$C$25,0),IF(11=MAX(1,ROUNDUP(Assumptions!$C$9/30,0)),E12*Assumptions!$C$25,0),IF(10=MAX(1,ROUNDUP(Assumptions!$C$9/30,0)),F12*Assumptions!$C$25,0),IF(9=MAX(1,ROUNDUP(Assumptions!$C$9/30,0)),G12*Assumptions!$C$25,0),IF(8=MAX(1,ROUNDUP(Assumptions!$C$9/30,0)),H12*Assumptions!$C$25,0),IF(7=MAX(1,ROUNDUP(Assumptions!$C$9/30,0)),I12*Assumptions!$C$25,0),IF(6=MAX(1,ROUNDUP(Assumptions!$C$9/30,0)),J12*Assumptions!$C$25,0),IF(5=MAX(1,ROUNDUP(Assumptions!$C$9/30,0)),K12*Assumptions!$C$25,0),IF(4=MAX(1,ROUNDUP(Assumptions!$C$9/30,0)),L12*Assumptions!$C$25,0),IF(3=MAX(1,ROUNDUP(Assumptions!$C$9/30,0)),M12*Assumptions!$C$25,0),IF(2=MAX(1,ROUNDUP(Assumptions!$C$9/30,0)),N12*Assumptions!$C$25,0),IF(1=MAX(1,ROUNDUP(Assumptions!$C$9/30,0)),O12*Assumptions!$C$25,0),IF(0=MAX(1,ROUNDUP(Assumptions!$C$9/30,0)),P12*Assumptions!$C$25,0)) -> 3.2395206e-13 | Q19: =SUM(IF(14=MAX(1,ROUNDUP(Assumptions!$C$9/30,0)),C12*Assumptions!$C$25,0),IF(13=MAX(1,ROUNDUP(Assumptions!$C$9/30,0)),D12*Assumptions!$C$25,0),IF(12=MAX(1,ROUNDUP(Assumptions!$C$9/30,0)),E12*Assumptions!$C$25,0),IF(11=MAX(1,ROUNDUP(Assumptions!$C$9/30,0)),F12*Assumptions!$C$25,0),IF(10=MAX(1,ROUNDUP(Assumptions!$C$9/30,0)),G12*Assumptions!$C$25,0),IF(9=MAX(1,ROUNDUP(Assumptions!$C$9/30,0)),H12*Assumptions!$C$25,0),IF(8=MAX(1,ROUNDUP(Assumptions!$C$9/30,0)),I12*Assumptions!$C$25,0),IF(7=MAX(1,ROUNDUP(Assumptions!$C$9/30,0)),J12*Assumptions!$C$25,0),IF(6=MAX(1,ROUNDUP(Assumptions!$C$9/30,0)),K12*Assumptions!$C$25,0),IF(5=MAX(1,ROUNDUP(Assumptions!$C$9/30,0)),L12*Assumptions!$C$25,0),IF(4=MAX(1,ROUNDUP(Assumptions!$C$9/30,0)),M12*Assumptions!$C$25,0),IF(3=MAX(1,ROUNDUP(Assumptions!$C$9/30,0)),N12*Assumptions!$C$25,0),IF(2=MAX(1,ROUNDUP(Assumptions!$C$9/30,0)),O12*Assumptions!$C$25,0),IF(1=MAX(1,ROUNDUP(Assumptions!$C$9/30,0)),P12*Assumptions!$C$25,0),IF(0=MAX(1,ROUNDUP(Assumptions!$C$9/30,0)),Q12*Assumptions!$C$25,0)) -> 2.7211973e-14 | R19: =SUM(IF(15=MAX(1,ROUNDUP(Assumptions!$C$9/30,0)),C12*Assumptions!$C$25,0),IF(14=MAX(1,ROUNDUP(Assumptions!$C$9/30,0)),D12*Assumptions!$C$25,0),IF(13=MAX(1,ROUNDUP(Assumptions!$C$9/30,0)),E12*Assumptions!$C$25,0),IF(12=MAX(1,ROUNDUP(Assumptions!$C$9/30,0)),F12*Assumptions!$C$25,0),IF(11=MAX(1,ROUNDUP(Assumptions!$C$9/30,0)),G12*Assumptions!$C$25,0),IF(10=MAX(1,ROUNDUP(Assumptions!$C$9/30,0)),H12*Assumptions!$C$25,0),IF(9=MAX(1,ROUNDUP(Assumptions!$C$9/30,0)),I12*Assumptions!$C$25,0),IF(8=MAX(1,ROUNDUP(Assumptions!$C$9/30,0)),J12*Assumptions!$C$25,0),IF(7=MAX(1,ROUNDUP(Assumptions!$C$9/30,0)),K12*Assumptions!$C$25,0),IF(6=MAX(1,ROUNDUP(Assumptions!$C$9/30,0)),L12*Assumptions!$C$25,0),IF(5=MAX(1,ROUNDUP(Assumptions!$C$9/30,0)),M12*Assumptions!$C$25,0),IF(4=MAX(1,ROUNDUP(Assumptions!$C$9/30,0)),N12*Assumptions!$C$25,0),IF(3=MAX(1,ROUNDUP(Assumptions!$C$9/30,0)),O12*Assumptions!$C$25,0),IF(2=MAX(1,ROUNDUP(Assumptions!$C$9/30,0)),P12*Assumptions!$C$25,0),IF(1=MAX(1,ROUNDUP(Assumptions!$C$9/30,0)),Q12*Assumptions!$C$25,0),IF(0=MAX(1,ROUNDUP(Assumptions!$C$9/30,0)),R12*Assumptions!$C$25,0)) -> 2.2858057e-15 | S19: =SUM(IF(16=MAX(1,ROUNDUP(Assumptions!$C$9/30,0)),C12*Assumptions!$C$25,0),IF(15=MAX(1,ROUNDUP(Assumptions!$C$9/30,0)),D12*Assumptions!$C$25,0),IF(14=MAX(1,ROUNDUP(Assumptions!$C$9/30,0)),E12*Assumptions!$C$25,0),IF(13=MAX(1,ROUNDUP(Assumptions!$C$9/30,0)),F12*Assumptions!$C$25,0),IF(12=MAX(1,ROUNDUP(Assumptions!$C$9/30,0)),G12*Assumptions!$C$25,0),IF(11=MAX(1,ROUNDUP(Assumptions!$C$9/30,0)),H12*Assumptions!$C$25,0),IF(10=MAX(1,ROUNDUP(Assumptions!$C$9/30,0)),I12*Assumptions!$C$25,0),IF(9=MAX(1,ROUNDUP(Assumptions!$C$9/30,0)),J12*Assumptions!$C$25,0),IF(8=MAX(1,ROUNDUP(Assumptions!$C$9/30,0)),K12*Assumptions!$C$25,0),IF(7=MAX(1,ROUNDUP(Assumptions!$C$9/30,0)),L12*Assumptions!$C$25,0),IF(6=MAX(1,ROUNDUP(Assumptions!$C$9/30,0)),M12*Assumptions!$C$25,0),IF(5=MAX(1,ROUNDUP(Assumptions!$C$9/30,0)),N12*Assumptions!$C$25,0),IF(4=MAX(1,ROUNDUP(Assumptions!$C$9/30,0)),O12*Assumptions!$C$25,0),IF(3=MAX(1,ROUNDUP(Assumptions!$C$9/30,0)),P12*Assumptions!$C$25,0),IF(2=MAX(1,ROUNDUP(Assumptions!$C$9/30,0)),Q12*Assumptions!$C$25,0),IF(1=MAX(1,ROUNDUP(Assumptions!$C$9/30,0)),R12*Assumptions!$C$25,0),IF(0=MAX(1,ROUNDUP(Assumptions!$C$9/30,0)),S12*Assumptions!$C$25,0)) -> 1.9200768e-16 | T19: =SUM(IF(17=MAX(1,ROUNDUP(Assumptions!$C$9/30,0)),C12*Assumptions!$C$25,0),IF(16=MAX(1,ROUNDUP(Assumptions!$C$9/30,0)),D12*Assumptions!$C$25,0),IF(15=MAX(1,ROUNDUP(Assumptions!$C$9/30,0)),E12*Assumptions!$C$25,0),IF(14=MAX(1,ROUNDUP(Assumptions!$C$9/30,0)),F12*Assumptions!$C$25,0),IF(13=MAX(1,ROUNDUP(Assumptions!$C$9/30,0)),G12*Assumptions!$C$25,0),IF(12=MAX(1,ROUNDUP(Assumptions!$C$9/30,0)),H12*Assumptions!$C$25,0),IF(11=MAX(1,ROUNDUP(Assumptions!$C$9/30,0)),I12*Assumptions!$C$25,0),IF(10=MAX(1,ROUNDUP(Assumptions!$C$9/30,0)),J12*Assumptions!$C$25,0),IF(9=MAX(1,ROUNDUP(Assumptions!$C$9/30,0)),K12*Assumptions!$C$25,0),IF(8=MAX(1,ROUNDUP(Assumptions!$C$9/30,0)),L12*Assumptions!$C$25,0),IF(7=MAX(1,ROUNDUP(Assumptions!$C$9/30,0)),M12*Assumptions!$C$25,0),IF(6=MAX(1,ROUNDUP(Assumptions!$C$9/30,0)),N12*Assumptions!$C$25,0),IF(5=MAX(1,ROUNDUP(Assumptions!$C$9/30,0)),O12*Assumptions!$C$25,0),IF(4=MAX(1,ROUNDUP(Assumptions!$C$9/30,0)),P12*Assumptions!$C$25,0),IF(3=MAX(1,ROUNDUP(Assumptions!$C$9/30,0)),Q12*Assumptions!$C$25,0),IF(2=MAX(1,ROUNDUP(Assumptions!$C$9/30,0)),R12*Assumptions!$C$25,0),IF(1=MAX(1,ROUNDUP(Assumptions!$C$9/30,0)),S12*Assumptions!$C$25,0),IF(0=MAX(1,ROUNDUP(Assumptions!$C$9/30,0)),T12*Assumptions!$C$25,0)) -> 1.6128645e-17 | U19: =SUM(IF(18=MAX(1,ROUNDUP(Assumptions!$C$9/30,0)),C12*Assumptions!$C$25,0),IF(17=MAX(1,ROUNDUP(Assumptions!$C$9/30,0)),D12*Assumptions!$C$25,0),IF(16=MAX(1,ROUNDUP(Assumptions!$C$9/30,0)),E12*Assumptions!$C$25,0),IF(15=MAX(1,ROUNDUP(Assumptions!$C$9/30,0)),F12*Assumptions!$C$25,0),IF(14=MAX(1,ROUNDUP(Assumptions!$C$9/30,0)),G12*Assumptions!$C$25,0),IF(13=MAX(1,ROUNDUP(Assumptions!$C$9/30,0)),H12*Assumptions!$C$25,0),IF(12=MAX(1,ROUNDUP(Assumptions!$C$9/30,0)),I12*Assumptions!$C$25,0),IF(11=MAX(1,ROUNDUP(Assumptions!$C$9/30,0)),J12*Assumptions!$C$25,0),IF(10=MAX(1,ROUNDUP(Assumptions!$C$9/30,0)),K12*Assumptions!$C$25,0),IF(9=MAX(1,ROUNDUP(Assumptions!$C$9/30,0)),L12*Assumptions!$C$25,0),IF(8=MAX(1,ROUNDUP(Assumptions!$C$9/30,0)),M12*Assumptions!$C$25,0),IF(7=MAX(1,ROUNDUP(Assumptions!$C$9/30,0)),N12*Assumptions!$C$25,0),IF(6=MAX(1,ROUNDUP(Assumptions!$C$9/30,0)),O12*Assumptions!$C$25,0),IF(5=MAX(1,ROUNDUP(Assumptions!$C$9/30,0)),P12*Assumptions!$C$25,0),IF(4=MAX(1,ROUNDUP(Assumptions!$C$9/30,0)),Q12*Assumptions!$C$25,0),IF(3=MAX(1,ROUNDUP(Assumptions!$C$9/30,0)),R12*Assumptions!$C$25,0),IF(2=MAX(1,ROUNDUP(Assumptions!$C$9/30,0)),S12*Assumptions!$C$25,0),IF(1=MAX(1,ROUNDUP(Assumptions!$C$9/30,0)),T12*Assumptions!$C$25,0),IF(0=MAX(1,ROUNDUP(Assumptions!$C$9/30,0)),U12*Assumptions!$C$25,0)) -> 1.3548062e-18 | V19: =SUM(IF(19=MAX(1,ROUNDUP(Assumptions!$C$9/30,0)),C12*Assumptions!$C$25,0),IF(18=MAX(1,ROUNDUP(Assumptions!$C$9/30,0)),D12*Assumptions!$C$25,0),IF(17=MAX(1,ROUNDUP(Assumptions!$C$9/30,0)),E12*Assumptions!$C$25,0),IF(16=MAX(1,ROUNDUP(Assumptions!$C$9/30,0)),F12*Assumptions!$C$25,0),IF(15=MAX(1,ROUNDUP(Assumptions!$C$9/30,0)),G12*Assumptions!$C$25,0),IF(14=MAX(1,ROUNDUP(Assumptions!$C$9/30,0)),H12*Assumptions!$C$25,0),IF(13=MAX(1,ROUNDUP(Assumptions!$C$9/30,0)),I12*Assumptions!$C$25,0),IF(12=MAX(1,ROUNDUP(Assumptions!$C$9/30,0)),J12*Assumptions!$C$25,0),IF(11=MAX(1,ROUNDUP(Assumptions!$C$9/30,0)),K12*Assumptions!$C$25,0),IF(10=MAX(1,ROUNDUP(Assumptions!$C$9/30,0)),L12*Assumptions!$C$25,0),IF(9=MAX(1,ROUNDUP(Assumptions!$C$9/30,0)),M12*Assumptions!$C$25,0),IF(8=MAX(1,ROUNDUP(Assumptions!$C$9/30,0)),N12*Assumptions!$C$25,0),IF(7=MAX(1,ROUNDUP(Assumptions!$C$9/30,0)),O12*Assumptions!$C$25,0),IF(6=MAX(1,ROUNDUP(Assumptions!$C$9/30,0)),P12*Assumptions!$C$25,0),IF(5=MAX(1,ROUNDUP(Assumptions!$C$9/30,0)),Q12*Assumptions!$C$25,0),IF(4=MAX(1,ROUNDUP(Assumptions!$C$9/30,0)),R12*Assumptions!$C$25,0),IF(3=MAX(1,ROUNDUP(Assumptions!$C$9/30,0)),S12*Assumptions!$C$25,0),IF(2=MAX(1,ROUNDUP(Assumptions!$C$9/30,0)),T12*Assumptions!$C$25,0),IF(1=MAX(1,ROUNDUP(Assumptions!$C$9/30,0)),U12*Assumptions!$C$25,0),IF(0=MAX(1,ROUNDUP(Assumptions!$C$9/30,0)),V12*Assumptions!$C$25,0)) -> 1.1380372e-19 | W19: =SUM(IF(20=MAX(1,ROUNDUP(Assumptions!$C$9/30,0)),C12*Assumptions!$C$25,0),IF(19=MAX(1,ROUNDUP(Assumptions!$C$9/30,0)),D12*Assumptions!$C$25,0),IF(18=MAX(1,ROUNDUP(Assumptions!$C$9/30,0)),E12*Assumptions!$C$25,0),IF(17=MAX(1,ROUNDUP(Assumptions!$C$9/30,0)),F12*Assumptions!$C$25,0),IF(16=MAX(1,ROUNDUP(Assumptions!$C$9/30,0)),G12*Assumptions!$C$25,0),IF(15=MAX(1,ROUNDUP(Assumptions!$C$9/30,0)),H12*Assumptions!$C$25,0),IF(14=MAX(1,ROUNDUP(Assumptions!$C$9/30,0)),I12*Assumptions!$C$25,0),IF(13=MAX(1,ROUNDUP(Assumptions!$C$9/30,0)),J12*Assumptions!$C$25,0),IF(12=MAX(1,ROUNDUP(Assumptions!$C$9/30,0)),K12*Assumptions!$C$25,0),IF(11=MAX(1,ROUNDUP(Assumptions!$C$9/30,0)),L12*Assumptions!$C$25,0),IF(10=MAX(1,ROUNDUP(Assumptions!$C$9/30,0)),M12*Assumptions!$C$25,0),IF(9=MAX(1,ROUNDUP(Assumptions!$C$9/30,0)),N12*Assumptions!$C$25,0),IF(8=MAX(1,ROUNDUP(Assumptions!$C$9/30,0)),O12*Assumptions!$C$25,0),IF(7=MAX(1,ROUNDUP(Assumptions!$C$9/30,0)),P12*Assumptions!$C$25,0),IF(6=MAX(1,ROUNDUP(Assumptions!$C$9/30,0)),Q12*Assumptions!$C$25,0),IF(5=MAX(1,ROUNDUP(Assumptions!$C$9/30,0)),R12*Assumptions!$C$25,0),IF(4=MAX(1,ROUNDUP(Assumptions!$C$9/30,0)),S12*Assumptions!$C$25,0),IF(3=MAX(1,ROUNDUP(Assumptions!$C$9/30,0)),T12*Assumptions!$C$25,0),IF(2=MAX(1,ROUNDUP(Assumptions!$C$9/30,0)),U12*Assumptions!$C$25,0),IF(1=MAX(1,ROUNDUP(Assumptions!$C$9/30,0)),V12*Assumptions!$C$25,0),IF(0=MAX(1,ROUNDUP(Assumptions!$C$9/30,0)),W12*Assumptions!$C$25,0)) -> 9.5595124e-21 | X19: =SUM(IF(21=MAX(1,ROUNDUP(Assumptions!$C$9/30,0)),C12*Assumptions!$C$25,0),IF(20=MAX(1,ROUNDUP(Assumptions!$C$9/30,0)),D12*Assumptions!$C$25,0),IF(19=MAX(1,ROUNDUP(Assumptions!$C$9/30,0)),E12*Assumptions!$C$25,0),IF(18=MAX(1,ROUNDUP(Assumptions!$C$9/30,0)),F12*Assumptions!$C$25,0),IF(17=MAX(1,ROUNDUP(Assumptions!$C$9/30,0)),G12*Assumptions!$C$25,0),IF(16=MAX(1,ROUNDUP(Assumptions!$C$9/30,0)),H12*Assumptions!$C$25,0),IF(15=MAX(1,ROUNDUP(Assumptions!$C$9/30,0)),I12*Assumptions!$C$25,0),IF(14=MAX(1,ROUNDUP(Assumptions!$C$9/30,0)),J12*Assumptions!$C$25,0),IF(13=MAX(1,ROUNDUP(Assumptions!$C$9/30,0)),K12*Assumptions!$C$25,0),IF(12=MAX(1,ROUNDUP(Assumptions!$C$9/30,0)),L12*Assumptions!$C$25,0),IF(11=MAX(1,ROUNDUP(Assumptions!$C$9/30,0)),M12*Assumptions!$C$25,0),IF(10=MAX(1,ROUNDUP(Assumptions!$C$9/30,0)),N12*Assumptions!$C$25,0),IF(9=MAX(1,ROUNDUP(Assumptions!$C$9/30,0)),O12*Assumptions!$C$25,0),IF(8=MAX(1,ROUNDUP(Assumptions!$C$9/30,0)),P12*Assumptions!$C$25,0),IF(7=MAX(1,ROUNDUP(Assumptions!$C$9/30,0)),Q12*Assumptions!$C$25,0),IF(6=MAX(1,ROUNDUP(Assumptions!$C$9/30,0)),R12*Assumptions!$C$25,0),IF(5=MAX(1,ROUNDUP(Assumptions!$C$9/30,0)),S12*Assumptions!$C$25,0),IF(4=MAX(1,ROUNDUP(Assumptions!$C$9/30,0)),T12*Assumptions!$C$25,0),IF(3=MAX(1,ROUNDUP(Assumptions!$C$9/30,0)),U12*Assumptions!$C$25,0),IF(2=MAX(1,ROUNDUP(Assumptions!$C$9/30,0)),V12*Assumptions!$C$25,0),IF(1=MAX(1,ROUNDUP(Assumptions!$C$9/30,0)),W12*Assumptions!$C$25,0),IF(0=MAX(1,ROUNDUP(Assumptions!$C$9/30,0)),X12*Assumptions!$C$25,0)) -> 8.0299905e-22 | Y19: =SUM(IF(22=MAX(1,ROUNDUP(Assumptions!$C$9/30,0)),C12*Assumptions!$C$25,0),IF(21=MAX(1,ROUNDUP(Assumptions!$C$9/30,0)),D12*Assumptions!$C$25,0),IF(20=MAX(1,ROUNDUP(Assumptions!$C$9/30,0)),E12*Assumptions!$C$25,0),IF(19=MAX(1,ROUNDUP(Assumptions!$C$9/30,0)),F12*Assumptions!$C$25,0),IF(18=MAX(1,ROUNDUP(Assumptions!$C$9/30,0)),G12*Assumptions!$C$25,0),IF(17=MAX(1,ROUNDUP(Assumptions!$C$9/30,0)),H12*Assumptions!$C$25,0),IF(16=MAX(1,ROUNDUP(Assumptions!$C$9/30,0)),I12*Assumptions!$C$25,0),IF(15=MAX(1,ROUNDUP(Assumptions!$C$9/30,0)),J12*Assumptions!$C$25,0),IF(14=MAX(1,ROUNDUP(Assumptions!$C$9/30,0)),K12*Assumptions!$C$25,0),IF(13=MAX(1,ROUNDUP(Assumptions!$C$9/30,0)),L12*Assumptions!$C$25,0),IF(12=MAX(1,ROUNDUP(Assumptions!$C$9/30,0)),M12*Assumptions!$C$25,0),IF(11=MAX(1,ROUNDUP(Assumptions!$C$9/30,0)),N12*Assumptions!$C$25,0),IF(10=MAX(1,ROUNDUP(Assumptions!$C$9/30,0)),O12*Assumptions!$C$25,0),IF(9=MAX(1,ROUNDUP(Assumptions!$C$9/30,0)),P12*Assumptions!$C$25,0),IF(8=MAX(1,ROUNDUP(Assumptions!$C$9/30,0)),Q12*Assumptions!$C$25,0),IF(7=MAX(1,ROUNDUP(Assumptions!$C$9/30,0)),R12*Assumptions!$C$25,0),IF(6=MAX(1,ROUNDUP(Assumptions!$C$9/30,0)),S12*Assumptions!$C$25,0),IF(5=MAX(1,ROUNDUP(Assumptions!$C$9/30,0)),T12*Assumptions!$C$25,0),IF(4=MAX(1,ROUNDUP(Assumptions!$C$9/30,0)),U12*Assumptions!$C$25,0),IF(3=MAX(1,ROUNDUP(Assumptions!$C$9/30,0)),V12*Assumptions!$C$25,0),IF(2=MAX(1,ROUNDUP(Assumptions!$C$9/30,0)),W12*Assumptions!$C$25,0),IF(1=MAX(1,ROUNDUP(Assumptions!$C$9/30,0)),X12*Assumptions!$C$25,0),IF(0=MAX(1,ROUNDUP(Assumptions!$C$9/30,0)),Y12*Assumptions!$C$25,0)) -> 6.745192e-23 | Z19: =SUM(IF(23=MAX(1,ROUNDUP(Assumptions!$C$9/30,0)),C12*Assumptions!$C$25,0),IF(22=MAX(1,ROUNDUP(Assumptions!$C$9/30,0)),D12*Assumptions!$C$25,0),IF(21=MAX(1,ROUNDUP(Assumptions!$C$9/30,0)),E12*Assumptions!$C$25,0),IF(20=MAX(1,ROUNDUP(Assumptions!$C$9/30,0)),F12*Assumptions!$C$25,0),IF(19=MAX(1,ROUNDUP(Assumptions!$C$9/30,0)),G12*Assumptions!$C$25,0),IF(18=MAX(1,ROUNDUP(Assumptions!$C$9/30,0)),H12*Assumptions!$C$25,0),IF(17=MAX(1,ROUNDUP(Assumptions!$C$9/30,0)),I12*Assumptions!$C$25,0),IF(16=MAX(1,ROUNDUP(Assumptions!$C$9/30,0)),J12*Assumptions!$C$25,0),IF(15=MAX(1,ROUNDUP(Assumptions!$C$9/30,0)),K12*Assumptions!$C$25,0),IF(14=MAX(1,ROUNDUP(Assumptions!$C$9/30,0)),L12*Assumptions!$C$25,0),IF(13=MAX(1,ROUNDUP(Assumptions!$C$9/30,0)),M12*Assumptions!$C$25,0),IF(12=MAX(1,ROUNDUP(Assumptions!$C$9/30,0)),N12*Assumptions!$C$25,0),IF(11=MAX(1,ROUNDUP(Assumptions!$C$9/30,0)),O12*Assumptions!$C$25,0),IF(10=MAX(1,ROUNDUP(Assumptions!$C$9/30,0)),P12*Assumptions!$C$25,0),IF(9=MAX(1,ROUNDUP(Assumptions!$C$9/30,0)),Q12*Assumptions!$C$25,0),IF(8=MAX(1,ROUNDUP(Assumptions!$C$9/30,0)),R12*Assumptions!$C$25,0),IF(7=MAX(1,ROUNDUP(Assumptions!$C$9/30,0)),S12*Assumptions!$C$25,0),IF(6=MAX(1,ROUNDUP(Assumptions!$C$9/30,0)),T12*Assumptions!$C$25,0),IF(5=MAX(1,ROUNDUP(Assumptions!$C$9/30,0)),U12*Assumptions!$C$25,0),IF(4=MAX(1,ROUNDUP(Assumptions!$C$9/30,0)),V12*Assumptions!$C$25,0),IF(3=MAX(1,ROUNDUP(Assumptions!$C$9/30,0)),W12*Assumptions!$C$25,0),IF(2=MAX(1,ROUNDUP(Assumptions!$C$9/30,0)),X12*Assumptions!$C$25,0),IF(1=MAX(1,ROUNDUP(Assumptions!$C$9/30,0)),Y12*Assumptions!$C$25,0),IF(0=MAX(1,ROUNDUP(Assumptions!$C$9/30,0)),Z12*Assumptions!$C$25,0)) -> 5.6659613e-24
A20: 사전예약 무료월 후 유료 | B20: 명 | C20: =IF(0=Assumptions!$C$12,$C$8*Assumptions!$C$26,0) -> 0 | D20: =IF(1=Assumptions!$C$12,$C$8*Assumptions!$C$26,0) -> 4.2 | E20: =IF(2=Assumptions!$C$12,$C$8*Assumptions!$C$26,0) -> 0 | F20: =IF(3=Assumptions!$C$12,$C$8*Assumptions!$C$26,0) -> 0 | G20: =IF(4=Assumptions!$C$12,$C$8*Assumptions!$C$26,0) -> 0 | H20: =IF(5=Assumptions!$C$12,$C$8*Assumptions!$C$26,0) -> 0 | I20: =IF(6=Assumptions!$C$12,$C$8*Assumptions!$C$26,0) -> 0 | J20: =IF(7=Assumptions!$C$12,$C$8*Assumptions!$C$26,0) -> 0 | K20: =IF(8=Assumptions!$C$12,$C$8*Assumptions!$C$26,0) -> 0 | L20: =IF(9=Assumptions!$C$12,$C$8*Assumptions!$C$26,0) -> 0 | M20: =IF(10=Assumptions!$C$12,$C$8*Assumptions!$C$26,0) -> 0 | N20: =IF(11=Assumptions!$C$12,$C$8*Assumptions!$C$26,0) -> 0 | O20: =IF(12=Assumptions!$C$12,$C$8*Assumptions!$C$26,0) -> 0 | P20: =IF(13=Assumptions!$C$12,$C$8*Assumptions!$C$26,0) -> 0 | Q20: =IF(14=Assumptions!$C$12,$C$8*Assumptions!$C$26,0) -> 0 | R20: =IF(15=Assumptions!$C$12,$C$8*Assumptions!$C$26,0) -> 0 | S20: =IF(16=Assumptions!$C$12,$C$8*Assumptions!$C$26,0) -> 0 | T20: =IF(17=Assumptions!$C$12,$C$8*Assumptions!$C$26,0) -> 0 | U20: =IF(18=Assumptions!$C$12,$C$8*Assumptions!$C$26,0) -> 0 | V20: =IF(19=Assumptions!$C$12,$C$8*Assumptions!$C$26,0) -> 0 | W20: =IF(20=Assumptions!$C$12,$C$8*Assumptions!$C$26,0) -> 0 | X20: =IF(21=Assumptions!$C$12,$C$8*Assumptions!$C$26,0) -> 0 | Y20: =IF(22=Assumptions!$C$12,$C$8*Assumptions!$C$26,0) -> 0 | Z20: =IF(23=Assumptions!$C$12,$C$8*Assumptions!$C$26,0) -> 0
A21: 전체 신규 유료 | B21: 명 | C21: =SUM(C18:C20) -> 0 | D21: =SUM(D18:D20) -> 7.2 | E21: =SUM(E18:E20) -> 3.3705 | F21: =SUM(F18:F20) -> 3.326022 | G21: =SUM(G18:G20) -> 3.4744308 | H21: =SUM(H18:H20) -> 3.6466494 | I21: =SUM(I18:I20) -> 3.8288557 | J21: =SUM(J18:J20) -> 4.0202878 | ... Z21: =SUM(Z18:Z20) -> 8.7757822
A22: Essential 기초 유료 | B22: 명 | C22: =0 -> 0 | D22: =C31 -> 0 | E22: =D31 -> 2.88 | F22: =E31 -> 4.04388 | G22: =F31 -> 5.1154805 | H22: =G31 -> 6.1778621 | I22: =H31 -> 7.2411387 | J22: =I31 -> 8.3092481 | K22: =J31 -> 9.3855713 | ... Z22: =Y31 -> 28.780262
A23: 학생가 기초 유료 | B23: 명 | C23: =0 -> 0 | D23: =C32 -> 0 | E23: =D32 -> 3.24 | F23: =E32 -> 4.549365 | G23: =F32 -> 5.7549155 | H23: =G32 -> 6.9500948 | I23: =H32 -> 8.146281 | J23: =I32 -> 9.3479041 | K23: =J32 -> 10.558768 | ... Z23: =Y32 -> 32.377795
A24: Pro 기초 유료 | B24: 명 | C24: =0 -> 0 | D24: =C33 -> 0 | E24: =D33 -> 1.08 | F24: =E33 -> 1.516455 | G24: =F33 -> 1.9183052 | H24: =G33 -> 2.3166983 | I24: =H33 -> 2.715427 | J24: =I33 -> 3.115968 | K24: =J33 -> 3.5195892 | ... Z24: =Y33 -> 10.792598
A25: Essential 이탈 | B25: 명 | C25: =C22*Assumptions!$C$28 -> 0 | D25: =D22*Assumptions!$C$28 -> 0 | E25: =E22*Assumptions!$C$28 -> 0.18432 | F25: =F22*Assumptions!$C$28 -> 0.25880832 | G25: =G22*Assumptions!$C$28 -> 0.32739075 | H25: =H22*Assumptions!$C$28 -> 0.39538317 | I25: =I22*Assumptions!$C$28 -> 0.46343288 | J25: =J22*Assumptions!$C$28 -> 0.53179188 | ... Z25: =Z22*Assumptions!$C$28 -> 1.8419368
A26: 학생가 이탈 | B26: 명 | C26: =C23*Assumptions!$C$29 -> 0 | D26: =D23*Assumptions!$C$29 -> 0 | E26: =E23*Assumptions!$C$29 -> 0.20736 | F26: =F23*Assumptions!$C$29 -> 0.29115936 | G26: =G23*Assumptions!$C$29 -> 0.36831459 | H26: =H23*Assumptions!$C$29 -> 0.44480607 | I26: =I23*Assumptions!$C$29 -> 0.52136198 | J26: =J23*Assumptions!$C$29 -> 0.59826586 | ... Z26: =Z23*Assumptions!$C$29 -> 2.0721789
A27: Pro 이탈 | B27: 명 | C27: =C24*Assumptions!$C$30 -> 0 | D27: =D24*Assumptions!$C$30 -> 0 | E27: =E24*Assumptions!$C$30 -> 0.06912 | F27: =F24*Assumptions!$C$30 -> 0.09705312 | G27: =G24*Assumptions!$C$30 -> 0.12277153 | H27: =H24*Assumptions!$C$30 -> 0.14826869 | I27: =I24*Assumptions!$C$30 -> 0.17378733 | J27: =J24*Assumptions!$C$30 -> 0.19942195 | ... Z27: =Z24*Assumptions!$C$30 -> 0.69072629
A28: Essential 신규 유료 | B28: 명 | C28: =C21*Assumptions!$C$33 -> 0 | D28: =D21*Assumptions!$C$33 -> 2.88 | E28: =E21*Assumptions!$C$33 -> 1.3482 | F28: =F21*Assumptions!$C$33 -> 1.3304088 | G28: =G21*Assumptions!$C$33 -> 1.3897723 | H28: =H21*Assumptions!$C$33 -> 1.4586598 | I28: =I21*Assumptions!$C$33 -> 1.5315423 | J28: =J21*Assumptions!$C$33 -> 1.6081151 | ... Z28: =Z21*Assumptions!$C$33 -> 3.5103129
A29: 학생가 신규 유료 | B29: 명 | C29: =C21*Assumptions!$C$34 -> 0 | D29: =D21*Assumptions!$C$34 -> 3.24 | E29: =E21*Assumptions!$C$34 -> 1.516725 | F29: =F21*Assumptions!$C$34 -> 1.4967099 | G29: =G21*Assumptions!$C$34 -> 1.5634939 | H29: =H21*Assumptions!$C$34 -> 1.6409922 | I29: =I21*Assumptions!$C$34 -> 1.722985 | J29: =J21*Assumptions!$C$34 -> 1.8091295 | ... Z29: =Z21*Assumptions!$C$34 -> 3.949102
A30: Pro 신규 유료 | B30: 명 | C30: =C21*Assumptions!$C$35 -> 0 | D30: =D21*Assumptions!$C$35 -> 1.08 | E30: =E21*Assumptions!$C$35 -> 0.505575 | F30: =F21*Assumptions!$C$35 -> 0.4989033 | G30: =G21*Assumptions!$C$35 -> 0.52116463 | H30: =H21*Assumptions!$C$35 -> 0.54699742 | I30: =I21*Assumptions!$C$35 -> 0.57432835 | J30: =J21*Assumptions!$C$35 -> 0.60304318 | ... Z30: =Z21*Assumptions!$C$35 -> 1.3163673
A31: Essential 기말 유료 | B31: 명 | C31: =C22-C25+C28 -> 0 | D31: =D22-D25+D28 -> 2.88 | E31: =E22-E25+E28 -> 4.04388 | F31: =F22-F25+F28 -> 5.1154805 | G31: =G22-G25+G28 -> 6.1778621 | H31: =H22-H25+H28 -> 7.2411387 | I31: =I22-I25+I28 -> 8.3092481 | J31: =J22-J25+J28 -> 9.3855713 | ... Z31: =Z22-Z25+Z28 -> 30.448638
A32: 학생가 기말 유료 | B32: 명 | C32: =C23-C26+C29 -> 0 | D32: =D23-D26+D29 -> 3.24 | E32: =E23-E26+E29 -> 4.549365 | F32: =F23-F26+F29 -> 5.7549155 | G32: =G23-G26+G29 -> 6.9500948 | H32: =H23-H26+H29 -> 8.146281 | I32: =I23-I26+I29 -> 9.3479041 | J32: =J23-J26+J29 -> 10.558768 | ... Z32: =Z23-Z26+Z29 -> 34.254718
A33: Pro 기말 유료 | B33: 명 | C33: =C24-C27+C30 -> 0 | D33: =D24-D27+D30 -> 1.08 | E33: =E24-E27+E30 -> 1.516455 | F33: =F24-F27+F30 -> 1.9183052 | G33: =G24-G27+G30 -> 2.3166983 | H33: =H24-H27+H30 -> 2.715427 | I33: =I24-I27+I30 -> 3.115968 | J33: =J24-J27+J30 -> 3.5195892 | ... Z33: =Z24-Z27+Z30 -> 11.418239
A34: 전체 기말 유료 | B34: 명 | C34: =SUM(C31:C33) -> 0 | D34: =SUM(D31:D33) -> 7.2 | E34: =SUM(E31:E33) -> 10.1097 | F34: =SUM(F31:F33) -> 12.788701 | G34: =SUM(G31:G33) -> 15.444655 | H34: =SUM(H31:H33) -> 18.102847 | I34: =SUM(I31:I33) -> 20.77312 | J34: =SUM(J31:J33) -> 23.463928 | ... Z34: =SUM(Z31:Z33) -> 76.121595
A35: Free 기초 활성 | B35: 명 | C35: =0 -> 0 | D35: =C40 -> 12.5 | E35: =D40 -> 32.828 | F35: =E40 -> 42.081092 | G35: =F40 -> 48.892604 | H35: =G40 -> 54.617932 | I35: =H40 -> 59.67931 | J35: =I40 -> 64.330425 | K35: =J40 -> 68.747809 | ... Z35: =Y40 -> 149.23084
A36: 카드 미등록 신규 Free | B36: 명 | C36: =C14-C15 -> 12.5 | D36: =D14-D15 -> 8.778 | E36: =E14-E15 -> 8.851752 | F36: =F14-F15 -> 9.2636672 | G36: =G14-G15 -> 9.724274 | H36: =H14-H15 -> 10.210271 | I36: =I14-I15 -> 10.720767 | J36: =J14-J15 -> 11.256804 | ... Z36: =Z14-Z15 -> 24.57219
A37: 체험/무료월 종료 후 Free | B37: 명 | C37: =SUM(IF(0=MAX(1,ROUNDUP(Assumptions!$C$9/30,0)),C13*(1-Assumptions!$C$24),0),IF(0=MAX(1,ROUNDUP(Assumptions!$C$9/30,0)),C12*(1-Assumptions!$C$25),0))+IF(0=Assumptions!$C$12,$C$8*(1-Assumptions!$C$26),0) -> 0 | D37: =SUM(IF(1=MAX(1,ROUNDUP(Assumptions!$C$9/30,0)),C13*(1-Assumptions!$C$24),0),IF(0=MAX(1,ROUNDUP(Assumptions!$C$9/30,0)),D13*(1-Assumptions!$C$24),0),IF(1=MAX(1,ROUNDUP(Assumptions!$C$9/30,0)),C12*(1-Assumptions!$C$25),0),IF(0=MAX(1,ROUNDUP(Assumptions!$C$9/30,0)),D12*(1-Assumptions!$C$25),0))+IF(1=Assumptions!$C$12,$C$8*(1-Assumptions!$C$26),0) -> 15.3 | E37: =SUM(IF(2=MAX(1,ROUNDUP(Assumptions!$C$9/30,0)),C13*(1-Assumptions!$C$24),0),IF(1=MAX(1,ROUNDUP(Assumptions!$C$9/30,0)),D13*(1-Assumptions!$C$24),0),IF(0=MAX(1,ROUNDUP(Assumptions!$C$9/30,0)),E13*(1-Assumptions!$C$24),0),IF(2=MAX(1,ROUNDUP(Assumptions!$C$9/30,0)),C12*(1-Assumptions!$C$25),0),IF(1=MAX(1,ROUNDUP(Assumptions!$C$9/30,0)),D12*(1-Assumptions!$C$25),0),IF(0=MAX(1,ROUNDUP(Assumptions!$C$9/30,0)),E12*(1-Assumptions!$C$25),0))+IF(2=Assumptions!$C$12,$C$8*(1-Assumptions!$C$26),0) -> 10.1115 | F37: =SUM(IF(3=MAX(1,ROUNDUP(Assumptions!$C$9/30,0)),C13*(1-Assumptions!$C$24),0),IF(2=MAX(1,ROUNDUP(Assumptions!$C$9/30,0)),D13*(1-Assumptions!$C$24),0),IF(1=MAX(1,ROUNDUP(Assumptions!$C$9/30,0)),E13*(1-Assumptions!$C$24),0),IF(0=MAX(1,ROUNDUP(Assumptions!$C$9/30,0)),F13*(1-Assumptions!$C$24),0),IF(3=MAX(1,ROUNDUP(Assumptions!$C$9/30,0)),C12*(1-Assumptions!$C$25),0),IF(2=MAX(1,ROUNDUP(Assumptions!$C$9/30,0)),D12*(1-Assumptions!$C$25),0),IF(1=MAX(1,ROUNDUP(Assumptions!$C$9/30,0)),E12*(1-Assumptions!$C$25),0),IF(0=MAX(1,ROUNDUP(Assumptions!$C$9/30,0)),F12*(1-Assumptions!$C$25),0))+IF(3=Assumptions!$C$12,$C$8*(1-Assumptions!$C$26),0) -> 9.978066 | G37: =SUM(IF(4=MAX(1,ROUNDUP(Assumptions!$C$9/30,0)),C13*(1-Assumptions!$C$24),0),IF(3=MAX(1,ROUNDUP(Assumptions!$C$9/30,0)),D13*(1-Assumptions!$C$24),0),IF(2=MAX(1,ROUNDUP(Assumptions!$C$9/30,0)),E13*(1-Assumptions!$C$24),0),IF(1=MAX(1,ROUNDUP(Assumptions!$C$9/30,0)),F13*(1-Assumptions!$C$24),0),IF(0=MAX(1,ROUNDUP(Assumptions!$C$9/30,0)),G13*(1-Assumptions!$C$24),0),IF(4=MAX(1,ROUNDUP(Assumptions!$C$9/30,0)),C12*(1-Assumptions!$C$25),0),IF(3=MAX(1,ROUNDUP(Assumptions!$C$9/30,0)),D12*(1-Assumptions!$C$25),0),IF(2=MAX(1,ROUNDUP(Assumptions!$C$9/30,0)),E12*(1-Assumptions!$C$25),0),IF(1=MAX(1,ROUNDUP(Assumptions!$C$9/30,0)),F12*(1-Assumptions!$C$25),0),IF(0=MAX(1,ROUNDUP(Assumptions!$C$9/30,0)),G12*(1-Assumptions!$C$25),0))+IF(4=Assumptions!$C$12,$C$8*(1-Assumptions!$C$26),0) -> 10.423293 | H37: =SUM(IF(5=MAX(1,ROUNDUP(Assumptions!$C$9/30,0)),C13*(1-Assumptions!$C$24),0),IF(4=MAX(1,ROUNDUP(Assumptions!$C$9/30,0)),D13*(1-Assumptions!$C$24),0),IF(3=MAX(1,ROUNDUP(Assumptions!$C$9/30,0)),E13*(1-Assumptions!$C$24),0),IF(2=MAX(1,ROUNDUP(Assumptions!$C$9/30,0)),F13*(1-Assumptions!$C$24),0),IF(1=MAX(1,ROUNDUP(Assumptions!$C$9/30,0)),G13*(1-Assumptions!$C$24),0),IF(0=MAX(1,ROUNDUP(Assumptions!$C$9/30,0)),H13*(1-Assumptions!$C$24),0),IF(5=MAX(1,ROUNDUP(Assumptions!$C$9/30,0)),C12*(1-Assumptions!$C$25),0),IF(4=MAX(1,ROUNDUP(Assumptions!$C$9/30,0)),D12*(1-Assumptions!$C$25),0),IF(3=MAX(1,ROUNDUP(Assumptions!$C$9/30,0)),E12*(1-Assumptions!$C$25),0),IF(2=MAX(1,ROUNDUP(Assumptions!$C$9/30,0)),F12*(1-Assumptions!$C$25),0),IF(1=MAX(1,ROUNDUP(Assumptions!$C$9/30,0)),G12*(1-Assumptions!$C$25),0),IF(0=MAX(1,ROUNDUP(Assumptions!$C$9/30,0)),H12*(1-Assumptions!$C$25),0))+IF(5=Assumptions!$C$12,$C$8*(1-Assumptions!$C$26),0) -> 10.939948 | I37: =SUM(IF(6=MAX(1,ROUNDUP(Assumptions!$C$9/30,0)),C13*(1-Assumptions!$C$24),0),IF(5=MAX(1,ROUNDUP(Assumptions!$C$9/30,0)),D13*(1-Assumptions!$C$24),0),IF(4=MAX(1,ROUNDUP(Assumptions!$C$9/30,0)),E13*(1-Assumptions!$C$24),0),IF(3=MAX(1,ROUNDUP(Assumptions!$C$9/30,0)),F13*(1-Assumptions!$C$24),0),IF(2=MAX(1,ROUNDUP(Assumptions!$C$9/30,0)),G13*(1-Assumptions!$C$24),0),IF(1=MAX(1,ROUNDUP(Assumptions!$C$9/30,0)),H13*(1-Assumptions!$C$24),0),IF(0=MAX(1,ROUNDUP(Assumptions!$C$9/30,0)),I13*(1-Assumptions!$C$24),0),IF(6=MAX(1,ROUNDUP(Assumptions!$C$9/30,0)),C12*(1-Assumptions!$C$25),0),IF(5=MAX(1,ROUNDUP(Assumptions!$C$9/30,0)),D12*(1-Assumptions!$C$25),0),IF(4=MAX(1,ROUNDUP(Assumptions!$C$9/30,0)),E12*(1-Assumptions!$C$25),0),IF(3=MAX(1,ROUNDUP(Assumptions!$C$9/30,0)),F12*(1-Assumptions!$C$25),0),IF(2=MAX(1,ROUNDUP(Assumptions!$C$9/30,0)),G12*(1-Assumptions!$C$25),0),IF(1=MAX(1,ROUNDUP(Assumptions!$C$9/30,0)),H12*(1-Assumptions!$C$25),0),IF(0=MAX(1,ROUNDUP(Assumptions!$C$9/30,0)),I12*(1-Assumptions!$C$25),0))+IF(6=Assumptions!$C$12,$C$8*(1-Assumptions!$C$26),0) -> 11.486567 | J37: =SUM(IF(7=MAX(1,ROUNDUP(Assumptions!$C$9/30,0)),C13*(1-Assumptions!$C$24),0),IF(6=MAX(1,ROUNDUP(Assumptions!$C$9/30,0)),D13*(1-Assumptions!$C$24),0),IF(5=MAX(1,ROUNDUP(Assumptions!$C$9/30,0)),E13*(1-Assumptions!$C$24),0),IF(4=MAX(1,ROUNDUP(Assumptions!$C$9/30,0)),F13*(1-Assumptions!$C$24),0),IF(3=MAX(1,ROUNDUP(Assumptions!$C$9/30,0)),G13*(1-Assumptions!$C$24),0),IF(2=MAX(1,ROUNDUP(Assumptions!$C$9/30,0)),H13*(1-Assumptions!$C$24),0),IF(1=MAX(1,ROUNDUP(Assumptions!$C$9/30,0)),I13*(1-Assumptions!$C$24),0),IF(0=MAX(1,ROUNDUP(Assumptions!$C$9/30,0)),J13*(1-Assumptions!$C$24),0),IF(7=MAX(1,ROUNDUP(Assumptions!$C$9/30,0)),C12*(1-Assumptions!$C$25),0),IF(6=MAX(1,ROUNDUP(Assumptions!$C$9/30,0)),D12*(1-Assumptions!$C$25),0),IF(5=MAX(1,ROUNDUP(Assumptions!$C$9/30,0)),E12*(1-Assumptions!$C$25),0),IF(4=MAX(1,ROUNDUP(Assumptions!$C$9/30,0)),F12*(1-Assumptions!$C$25),0),IF(3=MAX(1,ROUNDUP(Assumptions!$C$9/30,0)),G12*(1-Assumptions!$C$25),0),IF(2=MAX(1,ROUNDUP(Assumptions!$C$9/30,0)),H12*(1-Assumptions!$C$25),0),IF(1=MAX(1,ROUNDUP(Assumptions!$C$9/30,0)),I12*(1-Assumptions!$C$25),0),IF(0=MAX(1,ROUNDUP(Assumptions!$C$9/30,0)),J12*(1-Assumptions!$C$25),0))+IF(7=Assumptions!$C$12,$C$8*(1-Assumptions!$C$26),0) -> 12.060864 | K37: =SUM(IF(8=MAX(1,ROUNDUP(Assumptions!$C$9/30,0)),C13*(1-Assumptions!$C$24),0),IF(7=MAX(1,ROUNDUP(Assumptions!$C$9/30,0)),D13*(1-Assumptions!$C$24),0),IF(6=MAX(1,ROUNDUP(Assumptions!$C$9/30,0)),E13*(1-Assumptions!$C$24),0),IF(5=MAX(1,ROUNDUP(Assumptions!$C$9/30,0)),F13*(1-Assumptions!$C$24),0),IF(4=MAX(1,ROUNDUP(Assumptions!$C$9/30,0)),G13*(1-Assumptions!$C$24),0),IF(3=MAX(1,ROUNDUP(Assumptions!$C$9/30,0)),H13*(1-Assumptions!$C$24),0),IF(2=MAX(1,ROUNDUP(Assumptions!$C$9/30,0)),I13*(1-Assumptions!$C$24),0),IF(1=MAX(1,ROUNDUP(Assumptions!$C$9/30,0)),J13*(1-Assumptions!$C$24),0),IF(0=MAX(1,ROUNDUP(Assumptions!$C$9/30,0)),K13*(1-Assumptions!$C$24),0),IF(8=MAX(1,ROUNDUP(Assumptions!$C$9/30,0)),C12*(1-Assumptions!$C$25),0),IF(7=MAX(1,ROUNDUP(Assumptions!$C$9/30,0)),D12*(1-Assumptions!$C$25),0),IF(6=MAX(1,ROUNDUP(Assumptions!$C$9/30,0)),E12*(1-Assumptions!$C$25),0),IF(5=MAX(1,ROUNDUP(Assumptions!$C$9/30,0)),F12*(1-Assumptions!$C$25),0),IF(4=MAX(1,ROUNDUP(Assumptions!$C$9/30,0)),G12*(1-Assumptions!$C$25),0),IF(3=MAX(1,ROUNDUP(Assumptions!$C$9/30,0)),H12*(1-Assumptions!$C$25),0),IF(2=MAX(1,ROUNDUP(Assumptions!$C$9/30,0)),I12*(1-Assumptions!$C$25),0),IF(1=MAX(1,ROUNDUP(Assumptions!$C$9/30,0)),J12*(1-Assumptions!$C$25),0),IF(0=MAX(1,ROUNDUP(Assumptions!$C$9/30,0)),K12*(1-Assumptions!$C$25),0))+IF(8=Assumptions!$C$12,$C$8*(1-Assumptions!$C$26),0) -> 12.663904 | L37: =SUM(IF(9=MAX(1,ROUNDUP(Assumptions!$C$9/30,0)),C13*(1-Assumptions!$C$24),0),IF(8=MAX(1,ROUNDUP(Assumptions!$C$9/30,0)),D13*(1-Assumptions!$C$24),0),IF(7=MAX(1,ROUNDUP(Assumptions!$C$9/30,0)),E13*(1-Assumptions!$C$24),0),IF(6=MAX(1,ROUNDUP(Assumptions!$C$9/30,0)),F13*(1-Assumptions!$C$24),0),IF(5=MAX(1,ROUNDUP(Assumptions!$C$9/30,0)),G13*(1-Assumptions!$C$24),0),IF(4=MAX(1,ROUNDUP(Assumptions!$C$9/30,0)),H13*(1-Assumptions!$C$24),0),IF(3=MAX(1,ROUNDUP(Assumptions!$C$9/30,0)),I13*(1-Assumptions!$C$24),0),IF(2=MAX(1,ROUNDUP(Assumptions!$C$9/30,0)),J13*(1-Assumptions!$C$24),0),IF(1=MAX(1,ROUNDUP(Assumptions!$C$9/30,0)),K13*(1-Assumptions!$C$24),0),IF(0=MAX(1,ROUNDUP(Assumptions!$C$9/30,0)),L13*(1-Assumptions!$C$24),0),IF(9=MAX(1,ROUNDUP(Assumptions!$C$9/30,0)),C12*(1-Assumptions!$C$25),0),IF(8=MAX(1,ROUNDUP(Assumptions!$C$9/30,0)),D12*(1-Assumptions!$C$25),0),IF(7=MAX(1,ROUNDUP(Assumptions!$C$9/30,0)),E12*(1-Assumptions!$C$25),0),IF(6=MAX(1,ROUNDUP(Assumptions!$C$9/30,0)),F12*(1-Assumptions!$C$25),0),IF(5=MAX(1,ROUNDUP(Assumptions!$C$9/30,0)),G12*(1-Assumptions!$C$25),0),IF(4=MAX(1,ROUNDUP(Assumptions!$C$9/30,0)),H12*(1-Assumptions!$C$25),0),IF(3=MAX(1,ROUNDUP(Assumptions!$C$9/30,0)),I12*(1-Assumptions!$C$25),0),IF(2=MAX(1,ROUNDUP(Assumptions!$C$9/30,0)),J12*(1-Assumptions!$C$25),0),IF(1=MAX(1,ROUNDUP(Assumptions!$C$9/30,0)),K12*(1-Assumptions!$C$25),0),IF(0=MAX(1,ROUNDUP(Assumptions!$C$9/30,0)),L12*(1-Assumptions!$C$25),0))+IF(9=Assumptions!$C$12,$C$8*(1-Assumptions!$C$26),0) -> 13.297099 | M37: =SUM(IF(10=MAX(1,ROUNDUP(Assumptions!$C$9/30,0)),C13*(1-Assumptions!$C$24),0),IF(9=MAX(1,ROUNDUP(Assumptions!$C$9/30,0)),D13*(1-Assumptions!$C$24),0),IF(8=MAX(1,ROUNDUP(Assumptions!$C$9/30,0)),E13*(1-Assumptions!$C$24),0),IF(7=MAX(1,ROUNDUP(Assumptions!$C$9/30,0)),F13*(1-Assumptions!$C$24),0),IF(6=MAX(1,ROUNDUP(Assumptions!$C$9/30,0)),G13*(1-Assumptions!$C$24),0),IF(5=MAX(1,ROUNDUP(Assumptions!$C$9/30,0)),H13*(1-Assumptions!$C$24),0),IF(4=MAX(1,ROUNDUP(Assumptions!$C$9/30,0)),I13*(1-Assumptions!$C$24),0),IF(3=MAX(1,ROUNDUP(Assumptions!$C$9/30,0)),J13*(1-Assumptions!$C$24),0),IF(2=MAX(1,ROUNDUP(Assumptions!$C$9/30,0)),K13*(1-Assumptions!$C$24),0),IF(1=MAX(1,ROUNDUP(Assumptions!$C$9/30,0)),L13*(1-Assumptions!$C$24),0),IF(0=MAX(1,ROUNDUP(Assumptions!$C$9/30,0)),M13*(1-Assumptions!$C$24),0),IF(10=MAX(1,ROUNDUP(Assumptions!$C$9/30,0)),C12*(1-Assumptions!$C$25),0),IF(9=MAX(1,ROUNDUP(Assumptions!$C$9/30,0)),D12*(1-Assumptions!$C$25),0),IF(8=MAX(1,ROUNDUP(Assumptions!$C$9/30,0)),E12*(1-Assumptions!$C$25),0),IF(7=MAX(1,ROUNDUP(Assumptions!$C$9/30,0)),F12*(1-Assumptions!$C$25),0),IF(6=MAX(1,ROUNDUP(Assumptions!$C$9/30,0)),G12*(1-Assumptions!$C$25),0),IF(5=MAX(1,ROUNDUP(Assumptions!$C$9/30,0)),H12*(1-Assumptions!$C$25),0),IF(4=MAX(1,ROUNDUP(Assumptions!$C$9/30,0)),I12*(1-Assumptions!$C$25),0),IF(3=MAX(1,ROUNDUP(Assumptions!$C$9/30,0)),J12*(1-Assumptions!$C$25),0),IF(2=MAX(1,ROUNDUP(Assumptions!$C$9/30,0)),K12*(1-Assumptions!$C$25),0),IF(1=MAX(1,ROUNDUP(Assumptions!$C$9/30,0)),L12*(1-Assumptions!$C$25),0),IF(0=MAX(1,ROUNDUP(Assumptions!$C$9/30,0)),M12*(1-Assumptions!$C$25),0))+IF(10=Assumptions!$C$12,$C$8*(1-Assumptions!$C$26),0) -> 13.961954 | N37: =SUM(IF(11=MAX(1,ROUNDUP(Assumptions!$C$9/30,0)),C13*(1-Assumptions!$C$24),0),IF(10=MAX(1,ROUNDUP(Assumptions!$C$9/30,0)),D13*(1-Assumptions!$C$24),0),IF(9=MAX(1,ROUNDUP(Assumptions!$C$9/30,0)),E13*(1-Assumptions!$C$24),0),IF(8=MAX(1,ROUNDUP(Assumptions!$C$9/30,0)),F13*(1-Assumptions!$C$24),0),IF(7=MAX(1,ROUNDUP(Assumptions!$C$9/30,0)),G13*(1-Assumptions!$C$24),0),IF(6=MAX(1,ROUNDUP(Assumptions!$C$9/30,0)),H13*(1-Assumptions!$C$24),0),IF(5=MAX(1,ROUNDUP(Assumptions!$C$9/30,0)),I13*(1-Assumptions!$C$24),0),IF(4=MAX(1,ROUNDUP(Assumptions!$C$9/30,0)),J13*(1-Assumptions!$C$24),0),IF(3=MAX(1,ROUNDUP(Assumptions!$C$9/30,0)),K13*(1-Assumptions!$C$24),0),IF(2=MAX(1,ROUNDUP(Assumptions!$C$9/30,0)),L13*(1-Assumptions!$C$24),0),IF(1=MAX(1,ROUNDUP(Assumptions!$C$9/30,0)),M13*(1-Assumptions!$C$24),0),IF(0=MAX(1,ROUNDUP(Assumptions!$C$9/30,0)),N13*(1-Assumptions!$C$24),0),IF(11=MAX(1,ROUNDUP(Assumptions!$C$9/30,0)),C12*(1-Assumptions!$C$25),0),IF(10=MAX(1,ROUNDUP(Assumptions!$C$9/30,0)),D12*(1-Assumptions!$C$25),0),IF(9=MAX(1,ROUNDUP(Assumptions!$C$9/30,0)),E12*(1-Assumptions!$C$25),0),IF(8=MAX(1,ROUNDUP(Assumptions!$C$9/30,0)),F12*(1-Assumptions!$C$25),0),IF(7=MAX(1,ROUNDUP(Assumptions!$C$9/30,0)),G12*(1-Assumptions!$C$25),0),IF(6=MAX(1,ROUNDUP(Assumptions!$C$9/30,0)),H12*(1-Assumptions!$C$25),0),IF(5=MAX(1,ROUNDUP(Assumptions!$C$9/30,0)),I12*(1-Assumptions!$C$25),0),IF(4=MAX(1,ROUNDUP(Assumptions!$C$9/30,0)),J12*(1-Assumptions!$C$25),0),IF(3=MAX(1,ROUNDUP(Assumptions!$C$9/30,0)),K12*(1-Assumptions!$C$25),0),IF(2=MAX(1,ROUNDUP(Assumptions!$C$9/30,0)),L12*(1-Assumptions!$C$25),0),IF(1=MAX(1,ROUNDUP(Assumptions!$C$9/30,0)),M12*(1-Assumptions!$C$25),0),IF(0=MAX(1,ROUNDUP(Assumptions!$C$9/30,0)),N12*(1-Assumptions!$C$25),0))+IF(11=Assumptions!$C$12,$C$8*(1-Assumptions!$C$26),0) -> 14.660052 | O37: =SUM(IF(12=MAX(1,ROUNDUP(Assumptions!$C$9/30,0)),C13*(1-Assumptions!$C$24),0),IF(11=MAX(1,ROUNDUP(Assumptions!$C$9/30,0)),D13*(1-Assumptions!$C$24),0),IF(10=MAX(1,ROUNDUP(Assumptions!$C$9/30,0)),E13*(1-Assumptions!$C$24),0),IF(9=MAX(1,ROUNDUP(Assumptions!$C$9/30,0)),F13*(1-Assumptions!$C$24),0),IF(8=MAX(1,ROUNDUP(Assumptions!$C$9/30,0)),G13*(1-Assumptions!$C$24),0),IF(7=MAX(1,ROUNDUP(Assumptions!$C$9/30,0)),H13*(1-Assumptions!$C$24),0),IF(6=MAX(1,ROUNDUP(Assumptions!$C$9/30,0)),I13*(1-Assumptions!$C$24),0),IF(5=MAX(1,ROUNDUP(Assumptions!$C$9/30,0)),J13*(1-Assumptions!$C$24),0),IF(4=MAX(1,ROUNDUP(Assumptions!$C$9/30,0)),K13*(1-Assumptions!$C$24),0),IF(3=MAX(1,ROUNDUP(Assumptions!$C$9/30,0)),L13*(1-Assumptions!$C$24),0),IF(2=MAX(1,ROUNDUP(Assumptions!$C$9/30,0)),M13*(1-Assumptions!$C$24),0),IF(1=MAX(1,ROUNDUP(Assumptions!$C$9/30,0)),N13*(1-Assumptions!$C$24),0),IF(0=MAX(1,ROUNDUP(Assumptions!$C$9/30,0)),O13*(1-Assumptions!$C$24),0),IF(12=MAX(1,ROUNDUP(Assumptions!$C$9/30,0)),C12*(1-Assumptions!$C$25),0),IF(11=MAX(1,ROUNDUP(Assumptions!$C$9/30,0)),D12*(1-Assumptions!$C$25),0),IF(10=MAX(1,ROUNDUP(Assumptions!$C$9/30,0)),E12*(1-Assumptions!$C$25),0),IF(9=MAX(1,ROUNDUP(Assumptions!$C$9/30,0)),F12*(1-Assumptions!$C$25),0),IF(8=MAX(1,ROUNDUP(Assumptions!$C$9/30,0)),G12*(1-Assumptions!$C$25),0),IF(7=MAX(1,ROUNDUP(Assumptions!$C$9/30,0)),H12*(1-Assumptions!$C$25),0),IF(6=MAX(1,ROUNDUP(Assumptions!$C$9/30,0)),I12*(1-Assumptions!$C$25),0),IF(5=MAX(1,ROUNDUP(Assumptions!$C$9/30,0)),J12*(1-Assumptions!$C$25),0),IF(4=MAX(1,ROUNDUP(Assumptions!$C$9/30,0)),K12*(1-Assumptions!$C$25),0),IF(3=MAX(1,ROUNDUP(Assumptions!$C$9/30,0)),L12*(1-Assumptions!$C$25),0),IF(2=MAX(1,ROUNDUP(Assumptions!$C$9/30,0)),M12*(1-Assumptions!$C$25),0),IF(1=MAX(1,ROUNDUP(Assumptions!$C$9/30,0)),N12*(1-Assumptions!$C$25),0),IF(0=MAX(1,ROUNDUP(Assumptions!$C$9/30,0)),O12*(1-Assumptions!$C$25),0))+IF(12=Assumptions!$C$12,$C$8*(1-Assumptions!$C$26),0) -> 15.393054 | P37: =SUM(IF(13=MAX(1,ROUNDUP(Assumptions!$C$9/30,0)),C13*(1-Assumptions!$C$24),0),IF(12=MAX(1,ROUNDUP(Assumptions!$C$9/30,0)),D13*(1-Assumptions!$C$24),0),IF(11=MAX(1,ROUNDUP(Assumptions!$C$9/30,0)),E13*(1-Assumptions!$C$24),0),IF(10=MAX(1,ROUNDUP(Assumptions!$C$9/30,0)),F13*(1-Assumptions!$C$24),0),IF(9=MAX(1,ROUNDUP(Assumptions!$C$9/30,0)),G13*(1-Assumptions!$C$24),0),IF(8=MAX(1,ROUNDUP(Assumptions!$C$9/30,0)),H13*(1-Assumptions!$C$24),0),IF(7=MAX(1,ROUNDUP(Assumptions!$C$9/30,0)),I13*(1-Assumptions!$C$24),0),IF(6=MAX(1,ROUNDUP(Assumptions!$C$9/30,0)),J13*(1-Assumptions!$C$24),0),IF(5=MAX(1,ROUNDUP(Assumptions!$C$9/30,0)),K13*(1-Assumptions!$C$24),0),IF(4=MAX(1,ROUNDUP(Assumptions!$C$9/30,0)),L13*(1-Assumptions!$C$24),0),IF(3=MAX(1,ROUNDUP(Assumptions!$C$9/30,0)),M13*(1-Assumptions!$C$24),0),IF(2=MAX(1,ROUNDUP(Assumptions!$C$9/30,0)),N13*(1-Assumptions!$C$24),0),IF(1=MAX(1,ROUNDUP(Assumptions!$C$9/30,0)),O13*(1-Assumptions!$C$24),0),IF(0=MAX(1,ROUNDUP(Assumptions!$C$9/30,0)),P13*(1-Assumptions!$C$24),0),IF(13=MAX(1,ROUNDUP(Assumptions!$C$9/30,0)),C12*(1-Assumptions!$C$25),0),IF(12=MAX(1,ROUNDUP(Assumptions!$C$9/30,0)),D12*(1-Assumptions!$C$25),0),IF(11=MAX(1,ROUNDUP(Assumptions!$C$9/30,0)),E12*(1-Assumptions!$C$25),0),IF(10=MAX(1,ROUNDUP(Assumptions!$C$9/30,0)),F12*(1-Assumptions!$C$25),0),IF(9=MAX(1,ROUNDUP(Assumptions!$C$9/30,0)),G12*(1-Assumptions!$C$25),0),IF(8=MAX(1,ROUNDUP(Assumptions!$C$9/30,0)),H12*(1-Assumptions!$C$25),0),IF(7=MAX(1,ROUNDUP(Assumptions!$C$9/30,0)),I12*(1-Assumptions!$C$25),0),IF(6=MAX(1,ROUNDUP(Assumptions!$C$9/30,0)),J12*(1-Assumptions!$C$25),0),IF(5=MAX(1,ROUNDUP(Assumptions!$C$9/30,0)),K12*(1-Assumptions!$C$25),0),IF(4=MAX(1,ROUNDUP(Assumptions!$C$9/30,0)),L12*(1-Assumptions!$C$25),0),IF(3=MAX(1,ROUNDUP(Assumptions!$C$9/30,0)),M12*(1-Assumptions!$C$25),0),IF(2=MAX(1,ROUNDUP(Assumptions!$C$9/30,0)),N12*(1-Assumptions!$C$25),0),IF(1=MAX(1,ROUNDUP(Assumptions!$C$9/30,0)),O12*(1-Assumptions!$C$25),0),IF(0=MAX(1,ROUNDUP(Assumptions!$C$9/30,0)),P12*(1-Assumptions!$C$25),0))+IF(13=Assumptions!$C$12,$C$8*(1-Assumptions!$C$26),0) -> 16.162707 | Q37: =SUM(IF(14=MAX(1,ROUNDUP(Assumptions!$C$9/30,0)),C13*(1-Assumptions!$C$24),0),IF(13=MAX(1,ROUNDUP(Assumptions!$C$9/30,0)),D13*(1-Assumptions!$C$24),0),IF(12=MAX(1,ROUNDUP(Assumptions!$C$9/30,0)),E13*(1-Assumptions!$C$24),0),IF(11=MAX(1,ROUNDUP(Assumptions!$C$9/30,0)),F13*(1-Assumptions!$C$24),0),IF(10=MAX(1,ROUNDUP(Assumptions!$C$9/30,0)),G13*(1-Assumptions!$C$24),0),IF(9=MAX(1,ROUNDUP(Assumptions!$C$9/30,0)),H13*(1-Assumptions!$C$24),0),IF(8=MAX(1,ROUNDUP(Assumptions!$C$9/30,0)),I13*(1-Assumptions!$C$24),0),IF(7=MAX(1,ROUNDUP(Assumptions!$C$9/30,0)),J13*(1-Assumptions!$C$24),0),IF(6=MAX(1,ROUNDUP(Assumptions!$C$9/30,0)),K13*(1-Assumptions!$C$24),0),IF(5=MAX(1,ROUNDUP(Assumptions!$C$9/30,0)),L13*(1-Assumptions!$C$24),0),IF(4=MAX(1,ROUNDUP(Assumptions!$C$9/30,0)),M13*(1-Assumptions!$C$24),0),IF(3=MAX(1,ROUNDUP(Assumptions!$C$9/30,0)),N13*(1-Assumptions!$C$24),0),IF(2=MAX(1,ROUNDUP(Assumptions!$C$9/30,0)),O13*(1-Assumptions!$C$24),0),IF(1=MAX(1,ROUNDUP(Assumptions!$C$9/30,0)),P13*(1-Assumptions!$C$24),0),IF(0=MAX(1,ROUNDUP(Assumptions!$C$9/30,0)),Q13*(1-Assumptions!$C$24),0),IF(14=MAX(1,ROUNDUP(Assumptions!$C$9/30,0)),C12*(1-Assumptions!$C$25),0),IF(13=MAX(1,ROUNDUP(Assumptions!$C$9/30,0)),D12*(1-Assumptions!$C$25),0),IF(12=MAX(1,ROUNDUP(Assumptions!$C$9/30,0)),E12*(1-Assumptions!$C$25),0),IF(11=MAX(1,ROUNDUP(Assumptions!$C$9/30,0)),F12*(1-Assumptions!$C$25),0),IF(10=MAX(1,ROUNDUP(Assumptions!$C$9/30,0)),G12*(1-Assumptions!$C$25),0),IF(9=MAX(1,ROUNDUP(Assumptions!$C$9/30,0)),H12*(1-Assumptions!$C$25),0),IF(8=MAX(1,ROUNDUP(Assumptions!$C$9/30,0)),I12*(1-Assumptions!$C$25),0),IF(7=MAX(1,ROUNDUP(Assumptions!$C$9/30,0)),J12*(1-Assumptions!$C$25),0),IF(6=MAX(1,ROUNDUP(Assumptions!$C$9/30,0)),K12*(1-Assumptions!$C$25),0),IF(5=MAX(1,ROUNDUP(Assumptions!$C$9/30,0)),L12*(1-Assumptions!$C$25),0),IF(4=MAX(1,ROUNDUP(Assumptions!$C$9/30,0)),M12*(1-Assumptions!$C$25),0),IF(3=MAX(1,ROUNDUP(Assumptions!$C$9/30,0)),N12*(1-Assumptions!$C$25),0),IF(2=MAX(1,ROUNDUP(Assumptions!$C$9/30,0)),O12*(1-Assumptions!$C$25),0),IF(1=MAX(1,ROUNDUP(Assumptions!$C$9/30,0)),P12*(1-Assumptions!$C$25),0),IF(0=MAX(1,ROUNDUP(Assumptions!$C$9/30,0)),Q12*(1-Assumptions!$C$25),0))+IF(14=Assumptions!$C$12,$C$8*(1-Assumptions!$C$26),0) -> 16.970842 | R37: =SUM(IF(15=MAX(1,ROUNDUP(Assumptions!$C$9/30,0)),C13*(1-Assumptions!$C$24),0),IF(14=MAX(1,ROUNDUP(Assumptions!$C$9/30,0)),D13*(1-Assumptions!$C$24),0),IF(13=MAX(1,ROUNDUP(Assumptions!$C$9/30,0)),E13*(1-Assumptions!$C$24),0),IF(12=MAX(1,ROUNDUP(Assumptions!$C$9/30,0)),F13*(1-Assumptions!$C$24),0),IF(11=MAX(1,ROUNDUP(Assumptions!$C$9/30,0)),G13*(1-Assumptions!$C$24),0),IF(10=MAX(1,ROUNDUP(Assumptions!$C$9/30,0)),H13*(1-Assumptions!$C$24),0),IF(9=MAX(1,ROUNDUP(Assumptions!$C$9/30,0)),I13*(1-Assumptions!$C$24),0),IF(8=MAX(1,ROUNDUP(Assumptions!$C$9/30,0)),J13*(1-Assumptions!$C$24),0),IF(7=MAX(1,ROUNDUP(Assumptions!$C$9/30,0)),K13*(1-Assumptions!$C$24),0),IF(6=MAX(1,ROUNDUP(Assumptions!$C$9/30,0)),L13*(1-Assumptions!$C$24),0),IF(5=MAX(1,ROUNDUP(Assumptions!$C$9/30,0)),M13*(1-Assumptions!$C$24),0),IF(4=MAX(1,ROUNDUP(Assumptions!$C$9/30,0)),N13*(1-Assumptions!$C$24),0),IF(3=MAX(1,ROUNDUP(Assumptions!$C$9/30,0)),O13*(1-Assumptions!$C$24),0),IF(2=MAX(1,ROUNDUP(Assumptions!$C$9/30,0)),P13*(1-Assumptions!$C$24),0),IF(1=MAX(1,ROUNDUP(Assumptions!$C$9/30,0)),Q13*(1-Assumptions!$C$24),0),IF(0=MAX(1,ROUNDUP(Assumptions!$C$9/30,0)),R13*(1-Assumptions!$C$24),0),IF(15=MAX(1,ROUNDUP(Assumptions!$C$9/30,0)),C12*(1-Assumptions!$C$25),0),IF(14=MAX(1,ROUNDUP(Assumptions!$C$9/30,0)),D12*(1-Assumptions!$C$25),0),IF(13=MAX(1,ROUNDUP(Assumptions!$C$9/30,0)),E12*(1-Assumptions!$C$25),0),IF(12=MAX(1,ROUNDUP(Assumptions!$C$9/30,0)),F12*(1-Assumptions!$C$25),0),IF(11=MAX(1,ROUNDUP(Assumptions!$C$9/30,0)),G12*(1-Assumptions!$C$25),0),IF(10=MAX(1,ROUNDUP(Assumptions!$C$9/30,0)),H12*(1-Assumptions!$C$25),0),IF(9=MAX(1,ROUNDUP(Assumptions!$C$9/30,0)),I12*(1-Assumptions!$C$25),0),IF(8=MAX(1,ROUNDUP(Assumptions!$C$9/30,0)),J12*(1-Assumptions!$C$25),0),IF(7=MAX(1,ROUNDUP(Assumptions!$C$9/30,0)),K12*(1-Assumptions!$C$25),0),IF(6=MAX(1,ROUNDUP(Assumptions!$C$9/30,0)),L12*(1-Assumptions!$C$25),0),IF(5=MAX(1,ROUNDUP(Assumptions!$C$9/30,0)),M12*(1-Assumptions!$C$25),0),IF(4=MAX(1,ROUNDUP(Assumptions!$C$9/30,0)),N12*(1-Assumptions!$C$25),0),IF(3=MAX(1,ROUNDUP(Assumptions!$C$9/30,0)),O12*(1-Assumptions!$C$25),0),IF(2=MAX(1,ROUNDUP(Assumptions!$C$9/30,0)),P12*(1-Assumptions!$C$25),0),IF(1=MAX(1,ROUNDUP(Assumptions!$C$9/30,0)),Q12*(1-Assumptions!$C$25),0),IF(0=MAX(1,ROUNDUP(Assumptions!$C$9/30,0)),R12*(1-Assumptions!$C$25),0))+IF(15=Assumptions!$C$12,$C$8*(1-Assumptions!$C$26),0) -> 17.819384 | S37: =SUM(IF(16=MAX(1,ROUNDUP(Assumptions!$C$9/30,0)),C13*(1-Assumptions!$C$24),0),IF(15=MAX(1,ROUNDUP(Assumptions!$C$9/30,0)),D13*(1-Assumptions!$C$24),0),IF(14=MAX(1,ROUNDUP(Assumptions!$C$9/30,0)),E13*(1-Assumptions!$C$24),0),IF(13=MAX(1,ROUNDUP(Assumptions!$C$9/30,0)),F13*(1-Assumptions!$C$24),0),IF(12=MAX(1,ROUNDUP(Assumptions!$C$9/30,0)),G13*(1-Assumptions!$C$24),0),IF(11=MAX(1,ROUNDUP(Assumptions!$C$9/30,0)),H13*(1-Assumptions!$C$24),0),IF(10=MAX(1,ROUNDUP(Assumptions!$C$9/30,0)),I13*(1-Assumptions!$C$24),0),IF(9=MAX(1,ROUNDUP(Assumptions!$C$9/30,0)),J13*(1-Assumptions!$C$24),0),IF(8=MAX(1,ROUNDUP(Assumptions!$C$9/30,0)),K13*(1-Assumptions!$C$24),0),IF(7=MAX(1,ROUNDUP(Assumptions!$C$9/30,0)),L13*(1-Assumptions!$C$24),0),IF(6=MAX(1,ROUNDUP(Assumptions!$C$9/30,0)),M13*(1-Assumptions!$C$24),0),IF(5=MAX(1,ROUNDUP(Assumptions!$C$9/30,0)),N13*(1-Assumptions!$C$24),0),IF(4=MAX(1,ROUNDUP(Assumptions!$C$9/30,0)),O13*(1-Assumptions!$C$24),0),IF(3=MAX(1,ROUNDUP(Assumptions!$C$9/30,0)),P13*(1-Assumptions!$C$24),0),IF(2=MAX(1,ROUNDUP(Assumptions!$C$9/30,0)),Q13*(1-Assumptions!$C$24),0),IF(1=MAX(1,ROUNDUP(Assumptions!$C$9/30,0)),R13*(1-Assumptions!$C$24),0),IF(0=MAX(1,ROUNDUP(Assumptions!$C$9/30,0)),S13*(1-Assumptions!$C$24),0),IF(16=MAX(1,ROUNDUP(Assumptions!$C$9/30,0)),C12*(1-Assumptions!$C$25),0),IF(15=MAX(1,ROUNDUP(Assumptions!$C$9/30,0)),D12*(1-Assumptions!$C$25),0),IF(14=MAX(1,ROUNDUP(Assumptions!$C$9/30,0)),E12*(1-Assumptions!$C$25),0),IF(13=MAX(1,ROUNDUP(Assumptions!$C$9/30,0)),F12*(1-Assumptions!$C$25),0),IF(12=MAX(1,ROUNDUP(Assumptions!$C$9/30,0)),G12*(1-Assumptions!$C$25),0),IF(11=MAX(1,ROUNDUP(Assumptions!$C$9/30,0)),H12*(1-Assumptions!$C$25),0),IF(10=MAX(1,ROUNDUP(Assumptions!$C$9/30,0)),I12*(1-Assumptions!$C$25),0),IF(9=MAX(1,ROUNDUP(Assumptions!$C$9/30,0)),J12*(1-Assumptions!$C$25),0),IF(8=MAX(1,ROUNDUP(Assumptions!$C$9/30,0)),K12*(1-Assumptions!$C$25),0),IF(7=MAX(1,ROUNDUP(Assumptions!$C$9/30,0)),L12*(1-Assumptions!$C$25),0),IF(6=MAX(1,ROUNDUP(Assumptions!$C$9/30,0)),M12*(1-Assumptions!$C$25),0),IF(5=MAX(1,ROUNDUP(Assumptions!$C$9/30,0)),N12*(1-Assumptions!$C$25),0),IF(4=MAX(1,ROUNDUP(Assumptions!$C$9/30,0)),O12*(1-Assumptions!$C$25),0),IF(3=MAX(1,ROUNDUP(Assumptions!$C$9/30,0)),P12*(1-Assumptions!$C$25),0),IF(2=MAX(1,ROUNDUP(Assumptions!$C$9/30,0)),Q12*(1-Assumptions!$C$25),0),IF(1=MAX(1,ROUNDUP(Assumptions!$C$9/30,0)),R12*(1-Assumptions!$C$25),0),IF(0=MAX(1,ROUNDUP(Assumptions!$C$9/30,0)),S12*(1-Assumptions!$C$25),0))+IF(16=Assumptions!$C$12,$C$8*(1-Assumptions!$C$26),0) -> 18.710354 | T37: =SUM(IF(17=MAX(1,ROUNDUP(Assumptions!$C$9/30,0)),C13*(1-Assumptions!$C$24),0),IF(16=MAX(1,ROUNDUP(Assumptions!$C$9/30,0)),D13*(1-Assumptions!$C$24),0),IF(15=MAX(1,ROUNDUP(Assumptions!$C$9/30,0)),E13*(1-Assumptions!$C$24),0),IF(14=MAX(1,ROUNDUP(Assumptions!$C$9/30,0)),F13*(1-Assumptions!$C$24),0),IF(13=MAX(1,ROUNDUP(Assumptions!$C$9/30,0)),G13*(1-Assumptions!$C$24),0),IF(12=MAX(1,ROUNDUP(Assumptions!$C$9/30,0)),H13*(1-Assumptions!$C$24),0),IF(11=MAX(1,ROUNDUP(Assumptions!$C$9/30,0)),I13*(1-Assumptions!$C$24),0),IF(10=MAX(1,ROUNDUP(Assumptions!$C$9/30,0)),J13*(1-Assumptions!$C$24),0),IF(9=MAX(1,ROUNDUP(Assumptions!$C$9/30,0)),K13*(1-Assumptions!$C$24),0),IF(8=MAX(1,ROUNDUP(Assumptions!$C$9/30,0)),L13*(1-Assumptions!$C$24),0),IF(7=MAX(1,ROUNDUP(Assumptions!$C$9/30,0)),M13*(1-Assumptions!$C$24),0),IF(6=MAX(1,ROUNDUP(Assumptions!$C$9/30,0)),N13*(1-Assumptions!$C$24),0),IF(5=MAX(1,ROUNDUP(Assumptions!$C$9/30,0)),O13*(1-Assumptions!$C$24),0),IF(4=MAX(1,ROUNDUP(Assumptions!$C$9/30,0)),P13*(1-Assumptions!$C$24),0),IF(3=MAX(1,ROUNDUP(Assumptions!$C$9/30,0)),Q13*(1-Assumptions!$C$24),0),IF(2=MAX(1,ROUNDUP(Assumptions!$C$9/30,0)),R13*(1-Assumptions!$C$24),0),IF(1=MAX(1,ROUNDUP(Assumptions!$C$9/30,0)),S13*(1-Assumptions!$C$24),0),IF(0=MAX(1,ROUNDUP(Assumptions!$C$9/30,0)),T13*(1-Assumptions!$C$24),0),IF(17=MAX(1,ROUNDUP(Assumptions!$C$9/30,0)),C12*(1-Assumptions!$C$25),0),IF(16=MAX(1,ROUNDUP(Assumptions!$C$9/30,0)),D12*(1-Assumptions!$C$25),0),IF(15=MAX(1,ROUNDUP(Assumptions!$C$9/30,0)),E12*(1-Assumptions!$C$25),0),IF(14=MAX(1,ROUNDUP(Assumptions!$C$9/30,0)),F12*(1-Assumptions!$C$25),0),IF(13=MAX(1,ROUNDUP(Assumptions!$C$9/30,0)),G12*(1-Assumptions!$C$25),0),IF(12=MAX(1,ROUNDUP(Assumptions!$C$9/30,0)),H12*(1-Assumptions!$C$25),0),IF(11=MAX(1,ROUNDUP(Assumptions!$C$9/30,0)),I12*(1-Assumptions!$C$25),0),IF(10=MAX(1,ROUNDUP(Assumptions!$C$9/30,0)),J12*(1-Assumptions!$C$25),0),IF(9=MAX(1,ROUNDUP(Assumptions!$C$9/30,0)),K12*(1-Assumptions!$C$25),0),IF(8=MAX(1,ROUNDUP(Assumptions!$C$9/30,0)),L12*(1-Assumptions!$C$25),0),IF(7=MAX(1,ROUNDUP(Assumptions!$C$9/30,0)),M12*(1-Assumptions!$C$25),0),IF(6=MAX(1,ROUNDUP(Assumptions!$C$9/30,0)),N12*(1-Assumptions!$C$25),0),IF(5=MAX(1,ROUNDUP(Assumptions!$C$9/30,0)),O12*(1-Assumptions!$C$25),0),IF(4=MAX(1,ROUNDUP(Assumptions!$C$9/30,0)),P12*(1-Assumptions!$C$25),0),IF(3=MAX(1,ROUNDUP(Assumptions!$C$9/30,0)),Q12*(1-Assumptions!$C$25),0),IF(2=MAX(1,ROUNDUP(Assumptions!$C$9/30,0)),R12*(1-Assumptions!$C$25),0),IF(1=MAX(1,ROUNDUP(Assumptions!$C$9/30,0)),S12*(1-Assumptions!$C$25),0),IF(0=MAX(1,ROUNDUP(Assumptions!$C$9/30,0)),T12*(1-Assumptions!$C$25),0))+IF(17=Assumptions!$C$12,$C$8*(1-Assumptions!$C$26),0) -> 19.645871 | U37: =SUM(IF(18=MAX(1,ROUNDUP(Assumptions!$C$9/30,0)),C13*(1-Assumptions!$C$24),0),IF(17=MAX(1,ROUNDUP(Assumptions!$C$9/30,0)),D13*(1-Assumptions!$C$24),0),IF(16=MAX(1,ROUNDUP(Assumptions!$C$9/30,0)),E13*(1-Assumptions!$C$24),0),IF(15=MAX(1,ROUNDUP(Assumptions!$C$9/30,0)),F13*(1-Assumptions!$C$24),0),IF(14=MAX(1,ROUNDUP(Assumptions!$C$9/30,0)),G13*(1-Assumptions!$C$24),0),IF(13=MAX(1,ROUNDUP(Assumptions!$C$9/30,0)),H13*(1-Assumptions!$C$24),0),IF(12=MAX(1,ROUNDUP(Assumptions!$C$9/30,0)),I13*(1-Assumptions!$C$24),0),IF(11=MAX(1,ROUNDUP(Assumptions!$C$9/30,0)),J13*(1-Assumptions!$C$24),0),IF(10=MAX(1,ROUNDUP(Assumptions!$C$9/30,0)),K13*(1-Assumptions!$C$24),0),IF(9=MAX(1,ROUNDUP(Assumptions!$C$9/30,0)),L13*(1-Assumptions!$C$24),0),IF(8=MAX(1,ROUNDUP(Assumptions!$C$9/30,0)),M13*(1-Assumptions!$C$24),0),IF(7=MAX(1,ROUNDUP(Assumptions!$C$9/30,0)),N13*(1-Assumptions!$C$24),0),IF(6=MAX(1,ROUNDUP(Assumptions!$C$9/30,0)),O13*(1-Assumptions!$C$24),0),IF(5=MAX(1,ROUNDUP(Assumptions!$C$9/30,0)),P13*(1-Assumptions!$C$24),0),IF(4=MAX(1,ROUNDUP(Assumptions!$C$9/30,0)),Q13*(1-Assumptions!$C$24),0),IF(3=MAX(1,ROUNDUP(Assumptions!$C$9/30,0)),R13*(1-Assumptions!$C$24),0),IF(2=MAX(1,ROUNDUP(Assumptions!$C$9/30,0)),S13*(1-Assumptions!$C$24),0),IF(1=MAX(1,ROUNDUP(Assumptions!$C$9/30,0)),T13*(1-Assumptions!$C$24),0),IF(0=MAX(1,ROUNDUP(Assumptions!$C$9/30,0)),U13*(1-Assumptions!$C$24),0),IF(18=MAX(1,ROUNDUP(Assumptions!$C$9/30,0)),C12*(1-Assumptions!$C$25),0),IF(17=MAX(1,ROUNDUP(Assumptions!$C$9/30,0)),D12*(1-Assumptions!$C$25),0),IF(16=MAX(1,ROUNDUP(Assumptions!$C$9/30,0)),E12*(1-Assumptions!$C$25),0),IF(15=MAX(1,ROUNDUP(Assumptions!$C$9/30,0)),F12*(1-Assumptions!$C$25),0),IF(14=MAX(1,ROUNDUP(Assumptions!$C$9/30,0)),G12*(1-Assumptions!$C$25),0),IF(13=MAX(1,ROUNDUP(Assumptions!$C$9/30,0)),H12*(1-Assumptions!$C$25),0),IF(12=MAX(1,ROUNDUP(Assumptions!$C$9/30,0)),I12*(1-Assumptions!$C$25),0),IF(11=MAX(1,ROUNDUP(Assumptions!$C$9/30,0)),J12*(1-Assumptions!$C$25),0),IF(10=MAX(1,ROUNDUP(Assumptions!$C$9/30,0)),K12*(1-Assumptions!$C$25),0),IF(9=MAX(1,ROUNDUP(Assumptions!$C$9/30,0)),L12*(1-Assumptions!$C$25),0),IF(8=MAX(1,ROUNDUP(Assumptions!$C$9/30,0)),M12*(1-Assumptions!$C$25),0),IF(7=MAX(1,ROUNDUP(Assumptions!$C$9/30,0)),N12*(1-Assumptions!$C$25),0),IF(6=MAX(1,ROUNDUP(Assumptions!$C$9/30,0)),O12*(1-Assumptions!$C$25),0),IF(5=MAX(1,ROUNDUP(Assumptions!$C$9/30,0)),P12*(1-Assumptions!$C$25),0),IF(4=MAX(1,ROUNDUP(Assumptions!$C$9/30,0)),Q12*(1-Assumptions!$C$25),0),IF(3=MAX(1,ROUNDUP(Assumptions!$C$9/30,0)),R12*(1-Assumptions!$C$25),0),IF(2=MAX(1,ROUNDUP(Assumptions!$C$9/30,0)),S12*(1-Assumptions!$C$25),0),IF(1=MAX(1,ROUNDUP(Assumptions!$C$9/30,0)),T12*(1-Assumptions!$C$25),0),IF(0=MAX(1,ROUNDUP(Assumptions!$C$9/30,0)),U12*(1-Assumptions!$C$25),0))+IF(18=Assumptions!$C$12,$C$8*(1-Assumptions!$C$26),0) -> 20.628165 | V37: =SUM(IF(19=MAX(1,ROUNDUP(Assumptions!$C$9/30,0)),C13*(1-Assumptions!$C$24),0),IF(18=MAX(1,ROUNDUP(Assumptions!$C$9/30,0)),D13*(1-Assumptions!$C$24),0),IF(17=MAX(1,ROUNDUP(Assumptions!$C$9/30,0)),E13*(1-Assumptions!$C$24),0),IF(16=MAX(1,ROUNDUP(Assumptions!$C$9/30,0)),F13*(1-Assumptions!$C$24),0),IF(15=MAX(1,ROUNDUP(Assumptions!$C$9/30,0)),G13*(1-Assumptions!$C$24),0),IF(14=MAX(1,ROUNDUP(Assumptions!$C$9/30,0)),H13*(1-Assumptions!$C$24),0),IF(13=MAX(1,ROUNDUP(Assumptions!$C$9/30,0)),I13*(1-Assumptions!$C$24),0),IF(12=MAX(1,ROUNDUP(Assumptions!$C$9/30,0)),J13*(1-Assumptions!$C$24),0),IF(11=MAX(1,ROUNDUP(Assumptions!$C$9/30,0)),K13*(1-Assumptions!$C$24),0),IF(10=MAX(1,ROUNDUP(Assumptions!$C$9/30,0)),L13*(1-Assumptions!$C$24),0),IF(9=MAX(1,ROUNDUP(Assumptions!$C$9/30,0)),M13*(1-Assumptions!$C$24),0),IF(8=MAX(1,ROUNDUP(Assumptions!$C$9/30,0)),N13*(1-Assumptions!$C$24),0),IF(7=MAX(1,ROUNDUP(Assumptions!$C$9/30,0)),O13*(1-Assumptions!$C$24),0),IF(6=MAX(1,ROUNDUP(Assumptions!$C$9/30,0)),P13*(1-Assumptions!$C$24),0),IF(5=MAX(1,ROUNDUP(Assumptions!$C$9/30,0)),Q13*(1-Assumptions!$C$24),0),IF(4=MAX(1,ROUNDUP(Assumptions!$C$9/30,0)),R13*(1-Assumptions!$C$24),0),IF(3=MAX(1,ROUNDUP(Assumptions!$C$9/30,0)),S13*(1-Assumptions!$C$24),0),IF(2=MAX(1,ROUNDUP(Assumptions!$C$9/30,0)),T13*(1-Assumptions!$C$24),0),IF(1=MAX(1,ROUNDUP(Assumptions!$C$9/30,0)),U13*(1-Assumptions!$C$24),0),IF(0=MAX(1,ROUNDUP(Assumptions!$C$9/30,0)),V13*(1-Assumptions!$C$24),0),IF(19=MAX(1,ROUNDUP(Assumptions!$C$9/30,0)),C12*(1-Assumptions!$C$25),0),IF(18=MAX(1,ROUNDUP(Assumptions!$C$9/30,0)),D12*(1-Assumptions!$C$25),0),IF(17=MAX(1,ROUNDUP(Assumptions!$C$9/30,0)),E12*(1-Assumptions!$C$25),0),IF(16=MAX(1,ROUNDUP(Assumptions!$C$9/30,0)),F12*(1-Assumptions!$C$25),0),IF(15=MAX(1,ROUNDUP(Assumptions!$C$9/30,0)),G12*(1-Assumptions!$C$25),0),IF(14=MAX(1,ROUNDUP(Assumptions!$C$9/30,0)),H12*(1-Assumptions!$C$25),0),IF(13=MAX(1,ROUNDUP(Assumptions!$C$9/30,0)),I12*(1-Assumptions!$C$25),0),IF(12=MAX(1,ROUNDUP(Assumptions!$C$9/30,0)),J12*(1-Assumptions!$C$25),0),IF(11=MAX(1,ROUNDUP(Assumptions!$C$9/30,0)),K12*(1-Assumptions!$C$25),0),IF(10=MAX(1,ROUNDUP(Assumptions!$C$9/30,0)),L12*(1-Assumptions!$C$25),0),IF(9=MAX(1,ROUNDUP(Assumptions!$C$9/30,0)),M12*(1-Assumptions!$C$25),0),IF(8=MAX(1,ROUNDUP(Assumptions!$C$9/30,0)),N12*(1-Assumptions!$C$25),0),IF(7=MAX(1,ROUNDUP(Assumptions!$C$9/30,0)),O12*(1-Assumptions!$C$25),0),IF(6=MAX(1,ROUNDUP(Assumptions!$C$9/30,0)),P12*(1-Assumptions!$C$25),0),IF(5=MAX(1,ROUNDUP(Assumptions!$C$9/30,0)),Q12*(1-Assumptions!$C$25),0),IF(4=MAX(1,ROUNDUP(Assumptions!$C$9/30,0)),R12*(1-Assumptions!$C$25),0),IF(3=MAX(1,ROUNDUP(Assumptions!$C$9/30,0)),S12*(1-Assumptions!$C$25),0),IF(2=MAX(1,ROUNDUP(Assumptions!$C$9/30,0)),T12*(1-Assumptions!$C$25),0),IF(1=MAX(1,ROUNDUP(Assumptions!$C$9/30,0)),U12*(1-Assumptions!$C$25),0),IF(0=MAX(1,ROUNDUP(Assumptions!$C$9/30,0)),V12*(1-Assumptions!$C$25),0))+IF(19=Assumptions!$C$12,$C$8*(1-Assumptions!$C$26),0) -> 21.659573 | W37: =SUM(IF(20=MAX(1,ROUNDUP(Assumptions!$C$9/30,0)),C13*(1-Assumptions!$C$24),0),IF(19=MAX(1,ROUNDUP(Assumptions!$C$9/30,0)),D13*(1-Assumptions!$C$24),0),IF(18=MAX(1,ROUNDUP(Assumptions!$C$9/30,0)),E13*(1-Assumptions!$C$24),0),IF(17=MAX(1,ROUNDUP(Assumptions!$C$9/30,0)),F13*(1-Assumptions!$C$24),0),IF(16=MAX(1,ROUNDUP(Assumptions!$C$9/30,0)),G13*(1-Assumptions!$C$24),0),IF(15=MAX(1,ROUNDUP(Assumptions!$C$9/30,0)),H13*(1-Assumptions!$C$24),0),IF(14=MAX(1,ROUNDUP(Assumptions!$C$9/30,0)),I13*(1-Assumptions!$C$24),0),IF(13=MAX(1,ROUNDUP(Assumptions!$C$9/30,0)),J13*(1-Assumptions!$C$24),0),IF(12=MAX(1,ROUNDUP(Assumptions!$C$9/30,0)),K13*(1-Assumptions!$C$24),0),IF(11=MAX(1,ROUNDUP(Assumptions!$C$9/30,0)),L13*(1-Assumptions!$C$24),0),IF(10=MAX(1,ROUNDUP(Assumptions!$C$9/30,0)),M13*(1-Assumptions!$C$24),0),IF(9=MAX(1,ROUNDUP(Assumptions!$C$9/30,0)),N13*(1-Assumptions!$C$24),0),IF(8=MAX(1,ROUNDUP(Assumptions!$C$9/30,0)),O13*(1-Assumptions!$C$24),0),IF(7=MAX(1,ROUNDUP(Assumptions!$C$9/30,0)),P13*(1-Assumptions!$C$24),0),IF(6=MAX(1,ROUNDUP(Assumptions!$C$9/30,0)),Q13*(1-Assumptions!$C$24),0),IF(5=MAX(1,ROUNDUP(Assumptions!$C$9/30,0)),R13*(1-Assumptions!$C$24),0),IF(4=MAX(1,ROUNDUP(Assumptions!$C$9/30,0)),S13*(1-Assumptions!$C$24),0),IF(3=MAX(1,ROUNDUP(Assumptions!$C$9/30,0)),T13*(1-Assumptions!$C$24),0),IF(2=MAX(1,ROUNDUP(Assumptions!$C$9/30,0)),U13*(1-Assumptions!$C$24),0),IF(1=MAX(1,ROUNDUP(Assumptions!$C$9/30,0)),V13*(1-Assumptions!$C$24),0),IF(0=MAX(1,ROUNDUP(Assumptions!$C$9/30,0)),W13*(1-Assumptions!$C$24),0),IF(20=MAX(1,ROUNDUP(Assumptions!$C$9/30,0)),C12*(1-Assumptions!$C$25),0),IF(19=MAX(1,ROUNDUP(Assumptions!$C$9/30,0)),D12*(1-Assumptions!$C$25),0),IF(18=MAX(1,ROUNDUP(Assumptions!$C$9/30,0)),E12*(1-Assumptions!$C$25),0),IF(17=MAX(1,ROUNDUP(Assumptions!$C$9/30,0)),F12*(1-Assumptions!$C$25),0),IF(16=MAX(1,ROUNDUP(Assumptions!$C$9/30,0)),G12*(1-Assumptions!$C$25),0),IF(15=MAX(1,ROUNDUP(Assumptions!$C$9/30,0)),H12*(1-Assumptions!$C$25),0),IF(14=MAX(1,ROUNDUP(Assumptions!$C$9/30,0)),I12*(1-Assumptions!$C$25),0),IF(13=MAX(1,ROUNDUP(Assumptions!$C$9/30,0)),J12*(1-Assumptions!$C$25),0),IF(12=MAX(1,ROUNDUP(Assumptions!$C$9/30,0)),K12*(1-Assumptions!$C$25),0),IF(11=MAX(1,ROUNDUP(Assumptions!$C$9/30,0)),L12*(1-Assumptions!$C$25),0),IF(10=MAX(1,ROUNDUP(Assumptions!$C$9/30,0)),M12*(1-Assumptions!$C$25),0),IF(9=MAX(1,ROUNDUP(Assumptions!$C$9/30,0)),N12*(1-Assumptions!$C$25),0),IF(8=MAX(1,ROUNDUP(Assumptions!$C$9/30,0)),O12*(1-Assumptions!$C$25),0),IF(7=MAX(1,ROUNDUP(Assumptions!$C$9/30,0)),P12*(1-Assumptions!$C$25),0),IF(6=MAX(1,ROUNDUP(Assumptions!$C$9/30,0)),Q12*(1-Assumptions!$C$25),0),IF(5=MAX(1,ROUNDUP(Assumptions!$C$9/30,0)),R12*(1-Assumptions!$C$25),0),IF(4=MAX(1,ROUNDUP(Assumptions!$C$9/30,0)),S12*(1-Assumptions!$C$25),0),IF(3=MAX(1,ROUNDUP(Assumptions!$C$9/30,0)),T12*(1-Assumptions!$C$25),0),IF(2=MAX(1,ROUNDUP(Assumptions!$C$9/30,0)),U12*(1-Assumptions!$C$25),0),IF(1=MAX(1,ROUNDUP(Assumptions!$C$9/30,0)),V12*(1-Assumptions!$C$25),0),IF(0=MAX(1,ROUNDUP(Assumptions!$C$9/30,0)),W12*(1-Assumptions!$C$25),0))+IF(20=Assumptions!$C$12,$C$8*(1-Assumptions!$C$26),0) -> 22.742552 | X37: =SUM(IF(21=MAX(1,ROUNDUP(Assumptions!$C$9/30,0)),C13*(1-Assumptions!$C$24),0),IF(20=MAX(1,ROUNDUP(Assumptions!$C$9/30,0)),D13*(1-Assumptions!$C$24),0),IF(19=MAX(1,ROUNDUP(Assumptions!$C$9/30,0)),E13*(1-Assumptions!$C$24),0),IF(18=MAX(1,ROUNDUP(Assumptions!$C$9/30,0)),F13*(1-Assumptions!$C$24),0),IF(17=MAX(1,ROUNDUP(Assumptions!$C$9/30,0)),G13*(1-Assumptions!$C$24),0),IF(16=MAX(1,ROUNDUP(Assumptions!$C$9/30,0)),H13*(1-Assumptions!$C$24),0),IF(15=MAX(1,ROUNDUP(Assumptions!$C$9/30,0)),I13*(1-Assumptions!$C$24),0),IF(14=MAX(1,ROUNDUP(Assumptions!$C$9/30,0)),J13*(1-Assumptions!$C$24),0),IF(13=MAX(1,ROUNDUP(Assumptions!$C$9/30,0)),K13*(1-Assumptions!$C$24),0),IF(12=MAX(1,ROUNDUP(Assumptions!$C$9/30,0)),L13*(1-Assumptions!$C$24),0),IF(11=MAX(1,ROUNDUP(Assumptions!$C$9/30,0)),M13*(1-Assumptions!$C$24),0),IF(10=MAX(1,ROUNDUP(Assumptions!$C$9/30,0)),N13*(1-Assumptions!$C$24),0),IF(9=MAX(1,ROUNDUP(Assumptions!$C$9/30,0)),O13*(1-Assumptions!$C$24),0),IF(8=MAX(1,ROUNDUP(Assumptions!$C$9/30,0)),P13*(1-Assumptions!$C$24),0),IF(7=MAX(1,ROUNDUP(Assumptions!$C$9/30,0)),Q13*(1-Assumptions!$C$24),0),IF(6=MAX(1,ROUNDUP(Assumptions!$C$9/30,0)),R13*(1-Assumptions!$C$24),0),IF(5=MAX(1,ROUNDUP(Assumptions!$C$9/30,0)),S13*(1-Assumptions!$C$24),0),IF(4=MAX(1,ROUNDUP(Assumptions!$C$9/30,0)),T13*(1-Assumptions!$C$24),0),IF(3=MAX(1,ROUNDUP(Assumptions!$C$9/30,0)),U13*(1-Assumptions!$C$24),0),IF(2=MAX(1,ROUNDUP(Assumptions!$C$9/30,0)),V13*(1-Assumptions!$C$24),0),IF(1=MAX(1,ROUNDUP(Assumptions!$C$9/30,0)),W13*(1-Assumptions!$C$24),0),IF(0=MAX(1,ROUNDUP(Assumptions!$C$9/30,0)),X13*(1-Assumptions!$C$24),0),IF(21=MAX(1,ROUNDUP(Assumptions!$C$9/30,0)),C12*(1-Assumptions!$C$25),0),IF(20=MAX(1,ROUNDUP(Assumptions!$C$9/30,0)),D12*(1-Assumptions!$C$25),0),IF(19=MAX(1,ROUNDUP(Assumptions!$C$9/30,0)),E12*(1-Assumptions!$C$25),0),IF(18=MAX(1,ROUNDUP(Assumptions!$C$9/30,0)),F12*(1-Assumptions!$C$25),0),IF(17=MAX(1,ROUNDUP(Assumptions!$C$9/30,0)),G12*(1-Assumptions!$C$25),0),IF(16=MAX(1,ROUNDUP(Assumptions!$C$9/30,0)),H12*(1-Assumptions!$C$25),0),IF(15=MAX(1,ROUNDUP(Assumptions!$C$9/30,0)),I12*(1-Assumptions!$C$25),0),IF(14=MAX(1,ROUNDUP(Assumptions!$C$9/30,0)),J12*(1-Assumptions!$C$25),0),IF(13=MAX(1,ROUNDUP(Assumptions!$C$9/30,0)),K12*(1-Assumptions!$C$25),0),IF(12=MAX(1,ROUNDUP(Assumptions!$C$9/30,0)),L12*(1-Assumptions!$C$25),0),IF(11=MAX(1,ROUNDUP(Assumptions!$C$9/30,0)),M12*(1-Assumptions!$C$25),0),IF(10=MAX(1,ROUNDUP(Assumptions!$C$9/30,0)),N12*(1-Assumptions!$C$25),0),IF(9=MAX(1,ROUNDUP(Assumptions!$C$9/30,0)),O12*(1-Assumptions!$C$25),0),IF(8=MAX(1,ROUNDUP(Assumptions!$C$9/30,0)),P12*(1-Assumptions!$C$25),0),IF(7=MAX(1,ROUNDUP(Assumptions!$C$9/30,0)),Q12*(1-Assumptions!$C$25),0),IF(6=MAX(1,ROUNDUP(Assumptions!$C$9/30,0)),R12*(1-Assumptions!$C$25),0),IF(5=MAX(1,ROUNDUP(Assumptions!$C$9/30,0)),S12*(1-Assumptions!$C$25),0),IF(4=MAX(1,ROUNDUP(Assumptions!$C$9/30,0)),T12*(1-Assumptions!$C$25),0),IF(3=MAX(1,ROUNDUP(Assumptions!$C$9/30,0)),U12*(1-Assumptions!$C$25),0),IF(2=MAX(1,ROUNDUP(Assumptions!$C$9/30,0)),V12*(1-Assumptions!$C$25),0),IF(1=MAX(1,ROUNDUP(Assumptions!$C$9/30,0)),W12*(1-Assumptions!$C$25),0),IF(0=MAX(1,ROUNDUP(Assumptions!$C$9/30,0)),X12*(1-Assumptions!$C$25),0))+IF(21=Assumptions!$C$12,$C$8*(1-Assumptions!$C$26),0) -> 23.879679 | Y37: =SUM(IF(22=MAX(1,ROUNDUP(Assumptions!$C$9/30,0)),C13*(1-Assumptions!$C$24),0),IF(21=MAX(1,ROUNDUP(Assumptions!$C$9/30,0)),D13*(1-Assumptions!$C$24),0),IF(20=MAX(1,ROUNDUP(Assumptions!$C$9/30,0)),E13*(1-Assumptions!$C$24),0),IF(19=MAX(1,ROUNDUP(Assumptions!$C$9/30,0)),F13*(1-Assumptions!$C$24),0),IF(18=MAX(1,ROUNDUP(Assumptions!$C$9/30,0)),G13*(1-Assumptions!$C$24),0),IF(17=MAX(1,ROUNDUP(Assumptions!$C$9/30,0)),H13*(1-Assumptions!$C$24),0),IF(16=MAX(1,ROUNDUP(Assumptions!$C$9/30,0)),I13*(1-Assumptions!$C$24),0),IF(15=MAX(1,ROUNDUP(Assumptions!$C$9/30,0)),J13*(1-Assumptions!$C$24),0),IF(14=MAX(1,ROUNDUP(Assumptions!$C$9/30,0)),K13*(1-Assumptions!$C$24),0),IF(13=MAX(1,ROUNDUP(Assumptions!$C$9/30,0)),L13*(1-Assumptions!$C$24),0),IF(12=MAX(1,ROUNDUP(Assumptions!$C$9/30,0)),M13*(1-Assumptions!$C$24),0),IF(11=MAX(1,ROUNDUP(Assumptions!$C$9/30,0)),N13*(1-Assumptions!$C$24),0),IF(10=MAX(1,ROUNDUP(Assumptions!$C$9/30,0)),O13*(1-Assumptions!$C$24),0),IF(9=MAX(1,ROUNDUP(Assumptions!$C$9/30,0)),P13*(1-Assumptions!$C$24),0),IF(8=MAX(1,ROUNDUP(Assumptions!$C$9/30,0)),Q13*(1-Assumptions!$C$24),0),IF(7=MAX(1,ROUNDUP(Assumptions!$C$9/30,0)),R13*(1-Assumptions!$C$24),0),IF(6=MAX(1,ROUNDUP(Assumptions!$C$9/30,0)),S13*(1-Assumptions!$C$24),0),IF(5=MAX(1,ROUNDUP(Assumptions!$C$9/30,0)),T13*(1-Assumptions!$C$24),0),IF(4=MAX(1,ROUNDUP(Assumptions!$C$9/30,0)),U13*(1-Assumptions!$C$24),0),IF(3=MAX(1,ROUNDUP(Assumptions!$C$9/30,0)),V13*(1-Assumptions!$C$24),0),IF(2=MAX(1,ROUNDUP(Assumptions!$C$9/30,0)),W13*(1-Assumptions!$C$24),0),IF(1=MAX(1,ROUNDUP(Assumptions!$C$9/30,0)),X13*(1-Assumptions!$C$24),0),IF(0=MAX(1,ROUNDUP(Assumptions!$C$9/30,0)),Y13*(1-Assumptions!$C$24),0),IF(22=MAX(1,ROUNDUP(Assumptions!$C$9/30,0)),C12*(1-Assumptions!$C$25),0),IF(21=MAX(1,ROUNDUP(Assumptions!$C$9/30,0)),D12*(1-Assumptions!$C$25),0),IF(20=MAX(1,ROUNDUP(Assumptions!$C$9/30,0)),E12*(1-Assumptions!$C$25),0),IF(19=MAX(1,ROUNDUP(Assumptions!$C$9/30,0)),F12*(1-Assumptions!$C$25),0),IF(18=MAX(1,ROUNDUP(Assumptions!$C$9/30,0)),G12*(1-Assumptions!$C$25),0),IF(17=MAX(1,ROUNDUP(Assumptions!$C$9/30,0)),H12*(1-Assumptions!$C$25),0),IF(16=MAX(1,ROUNDUP(Assumptions!$C$9/30,0)),I12*(1-Assumptions!$C$25),0),IF(15=MAX(1,ROUNDUP(Assumptions!$C$9/30,0)),J12*(1-Assumptions!$C$25),0),IF(14=MAX(1,ROUNDUP(Assumptions!$C$9/30,0)),K12*(1-Assumptions!$C$25),0),IF(13=MAX(1,ROUNDUP(Assumptions!$C$9/30,0)),L12*(1-Assumptions!$C$25),0),IF(12=MAX(1,ROUNDUP(Assumptions!$C$9/30,0)),M12*(1-Assumptions!$C$25),0),IF(11=MAX(1,ROUNDUP(Assumptions!$C$9/30,0)),N12*(1-Assumptions!$C$25),0),IF(10=MAX(1,ROUNDUP(Assumptions!$C$9/30,0)),O12*(1-Assumptions!$C$25),0),IF(9=MAX(1,ROUNDUP(Assumptions!$C$9/30,0)),P12*(1-Assumptions!$C$25),0),IF(8=MAX(1,ROUNDUP(Assumptions!$C$9/30,0)),Q12*(1-Assumptions!$C$25),0),IF(7=MAX(1,ROUNDUP(Assumptions!$C$9/30,0)),R12*(1-Assumptions!$C$25),0),IF(6=MAX(1,ROUNDUP(Assumptions!$C$9/30,0)),S12*(1-Assumptions!$C$25),0),IF(5=MAX(1,ROUNDUP(Assumptions!$C$9/30,0)),T12*(1-Assumptions!$C$25),0),IF(4=MAX(1,ROUNDUP(Assumptions!$C$9/30,0)),U12*(1-Assumptions!$C$25),0),IF(3=MAX(1,ROUNDUP(Assumptions!$C$9/30,0)),V12*(1-Assumptions!$C$25),0),IF(2=MAX(1,ROUNDUP(Assumptions!$C$9/30,0)),W12*(1-Assumptions!$C$25),0),IF(1=MAX(1,ROUNDUP(Assumptions!$C$9/30,0)),X12*(1-Assumptions!$C$25),0),IF(0=MAX(1,ROUNDUP(Assumptions!$C$9/30,0)),Y12*(1-Assumptions!$C$25),0))+IF(22=Assumptions!$C$12,$C$8*(1-Assumptions!$C$26),0) -> 25.073663 | Z37: =SUM(IF(23=MAX(1,ROUNDUP(Assumptions!$C$9/30,0)),C13*(1-Assumptions!$C$24),0),IF(22=MAX(1,ROUNDUP(Assumptions!$C$9/30,0)),D13*(1-Assumptions!$C$24),0),IF(21=MAX(1,ROUNDUP(Assumptions!$C$9/30,0)),E13*(1-Assumptions!$C$24),0),IF(20=MAX(1,ROUNDUP(Assumptions!$C$9/30,0)),F13*(1-Assumptions!$C$24),0),IF(19=MAX(1,ROUNDUP(Assumptions!$C$9/30,0)),G13*(1-Assumptions!$C$24),0),IF(18=MAX(1,ROUNDUP(Assumptions!$C$9/30,0)),H13*(1-Assumptions!$C$24),0),IF(17=MAX(1,ROUNDUP(Assumptions!$C$9/30,0)),I13*(1-Assumptions!$C$24),0),IF(16=MAX(1,ROUNDUP(Assumptions!$C$9/30,0)),J13*(1-Assumptions!$C$24),0),IF(15=MAX(1,ROUNDUP(Assumptions!$C$9/30,0)),K13*(1-Assumptions!$C$24),0),IF(14=MAX(1,ROUNDUP(Assumptions!$C$9/30,0)),L13*(1-Assumptions!$C$24),0),IF(13=MAX(1,ROUNDUP(Assumptions!$C$9/30,0)),M13*(1-Assumptions!$C$24),0),IF(12=MAX(1,ROUNDUP(Assumptions!$C$9/30,0)),N13*(1-Assumptions!$C$24),0),IF(11=MAX(1,ROUNDUP(Assumptions!$C$9/30,0)),O13*(1-Assumptions!$C$24),0),IF(10=MAX(1,ROUNDUP(Assumptions!$C$9/30,0)),P13*(1-Assumptions!$C$24),0),IF(9=MAX(1,ROUNDUP(Assumptions!$C$9/30,0)),Q13*(1-Assumptions!$C$24),0),IF(8=MAX(1,ROUNDUP(Assumptions!$C$9/30,0)),R13*(1-Assumptions!$C$24),0),IF(7=MAX(1,ROUNDUP(Assumptions!$C$9/30,0)),S13*(1-Assumptions!$C$24),0),IF(6=MAX(1,ROUNDUP(Assumptions!$C$9/30,0)),T13*(1-Assumptions!$C$24),0),IF(5=MAX(1,ROUNDUP(Assumptions!$C$9/30,0)),U13*(1-Assumptions!$C$24),0),IF(4=MAX(1,ROUNDUP(Assumptions!$C$9/30,0)),V13*(1-Assumptions!$C$24),0),IF(3=MAX(1,ROUNDUP(Assumptions!$C$9/30,0)),W13*(1-Assumptions!$C$24),0),IF(2=MAX(1,ROUNDUP(Assumptions!$C$9/30,0)),X13*(1-Assumptions!$C$24),0),IF(1=MAX(1,ROUNDUP(Assumptions!$C$9/30,0)),Y13*(1-Assumptions!$C$24),0),IF(0=MAX(1,ROUNDUP(Assumptions!$C$9/30,0)),Z13*(1-Assumptions!$C$24),0),IF(23=MAX(1,ROUNDUP(Assumptions!$C$9/30,0)),C12*(1-Assumptions!$C$25),0),IF(22=MAX(1,ROUNDUP(Assumptions!$C$9/30,0)),D12*(1-Assumptions!$C$25),0),IF(21=MAX(1,ROUNDUP(Assumptions!$C$9/30,0)),E12*(1-Assumptions!$C$25),0),IF(20=MAX(1,ROUNDUP(Assumptions!$C$9/30,0)),F12*(1-Assumptions!$C$25),0),IF(19=MAX(1,ROUNDUP(Assumptions!$C$9/30,0)),G12*(1-Assumptions!$C$25),0),IF(18=MAX(1,ROUNDUP(Assumptions!$C$9/30,0)),H12*(1-Assumptions!$C$25),0),IF(17=MAX(1,ROUNDUP(Assumptions!$C$9/30,0)),I12*(1-Assumptions!$C$25),0),IF(16=MAX(1,ROUNDUP(Assumptions!$C$9/30,0)),J12*(1-Assumptions!$C$25),0),IF(15=MAX(1,ROUNDUP(Assumptions!$C$9/30,0)),K12*(1-Assumptions!$C$25),0),IF(14=MAX(1,ROUNDUP(Assumptions!$C$9/30,0)),L12*(1-Assumptions!$C$25),0),IF(13=MAX(1,ROUNDUP(Assumptions!$C$9/30,0)),M12*(1-Assumptions!$C$25),0),IF(12=MAX(1,ROUNDUP(Assumptions!$C$9/30,0)),N12*(1-Assumptions!$C$25),0),IF(11=MAX(1,ROUNDUP(Assumptions!$C$9/30,0)),O12*(1-Assumptions!$C$25),0),IF(10=MAX(1,ROUNDUP(Assumptions!$C$9/30,0)),P12*(1-Assumptions!$C$25),0),IF(9=MAX(1,ROUNDUP(Assumptions!$C$9/30,0)),Q12*(1-Assumptions!$C$25),0),IF(8=MAX(1,ROUNDUP(Assumptions!$C$9/30,0)),R12*(1-Assumptions!$C$25),0),IF(7=MAX(1,ROUNDUP(Assumptions!$C$9/30,0)),S12*(1-Assumptions!$C$25),0),IF(6=MAX(1,ROUNDUP(Assumptions!$C$9/30,0)),T12*(1-Assumptions!$C$25),0),IF(5=MAX(1,ROUNDUP(Assumptions!$C$9/30,0)),U12*(1-Assumptions!$C$25),0),IF(4=MAX(1,ROUNDUP(Assumptions!$C$9/30,0)),V12*(1-Assumptions!$C$25),0),IF(3=MAX(1,ROUNDUP(Assumptions!$C$9/30,0)),W12*(1-Assumptions!$C$25),0),IF(2=MAX(1,ROUNDUP(Assumptions!$C$9/30,0)),X12*(1-Assumptions!$C$25),0),IF(1=MAX(1,ROUNDUP(Assumptions!$C$9/30,0)),Y12*(1-Assumptions!$C$25),0),IF(0=MAX(1,ROUNDUP(Assumptions!$C$9/30,0)),Z12*(1-Assumptions!$C$25),0))+IF(23=Assumptions!$C$12,$C$8*(1-Assumptions!$C$26),0) -> 26.327346
A38: 유료 이탈 후 Free | B38: 명 | C38: =SUM(C25:C27)*Assumptions!$C$32 -> 0 | D38: =SUM(D25:D27)*Assumptions!$C$32 -> 0 | E38: =SUM(E25:E27)*Assumptions!$C$32 -> 0.13824 | F38: =SUM(F25:F27)*Assumptions!$C$32 -> 0.19410624 | G38: =SUM(G25:G27)*Assumptions!$C$32 -> 0.24554306 | H38: =SUM(H25:H27)*Assumptions!$C$32 -> 0.29653738 | I38: =SUM(I25:I27)*Assumptions!$C$32 -> 0.34757466 | J38: =SUM(J25:J27)*Assumptions!$C$32 -> 0.39884391 | ... Z38: =SUM(Z25:Z27)*Assumptions!$C$32 -> 1.3814526
A39: Free 비활성 이탈 | B39: 명 | C39: =C35*Assumptions!$C$31 -> 0 | D39: =D35*Assumptions!$C$31 -> 3.75 | E39: =E35*Assumptions!$C$31 -> 9.8484 | F39: =F35*Assumptions!$C$31 -> 12.624328 | G39: =G35*Assumptions!$C$31 -> 14.667781 | H39: =H35*Assumptions!$C$31 -> 16.38538 | I39: =I35*Assumptions!$C$31 -> 17.903793 | J39: =J35*Assumptions!$C$31 -> 19.299128 | ... Z39: =Z35*Assumptions!$C$31 -> 44.769253
A40: Free 기말 활성 | B40: 명 | C40: =SUM(C35:C37)+C38-C39 -> 12.5 | D40: =SUM(D35:D37)+D38-D39 -> 32.828 | E40: =SUM(E35:E37)+E38-E39 -> 42.081092 | F40: =SUM(F35:F37)+F38-F39 -> 48.892604 | G40: =SUM(G35:G37)+G38-G39 -> 54.617932 | H40: =SUM(H35:H37)+H38-H39 -> 59.67931 | I40: =SUM(I35:I37)+I38-I39 -> 64.330425 | J40: =SUM(J35:J37)+J38-J39 -> 68.747809 | ... Z40: =SUM(Z35:Z37)+Z38-Z39 -> 156.74258
A41: 일반 체험 활성 | B41: 명 | C41: =SUM(IF(0<MAX(1,ROUNDUP(Assumptions!$C$9/30,0)),C13+C12,0)) -> 12 | D41: =SUM(IF(1<MAX(1,ROUNDUP(Assumptions!$C$9/30,0)),C13+C12,0),IF(0<MAX(1,ROUNDUP(Assumptions!$C$9/30,0)),D13+D12,0)) -> 13.482 | E41: =SUM(IF(2<MAX(1,ROUNDUP(Assumptions!$C$9/30,0)),C13+C12,0),IF(1<MAX(1,ROUNDUP(Assumptions!$C$9/30,0)),D13+D12,0),IF(0<MAX(1,ROUNDUP(Assumptions!$C$9/30,0)),E13+E12,0)) -> 13.304088 | F41: =SUM(IF(3<MAX(1,ROUNDUP(Assumptions!$C$9/30,0)),C13+C12,0),IF(2<MAX(1,ROUNDUP(Assumptions!$C$9/30,0)),D13+D12,0),IF(1<MAX(1,ROUNDUP(Assumptions!$C$9/30,0)),E13+E12,0),IF(0<MAX(1,ROUNDUP(Assumptions!$C$9/30,0)),F13+F12,0)) -> 13.897723 | G41: =SUM(IF(4<MAX(1,ROUNDUP(Assumptions!$C$9/30,0)),C13+C12,0),IF(3<MAX(1,ROUNDUP(Assumptions!$C$9/30,0)),D13+D12,0),IF(2<MAX(1,ROUNDUP(Assumptions!$C$9/30,0)),E13+E12,0),IF(1<MAX(1,ROUNDUP(Assumptions!$C$9/30,0)),F13+F12,0),IF(0<MAX(1,ROUNDUP(Assumptions!$C$9/30,0)),G13+G12,0)) -> 14.586598 | H41: =SUM(IF(5<MAX(1,ROUNDUP(Assumptions!$C$9/30,0)),C13+C12,0),IF(4<MAX(1,ROUNDUP(Assumptions!$C$9/30,0)),D13+D12,0),IF(3<MAX(1,ROUNDUP(Assumptions!$C$9/30,0)),E13+E12,0),IF(2<MAX(1,ROUNDUP(Assumptions!$C$9/30,0)),F13+F12,0),IF(1<MAX(1,ROUNDUP(Assumptions!$C$9/30,0)),G13+G12,0),IF(0<MAX(1,ROUNDUP(Assumptions!$C$9/30,0)),H13+H12,0)) -> 15.315423 | I41: =SUM(IF(6<MAX(1,ROUNDUP(Assumptions!$C$9/30,0)),C13+C12,0),IF(5<MAX(1,ROUNDUP(Assumptions!$C$9/30,0)),D13+D12,0),IF(4<MAX(1,ROUNDUP(Assumptions!$C$9/30,0)),E13+E12,0),IF(3<MAX(1,ROUNDUP(Assumptions!$C$9/30,0)),F13+F12,0),IF(2<MAX(1,ROUNDUP(Assumptions!$C$9/30,0)),G13+G12,0),IF(1<MAX(1,ROUNDUP(Assumptions!$C$9/30,0)),H13+H12,0),IF(0<MAX(1,ROUNDUP(Assumptions!$C$9/30,0)),I13+I12,0)) -> 16.081151 | J41: =SUM(IF(7<MAX(1,ROUNDUP(Assumptions!$C$9/30,0)),C13+C12,0),IF(6<MAX(1,ROUNDUP(Assumptions!$C$9/30,0)),D13+D12,0),IF(5<MAX(1,ROUNDUP(Assumptions!$C$9/30,0)),E13+E12,0),IF(4<MAX(1,ROUNDUP(Assumptions!$C$9/30,0)),F13+F12,0),IF(3<MAX(1,ROUNDUP(Assumptions!$C$9/30,0)),G13+G12,0),IF(2<MAX(1,ROUNDUP(Assumptions!$C$9/30,0)),H13+H12,0),IF(1<MAX(1,ROUNDUP(Assumptions!$C$9/30,0)),I13+I12,0),IF(0<MAX(1,ROUNDUP(Assumptions!$C$9/30,0)),J13+J12,0)) -> 16.885205 | K41: =SUM(IF(8<MAX(1,ROUNDUP(Assumptions!$C$9/30,0)),C13+C12,0),IF(7<MAX(1,ROUNDUP(Assumptions!$C$9/30,0)),D13+D12,0),IF(6<MAX(1,ROUNDUP(Assumptions!$C$9/30,0)),E13+E12,0),IF(5<MAX(1,ROUNDUP(Assumptions!$C$9/30,0)),F13+F12,0),IF(4<MAX(1,ROUNDUP(Assumptions!$C$9/30,0)),G13+G12,0),IF(3<MAX(1,ROUNDUP(Assumptions!$C$9/30,0)),H13+H12,0),IF(2<MAX(1,ROUNDUP(Assumptions!$C$9/30,0)),I13+I12,0),IF(1<MAX(1,ROUNDUP(Assumptions!$C$9/30,0)),J13+J12,0),IF(0<MAX(1,ROUNDUP(Assumptions!$C$9/30,0)),K13+K12,0)) -> 17.729465 | L41: =SUM(IF(9<MAX(1,ROUNDUP(Assumptions!$C$9/30,0)),C13+C12,0),IF(8<MAX(1,ROUNDUP(Assumptions!$C$9/30,0)),D13+D12,0),IF(7<MAX(1,ROUNDUP(Assumptions!$C$9/30,0)),E13+E12,0),IF(6<MAX(1,ROUNDUP(Assumptions!$C$9/30,0)),F13+F12,0),IF(5<MAX(1,ROUNDUP(Assumptions!$C$9/30,0)),G13+G12,0),IF(4<MAX(1,ROUNDUP(Assumptions!$C$9/30,0)),H13+H12,0),IF(3<MAX(1,ROUNDUP(Assumptions!$C$9/30,0)),I13+I12,0),IF(2<MAX(1,ROUNDUP(Assumptions!$C$9/30,0)),J13+J12,0),IF(1<MAX(1,ROUNDUP(Assumptions!$C$9/30,0)),K13+K12,0),IF(0<MAX(1,ROUNDUP(Assumptions!$C$9/30,0)),L13+L12,0)) -> 18.615939 | M41: =SUM(IF(10<MAX(1,ROUNDUP(Assumptions!$C$9/30,0)),C13+C12,0),IF(9<MAX(1,ROUNDUP(Assumptions!$C$9/30,0)),D13+D12,0),IF(8<MAX(1,ROUNDUP(Assumptions!$C$9/30,0)),E13+E12,0),IF(7<MAX(1,ROUNDUP(Assumptions!$C$9/30,0)),F13+F12,0),IF(6<MAX(1,ROUNDUP(Assumptions!$C$9/30,0)),G13+G12,0),IF(5<MAX(1,ROUNDUP(Assumptions!$C$9/30,0)),H13+H12,0),IF(4<MAX(1,ROUNDUP(Assumptions!$C$9/30,0)),I13+I12,0),IF(3<MAX(1,ROUNDUP(Assumptions!$C$9/30,0)),J13+J12,0),IF(2<MAX(1,ROUNDUP(Assumptions!$C$9/30,0)),K13+K12,0),IF(1<MAX(1,ROUNDUP(Assumptions!$C$9/30,0)),L13+L12,0),IF(0<MAX(1,ROUNDUP(Assumptions!$C$9/30,0)),M13+M12,0)) -> 19.546736 | N41: =SUM(IF(11<MAX(1,ROUNDUP(Assumptions!$C$9/30,0)),C13+C12,0),IF(10<MAX(1,ROUNDUP(Assumptions!$C$9/30,0)),D13+D12,0),IF(9<MAX(1,ROUNDUP(Assumptions!$C$9/30,0)),E13+E12,0),IF(8<MAX(1,ROUNDUP(Assumptions!$C$9/30,0)),F13+F12,0),IF(7<MAX(1,ROUNDUP(Assumptions!$C$9/30,0)),G13+G12,0),IF(6<MAX(1,ROUNDUP(Assumptions!$C$9/30,0)),H13+H12,0),IF(5<MAX(1,ROUNDUP(Assumptions!$C$9/30,0)),I13+I12,0),IF(4<MAX(1,ROUNDUP(Assumptions!$C$9/30,0)),J13+J12,0),IF(3<MAX(1,ROUNDUP(Assumptions!$C$9/30,0)),K13+K12,0),IF(2<MAX(1,ROUNDUP(Assumptions!$C$9/30,0)),L13+L12,0),IF(1<MAX(1,ROUNDUP(Assumptions!$C$9/30,0)),M13+M12,0),IF(0<MAX(1,ROUNDUP(Assumptions!$C$9/30,0)),N13+N12,0)) -> 20.524072 | O41: =SUM(IF(12<MAX(1,ROUNDUP(Assumptions!$C$9/30,0)),C13+C12,0),IF(11<MAX(1,ROUNDUP(Assumptions!$C$9/30,0)),D13+D12,0),IF(10<MAX(1,ROUNDUP(Assumptions!$C$9/30,0)),E13+E12,0),IF(9<MAX(1,ROUNDUP(Assumptions!$C$9/30,0)),F13+F12,0),IF(8<MAX(1,ROUNDUP(Assumptions!$C$9/30,0)),G13+G12,0),IF(7<MAX(1,ROUNDUP(Assumptions!$C$9/30,0)),H13+H12,0),IF(6<MAX(1,ROUNDUP(Assumptions!$C$9/30,0)),I13+I12,0),IF(5<MAX(1,ROUNDUP(Assumptions!$C$9/30,0)),J13+J12,0),IF(4<MAX(1,ROUNDUP(Assumptions!$C$9/30,0)),K13+K12,0),IF(3<MAX(1,ROUNDUP(Assumptions!$C$9/30,0)),L13+L12,0),IF(2<MAX(1,ROUNDUP(Assumptions!$C$9/30,0)),M13+M12,0),IF(1<MAX(1,ROUNDUP(Assumptions!$C$9/30,0)),N13+N12,0),IF(0<MAX(1,ROUNDUP(Assumptions!$C$9/30,0)),O13+O12,0)) -> 21.550276 | P41: =SUM(IF(13<MAX(1,ROUNDUP(Assumptions!$C$9/30,0)),C13+C12,0),IF(12<MAX(1,ROUNDUP(Assumptions!$C$9/30,0)),D13+D12,0),IF(11<MAX(1,ROUNDUP(Assumptions!$C$9/30,0)),E13+E12,0),IF(10<MAX(1,ROUNDUP(Assumptions!$C$9/30,0)),F13+F12,0),IF(9<MAX(1,ROUNDUP(Assumptions!$C$9/30,0)),G13+G12,0),IF(8<MAX(1,ROUNDUP(Assumptions!$C$9/30,0)),H13+H12,0),IF(7<MAX(1,ROUNDUP(Assumptions!$C$9/30,0)),I13+I12,0),IF(6<MAX(1,ROUNDUP(Assumptions!$C$9/30,0)),J13+J12,0),IF(5<MAX(1,ROUNDUP(Assumptions!$C$9/30,0)),K13+K12,0),IF(4<MAX(1,ROUNDUP(Assumptions!$C$9/30,0)),L13+L12,0),IF(3<MAX(1,ROUNDUP(Assumptions!$C$9/30,0)),M13+M12,0),IF(2<MAX(1,ROUNDUP(Assumptions!$C$9/30,0)),N13+N12,0),IF(1<MAX(1,ROUNDUP(Assumptions!$C$9/30,0)),O13+O12,0),IF(0<MAX(1,ROUNDUP(Assumptions!$C$9/30,0)),P13+P12,0)) -> 22.62779 | Q41: =SUM(IF(14<MAX(1,ROUNDUP(Assumptions!$C$9/30,0)),C13+C12,0),IF(13<MAX(1,ROUNDUP(Assumptions!$C$9/30,0)),D13+D12,0),IF(12<MAX(1,ROUNDUP(Assumptions!$C$9/30,0)),E13+E12,0),IF(11<MAX(1,ROUNDUP(Assumptions!$C$9/30,0)),F13+F12,0),IF(10<MAX(1,ROUNDUP(Assumptions!$C$9/30,0)),G13+G12,0),IF(9<MAX(1,ROUNDUP(Assumptions!$C$9/30,0)),H13+H12,0),IF(8<MAX(1,ROUNDUP(Assumptions!$C$9/30,0)),I13+I12,0),IF(7<MAX(1,ROUNDUP(Assumptions!$C$9/30,0)),J13+J12,0),IF(6<MAX(1,ROUNDUP(Assumptions!$C$9/30,0)),K13+K12,0),IF(5<MAX(1,ROUNDUP(Assumptions!$C$9/30,0)),L13+L12,0),IF(4<MAX(1,ROUNDUP(Assumptions!$C$9/30,0)),M13+M12,0),IF(3<MAX(1,ROUNDUP(Assumptions!$C$9/30,0)),N13+N12,0),IF(2<MAX(1,ROUNDUP(Assumptions!$C$9/30,0)),O13+O12,0),IF(1<MAX(1,ROUNDUP(Assumptions!$C$9/30,0)),P13+P12,0),IF(0<MAX(1,ROUNDUP(Assumptions!$C$9/30,0)),Q13+Q12,0)) -> 23.759179 | R41: =SUM(IF(15<MAX(1,ROUNDUP(Assumptions!$C$9/30,0)),C13+C12,0),IF(14<MAX(1,ROUNDUP(Assumptions!$C$9/30,0)),D13+D12,0),IF(13<MAX(1,ROUNDUP(Assumptions!$C$9/30,0)),E13+E12,0),IF(12<MAX(1,ROUNDUP(Assumptions!$C$9/30,0)),F13+F12,0),IF(11<MAX(1,ROUNDUP(Assumptions!$C$9/30,0)),G13+G12,0),IF(10<MAX(1,ROUNDUP(Assumptions!$C$9/30,0)),H13+H12,0),IF(9<MAX(1,ROUNDUP(Assumptions!$C$9/30,0)),I13+I12,0),IF(8<MAX(1,ROUNDUP(Assumptions!$C$9/30,0)),J13+J12,0),IF(7<MAX(1,ROUNDUP(Assumptions!$C$9/30,0)),K13+K12,0),IF(6<MAX(1,ROUNDUP(Assumptions!$C$9/30,0)),L13+L12,0),IF(5<MAX(1,ROUNDUP(Assumptions!$C$9/30,0)),M13+M12,0),IF(4<MAX(1,ROUNDUP(Assumptions!$C$9/30,0)),N13+N12,0),IF(3<MAX(1,ROUNDUP(Assumptions!$C$9/30,0)),O13+O12,0),IF(2<MAX(1,ROUNDUP(Assumptions!$C$9/30,0)),P13+P12,0),IF(1<MAX(1,ROUNDUP(Assumptions!$C$9/30,0)),Q13+Q12,0),IF(0<MAX(1,ROUNDUP(Assumptions!$C$9/30,0)),R13+R12,0)) -> 24.947138 | S41: =SUM(IF(16<MAX(1,ROUNDUP(Assumptions!$C$9/30,0)),C13+C12,0),IF(15<MAX(1,ROUNDUP(Assumptions!$C$9/30,0)),D13+D12,0),IF(14<MAX(1,ROUNDUP(Assumptions!$C$9/30,0)),E13+E12,0),IF(13<MAX(1,ROUNDUP(Assumptions!$C$9/30,0)),F13+F12,0),IF(12<MAX(1,ROUNDUP(Assumptions!$C$9/30,0)),G13+G12,0),IF(11<MAX(1,ROUNDUP(Assumptions!$C$9/30,0)),H13+H12,0),IF(10<MAX(1,ROUNDUP(Assumptions!$C$9/30,0)),I13+I12,0),IF(9<MAX(1,ROUNDUP(Assumptions!$C$9/30,0)),J13+J12,0),IF(8<MAX(1,ROUNDUP(Assumptions!$C$9/30,0)),K13+K12,0),IF(7<MAX(1,ROUNDUP(Assumptions!$C$9/30,0)),L13+L12,0),IF(6<MAX(1,ROUNDUP(Assumptions!$C$9/30,0)),M13+M12,0),IF(5<MAX(1,ROUNDUP(Assumptions!$C$9/30,0)),N13+N12,0),IF(4<MAX(1,ROUNDUP(Assumptions!$C$9/30,0)),O13+O12,0),IF(3<MAX(1,ROUNDUP(Assumptions!$C$9/30,0)),P13+P12,0),IF(2<MAX(1,ROUNDUP(Assumptions!$C$9/30,0)),Q13+Q12,0),IF(1<MAX(1,ROUNDUP(Assumptions!$C$9/30,0)),R13+R12,0),IF(0<MAX(1,ROUNDUP(Assumptions!$C$9/30,0)),S13+S12,0)) -> 26.194495 | T41: =SUM(IF(17<MAX(1,ROUNDUP(Assumptions!$C$9/30,0)),C13+C12,0),IF(16<MAX(1,ROUNDUP(Assumptions!$C$9/30,0)),D13+D12,0),IF(15<MAX(1,ROUNDUP(Assumptions!$C$9/30,0)),E13+E12,0),IF(14<MAX(1,ROUNDUP(Assumptions!$C$9/30,0)),F13+F12,0),IF(13<MAX(1,ROUNDUP(Assumptions!$C$9/30,0)),G13+G12,0),IF(12<MAX(1,ROUNDUP(Assumptions!$C$9/30,0)),H13+H12,0),IF(11<MAX(1,ROUNDUP(Assumptions!$C$9/30,0)),I13+I12,0),IF(10<MAX(1,ROUNDUP(Assumptions!$C$9/30,0)),J13+J12,0),IF(9<MAX(1,ROUNDUP(Assumptions!$C$9/30,0)),K13+K12,0),IF(8<MAX(1,ROUNDUP(Assumptions!$C$9/30,0)),L13+L12,0),IF(7<MAX(1,ROUNDUP(Assumptions!$C$9/30,0)),M13+M12,0),IF(6<MAX(1,ROUNDUP(Assumptions!$C$9/30,0)),N13+N12,0),IF(5<MAX(1,ROUNDUP(Assumptions!$C$9/30,0)),O13+O12,0),IF(4<MAX(1,ROUNDUP(Assumptions!$C$9/30,0)),P13+P12,0),IF(3<MAX(1,ROUNDUP(Assumptions!$C$9/30,0)),Q13+Q12,0),IF(2<MAX(1,ROUNDUP(Assumptions!$C$9/30,0)),R13+R12,0),IF(1<MAX(1,ROUNDUP(Assumptions!$C$9/30,0)),S13+S12,0),IF(0<MAX(1,ROUNDUP(Assumptions!$C$9/30,0)),T13+T12,0)) -> 27.50422 | U41: =SUM(IF(18<MAX(1,ROUNDUP(Assumptions!$C$9/30,0)),C13+C12,0),IF(17<MAX(1,ROUNDUP(Assumptions!$C$9/30,0)),D13+D12,0),IF(16<MAX(1,ROUNDUP(Assumptions!$C$9/30,0)),E13+E12,0),IF(15<MAX(1,ROUNDUP(Assumptions!$C$9/30,0)),F13+F12,0),IF(14<MAX(1,ROUNDUP(Assumptions!$C$9/30,0)),G13+G12,0),IF(13<MAX(1,ROUNDUP(Assumptions!$C$9/30,0)),H13+H12,0),IF(12<MAX(1,ROUNDUP(Assumptions!$C$9/30,0)),I13+I12,0),IF(11<MAX(1,ROUNDUP(Assumptions!$C$9/30,0)),J13+J12,0),IF(10<MAX(1,ROUNDUP(Assumptions!$C$9/30,0)),K13+K12,0),IF(9<MAX(1,ROUNDUP(Assumptions!$C$9/30,0)),L13+L12,0),IF(8<MAX(1,ROUNDUP(Assumptions!$C$9/30,0)),M13+M12,0),IF(7<MAX(1,ROUNDUP(Assumptions!$C$9/30,0)),N13+N12,0),IF(6<MAX(1,ROUNDUP(Assumptions!$C$9/30,0)),O13+O12,0),IF(5<MAX(1,ROUNDUP(Assumptions!$C$9/30,0)),P13+P12,0),IF(4<MAX(1,ROUNDUP(Assumptions!$C$9/30,0)),Q13+Q12,0),IF(3<MAX(1,ROUNDUP(Assumptions!$C$9/30,0)),R13+R12,0),IF(2<MAX(1,ROUNDUP(Assumptions!$C$9/30,0)),S13+S12,0),IF(1<MAX(1,ROUNDUP(Assumptions!$C$9/30,0)),T13+T12,0),IF(0<MAX(1,ROUNDUP(Assumptions!$C$9/30,0)),U13+U12,0)) -> 28.879431 | V41: =SUM(IF(19<MAX(1,ROUNDUP(Assumptions!$C$9/30,0)),C13+C12,0),IF(18<MAX(1,ROUNDUP(Assumptions!$C$9/30,0)),D13+D12,0),IF(17<MAX(1,ROUNDUP(Assumptions!$C$9/30,0)),E13+E12,0),IF(16<MAX(1,ROUNDUP(Assumptions!$C$9/30,0)),F13+F12,0),IF(15<MAX(1,ROUNDUP(Assumptions!$C$9/30,0)),G13+G12,0),IF(14<MAX(1,ROUNDUP(Assumptions!$C$9/30,0)),H13+H12,0),IF(13<MAX(1,ROUNDUP(Assumptions!$C$9/30,0)),I13+I12,0),IF(12<MAX(1,ROUNDUP(Assumptions!$C$9/30,0)),J13+J12,0),IF(11<MAX(1,ROUNDUP(Assumptions!$C$9/30,0)),K13+K12,0),IF(10<MAX(1,ROUNDUP(Assumptions!$C$9/30,0)),L13+L12,0),IF(9<MAX(1,ROUNDUP(Assumptions!$C$9/30,0)),M13+M12,0),IF(8<MAX(1,ROUNDUP(Assumptions!$C$9/30,0)),N13+N12,0),IF(7<MAX(1,ROUNDUP(Assumptions!$C$9/30,0)),O13+O12,0),IF(6<MAX(1,ROUNDUP(Assumptions!$C$9/30,0)),P13+P12,0),IF(5<MAX(1,ROUNDUP(Assumptions!$C$9/30,0)),Q13+Q12,0),IF(4<MAX(1,ROUNDUP(Assumptions!$C$9/30,0)),R13+R12,0),IF(3<MAX(1,ROUNDUP(Assumptions!$C$9/30,0)),S13+S12,0),IF(2<MAX(1,ROUNDUP(Assumptions!$C$9/30,0)),T13+T12,0),IF(1<MAX(1,ROUNDUP(Assumptions!$C$9/30,0)),U13+U12,0),IF(0<MAX(1,ROUNDUP(Assumptions!$C$9/30,0)),V13+V12,0)) -> 30.323402 | W41: =SUM(IF(20<MAX(1,ROUNDUP(Assumptions!$C$9/30,0)),C13+C12,0),IF(19<MAX(1,ROUNDUP(Assumptions!$C$9/30,0)),D13+D12,0),IF(18<MAX(1,ROUNDUP(Assumptions!$C$9/30,0)),E13+E12,0),IF(17<MAX(1,ROUNDUP(Assumptions!$C$9/30,0)),F13+F12,0),IF(16<MAX(1,ROUNDUP(Assumptions!$C$9/30,0)),G13+G12,0),IF(15<MAX(1,ROUNDUP(Assumptions!$C$9/30,0)),H13+H12,0),IF(14<MAX(1,ROUNDUP(Assumptions!$C$9/30,0)),I13+I12,0),IF(13<MAX(1,ROUNDUP(Assumptions!$C$9/30,0)),J13+J12,0),IF(12<MAX(1,ROUNDUP(Assumptions!$C$9/30,0)),K13+K12,0),IF(11<MAX(1,ROUNDUP(Assumptions!$C$9/30,0)),L13+L12,0),IF(10<MAX(1,ROUNDUP(Assumptions!$C$9/30,0)),M13+M12,0),IF(9<MAX(1,ROUNDUP(Assumptions!$C$9/30,0)),N13+N12,0),IF(8<MAX(1,ROUNDUP(Assumptions!$C$9/30,0)),O13+O12,0),IF(7<MAX(1,ROUNDUP(Assumptions!$C$9/30,0)),P13+P12,0),IF(6<MAX(1,ROUNDUP(Assumptions!$C$9/30,0)),Q13+Q12,0),IF(5<MAX(1,ROUNDUP(Assumptions!$C$9/30,0)),R13+R12,0),IF(4<MAX(1,ROUNDUP(Assumptions!$C$9/30,0)),S13+S12,0),IF(3<MAX(1,ROUNDUP(Assumptions!$C$9/30,0)),T13+T12,0),IF(2<MAX(1,ROUNDUP(Assumptions!$C$9/30,0)),U13+U12,0),IF(1<MAX(1,ROUNDUP(Assumptions!$C$9/30,0)),V13+V12,0),IF(0<MAX(1,ROUNDUP(Assumptions!$C$9/30,0)),W13+W12,0)) -> 31.839572 | X41: =SUM(IF(21<MAX(1,ROUNDUP(Assumptions!$C$9/30,0)),C13+C12,0),IF(20<MAX(1,ROUNDUP(Assumptions!$C$9/30,0)),D13+D12,0),IF(19<MAX(1,ROUNDUP(Assumptions!$C$9/30,0)),E13+E12,0),IF(18<MAX(1,ROUNDUP(Assumptions!$C$9/30,0)),F13+F12,0),IF(17<MAX(1,ROUNDUP(Assumptions!$C$9/30,0)),G13+G12,0),IF(16<MAX(1,ROUNDUP(Assumptions!$C$9/30,0)),H13+H12,0),IF(15<MAX(1,ROUNDUP(Assumptions!$C$9/30,0)),I13+I12,0),IF(14<MAX(1,ROUNDUP(Assumptions!$C$9/30,0)),J13+J12,0),IF(13<MAX(1,ROUNDUP(Assumptions!$C$9/30,0)),K13+K12,0),IF(12<MAX(1,ROUNDUP(Assumptions!$C$9/30,0)),L13+L12,0),IF(11<MAX(1,ROUNDUP(Assumptions!$C$9/30,0)),M13+M12,0),IF(10<MAX(1,ROUNDUP(Assumptions!$C$9/30,0)),N13+N12,0),IF(9<MAX(1,ROUNDUP(Assumptions!$C$9/30,0)),O13+O12,0),IF(8<MAX(1,ROUNDUP(Assumptions!$C$9/30,0)),P13+P12,0),IF(7<MAX(1,ROUNDUP(Assumptions!$C$9/30,0)),Q13+Q12,0),IF(6<MAX(1,ROUNDUP(Assumptions!$C$9/30,0)),R13+R12,0),IF(5<MAX(1,ROUNDUP(Assumptions!$C$9/30,0)),S13+S12,0),IF(4<MAX(1,ROUNDUP(Assumptions!$C$9/30,0)),T13+T12,0),IF(3<MAX(1,ROUNDUP(Assumptions!$C$9/30,0)),U13+U12,0),IF(2<MAX(1,ROUNDUP(Assumptions!$C$9/30,0)),V13+V12,0),IF(1<MAX(1,ROUNDUP(Assumptions!$C$9/30,0)),W13+W12,0),IF(0<MAX(1,ROUNDUP(Assumptions!$C$9/30,0)),X13+X12,0)) -> 33.431551 | Y41: =SUM(IF(22<MAX(1,ROUNDUP(Assumptions!$C$9/30,0)),C13+C12,0),IF(21<MAX(1,ROUNDUP(Assumptions!$C$9/30,0)),D13+D12,0),IF(20<MAX(1,ROUNDUP(Assumptions!$C$9/30,0)),E13+E12,0),IF(19<MAX(1,ROUNDUP(Assumptions!$C$9/30,0)),F13+F12,0),IF(18<MAX(1,ROUNDUP(Assumptions!$C$9/30,0)),G13+G12,0),IF(17<MAX(1,ROUNDUP(Assumptions!$C$9/30,0)),H13+H12,0),IF(16<MAX(1,ROUNDUP(Assumptions!$C$9/30,0)),I13+I12,0),IF(15<MAX(1,ROUNDUP(Assumptions!$C$9/30,0)),J13+J12,0),IF(14<MAX(1,ROUNDUP(Assumptions!$C$9/30,0)),K13+K12,0),IF(13<MAX(1,ROUNDUP(Assumptions!$C$9/30,0)),L13+L12,0),IF(12<MAX(1,ROUNDUP(Assumptions!$C$9/30,0)),M13+M12,0),IF(11<MAX(1,ROUNDUP(Assumptions!$C$9/30,0)),N13+N12,0),IF(10<MAX(1,ROUNDUP(Assumptions!$C$9/30,0)),O13+O12,0),IF(9<MAX(1,ROUNDUP(Assumptions!$C$9/30,0)),P13+P12,0),IF(8<MAX(1,ROUNDUP(Assumptions!$C$9/30,0)),Q13+Q12,0),IF(7<MAX(1,ROUNDUP(Assumptions!$C$9/30,0)),R13+R12,0),IF(6<MAX(1,ROUNDUP(Assumptions!$C$9/30,0)),S13+S12,0),IF(5<MAX(1,ROUNDUP(Assumptions!$C$9/30,0)),T13+T12,0),IF(4<MAX(1,ROUNDUP(Assumptions!$C$9/30,0)),U13+U12,0),IF(3<MAX(1,ROUNDUP(Assumptions!$C$9/30,0)),V13+V12,0),IF(2<MAX(1,ROUNDUP(Assumptions!$C$9/30,0)),W13+W12,0),IF(1<MAX(1,ROUNDUP(Assumptions!$C$9/30,0)),X13+X12,0),IF(0<MAX(1,ROUNDUP(Assumptions!$C$9/30,0)),Y13+Y12,0)) -> 35.103129 | Z41: =SUM(IF(23<MAX(1,ROUNDUP(Assumptions!$C$9/30,0)),C13+C12,0),IF(22<MAX(1,ROUNDUP(Assumptions!$C$9/30,0)),D13+D12,0),IF(21<MAX(1,ROUNDUP(Assumptions!$C$9/30,0)),E13+E12,0),IF(20<MAX(1,ROUNDUP(Assumptions!$C$9/30,0)),F13+F12,0),IF(19<MAX(1,ROUNDUP(Assumptions!$C$9/30,0)),G13+G12,0),IF(18<MAX(1,ROUNDUP(Assumptions!$C$9/30,0)),H13+H12,0),IF(17<MAX(1,ROUNDUP(Assumptions!$C$9/30,0)),I13+I12,0),IF(16<MAX(1,ROUNDUP(Assumptions!$C$9/30,0)),J13+J12,0),IF(15<MAX(1,ROUNDUP(Assumptions!$C$9/30,0)),K13+K12,0),IF(14<MAX(1,ROUNDUP(Assumptions!$C$9/30,0)),L13+L12,0),IF(13<MAX(1,ROUNDUP(Assumptions!$C$9/30,0)),M13+M12,0),IF(12<MAX(1,ROUNDUP(Assumptions!$C$9/30,0)),N13+N12,0),IF(11<MAX(1,ROUNDUP(Assumptions!$C$9/30,0)),O13+O12,0),IF(10<MAX(1,ROUNDUP(Assumptions!$C$9/30,0)),P13+P12,0),IF(9<MAX(1,ROUNDUP(Assumptions!$C$9/30,0)),Q13+Q12,0),IF(8<MAX(1,ROUNDUP(Assumptions!$C$9/30,0)),R13+R12,0),IF(7<MAX(1,ROUNDUP(Assumptions!$C$9/30,0)),S13+S12,0),IF(6<MAX(1,ROUNDUP(Assumptions!$C$9/30,0)),T13+T12,0),IF(5<MAX(1,ROUNDUP(Assumptions!$C$9/30,0)),U13+U12,0),IF(4<MAX(1,ROUNDUP(Assumptions!$C$9/30,0)),V13+V12,0),IF(3<MAX(1,ROUNDUP(Assumptions!$C$9/30,0)),W13+W12,0),IF(2<MAX(1,ROUNDUP(Assumptions!$C$9/30,0)),X13+X12,0),IF(1<MAX(1,ROUNDUP(Assumptions!$C$9/30,0)),Y13+Y12,0),IF(0<MAX(1,ROUNDUP(Assumptions!$C$9/30,0)),Z13+Z12,0)) -> 36.858285
A42: 사전예약 첫달 무료 활성 | B42: 명 | C42: =IF(0<Assumptions!$C$12,$C$8,0) -> 10.5 | D42: =IF(1<Assumptions!$C$12,$C$8,0) -> 0 | E42: =IF(2<Assumptions!$C$12,$C$8,0) -> 0 | F42: =IF(3<Assumptions!$C$12,$C$8,0) -> 0 | G42: =IF(4<Assumptions!$C$12,$C$8,0) -> 0 | H42: =IF(5<Assumptions!$C$12,$C$8,0) -> 0 | I42: =IF(6<Assumptions!$C$12,$C$8,0) -> 0 | J42: =IF(7<Assumptions!$C$12,$C$8,0) -> 0 | K42: =IF(8<Assumptions!$C$12,$C$8,0) -> 0 | L42: =IF(9<Assumptions!$C$12,$C$8,0) -> 0 | M42: =IF(10<Assumptions!$C$12,$C$8,0) -> 0 | N42: =IF(11<Assumptions!$C$12,$C$8,0) -> 0 | O42: =IF(12<Assumptions!$C$12,$C$8,0) -> 0 | P42: =IF(13<Assumptions!$C$12,$C$8,0) -> 0 | Q42: =IF(14<Assumptions!$C$12,$C$8,0) -> 0 | R42: =IF(15<Assumptions!$C$12,$C$8,0) -> 0 | S42: =IF(16<Assumptions!$C$12,$C$8,0) -> 0 | T42: =IF(17<Assumptions!$C$12,$C$8,0) -> 0 | U42: =IF(18<Assumptions!$C$12,$C$8,0) -> 0 | V42: =IF(19<Assumptions!$C$12,$C$8,0) -> 0 | W42: =IF(20<Assumptions!$C$12,$C$8,0) -> 0 | X42: =IF(21<Assumptions!$C$12,$C$8,0) -> 0 | Y42: =IF(22<Assumptions!$C$12,$C$8,0) -> 0 | Z42: =IF(23<Assumptions!$C$12,$C$8,0) -> 0
A43: 추천 2건 달성 · 무료월 획득 | B43: 명 | C43: =C10*(Assumptions!$C$22*Assumptions!$C$23)^Assumptions!$C$11 -> 0 | D43: =D10*(Assumptions!$C$22*Assumptions!$C$23)^Assumptions!$C$11 -> 0.09261 | E43: =E10*(Assumptions!$C$22*Assumptions!$C$23)^Assumptions!$C$11 -> 0.00777924 | F43: =F10*(Assumptions!$C$22*Assumptions!$C$23)^Assumptions!$C$11 -> 0.00065345616 | G43: =G10*(Assumptions!$C$22*Assumptions!$C$23)^Assumptions!$C$11 -> 5.4890317e-05 | H43: =H10*(Assumptions!$C$22*Assumptions!$C$23)^Assumptions!$C$11 -> 4.6107867e-06 | I43: =I10*(Assumptions!$C$22*Assumptions!$C$23)^Assumptions!$C$11 -> 3.8730608e-07 | J43: =J10*(Assumptions!$C$22*Assumptions!$C$23)^Assumptions!$C$11 -> 3.2533711e-08 | ... Z43: =Z10*(Assumptions!$C$22*Assumptions!$C$23)^Assumptions!$C$11 -> 1.9989511e-25
A44: 추천 무료월 사용 | B44: 명 | C44: =0 -> 0 | D44: =MIN(SUM(IF(1<=Assumptions!$C$13,C43,0))*Assumptions!$C$36,D34) -> 0 | E44: =MIN(SUM(IF(2<=Assumptions!$C$13,C43,0),IF(1<=Assumptions!$C$13,D43,0))*Assumptions!$C$36,E34) -> 0.064827 | F44: =MIN(SUM(IF(3<=Assumptions!$C$13,C43,0),IF(2<=Assumptions!$C$13,D43,0),IF(1<=Assumptions!$C$13,E43,0))*Assumptions!$C$36,F34) -> 0.005445468 | G44: =MIN(SUM(IF(4<=Assumptions!$C$13,C43,0),IF(3<=Assumptions!$C$13,D43,0),IF(2<=Assumptions!$C$13,E43,0),IF(1<=Assumptions!$C$13,F43,0))*Assumptions!$C$36,G34) -> 0.00045741931 | H44: =MIN(SUM(IF(5<=Assumptions!$C$13,C43,0),IF(4<=Assumptions!$C$13,D43,0),IF(3<=Assumptions!$C$13,E43,0),IF(2<=Assumptions!$C$13,F43,0),IF(1<=Assumptions!$C$13,G43,0))*Assumptions!$C$36,H34) -> 3.8423222e-05 | I44: =MIN(SUM(IF(6<=Assumptions!$C$13,C43,0),IF(5<=Assumptions!$C$13,D43,0),IF(4<=Assumptions!$C$13,E43,0),IF(3<=Assumptions!$C$13,F43,0),IF(2<=Assumptions!$C$13,G43,0),IF(1<=Assumptions!$C$13,H43,0))*Assumptions!$C$36,I34) -> 3.2275507e-06 | J44: =MIN(SUM(IF(7<=Assumptions!$C$13,C43,0),IF(6<=Assumptions!$C$13,D43,0),IF(5<=Assumptions!$C$13,E43,0),IF(4<=Assumptions!$C$13,F43,0),IF(3<=Assumptions!$C$13,G43,0),IF(2<=Assumptions!$C$13,H43,0),IF(1<=Assumptions!$C$13,I43,0))*Assumptions!$C$36,J34) -> 2.7111426e-07 | K44: =MIN(SUM(IF(8<=Assumptions!$C$13,C43,0),IF(7<=Assumptions!$C$13,D43,0),IF(6<=Assumptions!$C$13,E43,0),IF(5<=Assumptions!$C$13,F43,0),IF(4<=Assumptions!$C$13,G43,0),IF(3<=Assumptions!$C$13,H43,0),IF(2<=Assumptions!$C$13,I43,0),IF(1<=Assumptions!$C$13,J43,0))*Assumptions!$C$36,K34) -> 2.2773597e-08 | L44: =MIN(SUM(IF(9<=Assumptions!$C$13,C43,0),IF(8<=Assumptions!$C$13,D43,0),IF(7<=Assumptions!$C$13,E43,0),IF(6<=Assumptions!$C$13,F43,0),IF(5<=Assumptions!$C$13,G43,0),IF(4<=Assumptions!$C$13,H43,0),IF(3<=Assumptions!$C$13,I43,0),IF(2<=Assumptions!$C$13,J43,0),IF(1<=Assumptions!$C$13,K43,0))*Assumptions!$C$36,L34) -> 1.9129822e-09 | M44: =MIN(SUM(IF(10<=Assumptions!$C$13,C43,0),IF(9<=Assumptions!$C$13,D43,0),IF(8<=Assumptions!$C$13,E43,0),IF(7<=Assumptions!$C$13,F43,0),IF(6<=Assumptions!$C$13,G43,0),IF(5<=Assumptions!$C$13,H43,0),IF(4<=Assumptions!$C$13,I43,0),IF(3<=Assumptions!$C$13,J43,0),IF(2<=Assumptions!$C$13,K43,0),IF(1<=Assumptions!$C$13,L43,0))*Assumptions!$C$36,M34) -> 1.606905e-10 | N44: =MIN(SUM(IF(11<=Assumptions!$C$13,C43,0),IF(10<=Assumptions!$C$13,D43,0),IF(9<=Assumptions!$C$13,E43,0),IF(8<=Assumptions!$C$13,F43,0),IF(7<=Assumptions!$C$13,G43,0),IF(6<=Assumptions!$C$13,H43,0),IF(5<=Assumptions!$C$13,I43,0),IF(4<=Assumptions!$C$13,J43,0),IF(3<=Assumptions!$C$13,K43,0),IF(2<=Assumptions!$C$13,L43,0),IF(1<=Assumptions!$C$13,M43,0))*Assumptions!$C$36,N34) -> 1.3498002e-11 | O44: =MIN(SUM(IF(12<=Assumptions!$C$13,C43,0),IF(11<=Assumptions!$C$13,D43,0),IF(10<=Assumptions!$C$13,E43,0),IF(9<=Assumptions!$C$13,F43,0),IF(8<=Assumptions!$C$13,G43,0),IF(7<=Assumptions!$C$13,H43,0),IF(6<=Assumptions!$C$13,I43,0),IF(5<=Assumptions!$C$13,J43,0),IF(4<=Assumptions!$C$13,K43,0),IF(3<=Assumptions!$C$13,L43,0),IF(2<=Assumptions!$C$13,M43,0),IF(1<=Assumptions!$C$13,N43,0))*Assumptions!$C$36,O34) -> 1.1338322e-12 | P44: =MIN(SUM(IF(13<=Assumptions!$C$13,C43,0),IF(12<=Assumptions!$C$13,D43,0),IF(11<=Assumptions!$C$13,E43,0),IF(10<=Assumptions!$C$13,F43,0),IF(9<=Assumptions!$C$13,G43,0),IF(8<=Assumptions!$C$13,H43,0),IF(7<=Assumptions!$C$13,I43,0),IF(6<=Assumptions!$C$13,J43,0),IF(5<=Assumptions!$C$13,K43,0),IF(4<=Assumptions!$C$13,L43,0),IF(3<=Assumptions!$C$13,M43,0),IF(2<=Assumptions!$C$13,N43,0),IF(1<=Assumptions!$C$13,O43,0))*Assumptions!$C$36,P34) -> 9.5241904e-14 | Q44: =MIN(SUM(IF(14<=Assumptions!$C$13,C43,0),IF(13<=Assumptions!$C$13,D43,0),IF(12<=Assumptions!$C$13,E43,0),IF(11<=Assumptions!$C$13,F43,0),IF(10<=Assumptions!$C$13,G43,0),IF(9<=Assumptions!$C$13,H43,0),IF(8<=Assumptions!$C$13,I43,0),IF(7<=Assumptions!$C$13,J43,0),IF(6<=Assumptions!$C$13,K43,0),IF(5<=Assumptions!$C$13,L43,0),IF(4<=Assumptions!$C$13,M43,0),IF(3<=Assumptions!$C$13,N43,0),IF(2<=Assumptions!$C$13,O43,0),IF(1<=Assumptions!$C$13,P43,0))*Assumptions!$C$36,Q34) -> 8.00032e-15 | R44: =MIN(SUM(IF(15<=Assumptions!$C$13,C43,0),IF(14<=Assumptions!$C$13,D43,0),IF(13<=Assumptions!$C$13,E43,0),IF(12<=Assumptions!$C$13,F43,0),IF(11<=Assumptions!$C$13,G43,0),IF(10<=Assumptions!$C$13,H43,0),IF(9<=Assumptions!$C$13,I43,0),IF(8<=Assumptions!$C$13,J43,0),IF(7<=Assumptions!$C$13,K43,0),IF(6<=Assumptions!$C$13,L43,0),IF(5<=Assumptions!$C$13,M43,0),IF(4<=Assumptions!$C$13,N43,0),IF(3<=Assumptions!$C$13,O43,0),IF(2<=Assumptions!$C$13,P43,0),IF(1<=Assumptions!$C$13,Q43,0))*Assumptions!$C$36,R34) -> 6.7202688e-16 | S44: =MIN(SUM(IF(16<=Assumptions!$C$13,C43,0),IF(15<=Assumptions!$C$13,D43,0),IF(14<=Assumptions!$C$13,E43,0),IF(13<=Assumptions!$C$13,F43,0),IF(12<=Assumptions!$C$13,G43,0),IF(11<=Assumptions!$C$13,H43,0),IF(10<=Assumptions!$C$13,I43,0),IF(9<=Assumptions!$C$13,J43,0),IF(8<=Assumptions!$C$13,K43,0),IF(7<=Assumptions!$C$13,L43,0),IF(6<=Assumptions!$C$13,M43,0),IF(5<=Assumptions!$C$13,N43,0),IF(4<=Assumptions!$C$13,O43,0),IF(3<=Assumptions!$C$13,P43,0),IF(2<=Assumptions!$C$13,Q43,0),IF(1<=Assumptions!$C$13,R43,0))*Assumptions!$C$36,S34) -> 5.6450258e-17 | T44: =MIN(SUM(IF(17<=Assumptions!$C$13,C43,0),IF(16<=Assumptions!$C$13,D43,0),IF(15<=Assumptions!$C$13,E43,0),IF(14<=Assumptions!$C$13,F43,0),IF(13<=Assumptions!$C$13,G43,0),IF(12<=Assumptions!$C$13,H43,0),IF(11<=Assumptions!$C$13,I43,0),IF(10<=Assumptions!$C$13,J43,0),IF(9<=Assumptions!$C$13,K43,0),IF(8<=Assumptions!$C$13,L43,0),IF(7<=Assumptions!$C$13,M43,0),IF(6<=Assumptions!$C$13,N43,0),IF(5<=Assumptions!$C$13,O43,0),IF(4<=Assumptions!$C$13,P43,0),IF(3<=Assumptions!$C$13,Q43,0),IF(2<=Assumptions!$C$13,R43,0),IF(1<=Assumptions!$C$13,S43,0))*Assumptions!$C$36,T34) -> 4.7418216e-18 | U44: =MIN(SUM(IF(18<=Assumptions!$C$13,C43,0),IF(17<=Assumptions!$C$13,D43,0),IF(16<=Assumptions!$C$13,E43,0),IF(15<=Assumptions!$C$13,F43,0),IF(14<=Assumptions!$C$13,G43,0),IF(13<=Assumptions!$C$13,H43,0),IF(12<=Assumptions!$C$13,I43,0),IF(11<=Assumptions!$C$13,J43,0),IF(10<=Assumptions!$C$13,K43,0),IF(9<=Assumptions!$C$13,L43,0),IF(8<=Assumptions!$C$13,M43,0),IF(7<=Assumptions!$C$13,N43,0),IF(6<=Assumptions!$C$13,O43,0),IF(5<=Assumptions!$C$13,P43,0),IF(4<=Assumptions!$C$13,Q43,0),IF(3<=Assumptions!$C$13,R43,0),IF(2<=Assumptions!$C$13,S43,0),IF(1<=Assumptions!$C$13,T43,0))*Assumptions!$C$36,U34) -> 3.9831302e-19 | V44: =MIN(SUM(IF(19<=Assumptions!$C$13,C43,0),IF(18<=Assumptions!$C$13,D43,0),IF(17<=Assumptions!$C$13,E43,0),IF(16<=Assumptions!$C$13,F43,0),IF(15<=Assumptions!$C$13,G43,0),IF(14<=Assumptions!$C$13,H43,0),IF(13<=Assumptions!$C$13,I43,0),IF(12<=Assumptions!$C$13,J43,0),IF(11<=Assumptions!$C$13,K43,0),IF(10<=Assumptions!$C$13,L43,0),IF(9<=Assumptions!$C$13,M43,0),IF(8<=Assumptions!$C$13,N43,0),IF(7<=Assumptions!$C$13,O43,0),IF(6<=Assumptions!$C$13,P43,0),IF(5<=Assumptions!$C$13,Q43,0),IF(4<=Assumptions!$C$13,R43,0),IF(3<=Assumptions!$C$13,S43,0),IF(2<=Assumptions!$C$13,T43,0),IF(1<=Assumptions!$C$13,U43,0))*Assumptions!$C$36,V34) -> 3.3458294e-20 | W44: =MIN(SUM(IF(20<=Assumptions!$C$13,C43,0),IF(19<=Assumptions!$C$13,D43,0),IF(18<=Assumptions!$C$13,E43,0),IF(17<=Assumptions!$C$13,F43,0),IF(16<=Assumptions!$C$13,G43,0),IF(15<=Assumptions!$C$13,H43,0),IF(14<=Assumptions!$C$13,I43,0),IF(13<=Assumptions!$C$13,J43,0),IF(12<=Assumptions!$C$13,K43,0),IF(11<=Assumptions!$C$13,L43,0),IF(10<=Assumptions!$C$13,M43,0),IF(9<=Assumptions!$C$13,N43,0),IF(8<=Assumptions!$C$13,O43,0),IF(7<=Assumptions!$C$13,P43,0),IF(6<=Assumptions!$C$13,Q43,0),IF(5<=Assumptions!$C$13,R43,0),IF(4<=Assumptions!$C$13,S43,0),IF(3<=Assumptions!$C$13,T43,0),IF(2<=Assumptions!$C$13,U43,0),IF(1<=Assumptions!$C$13,V43,0))*Assumptions!$C$36,W34) -> 2.8104967e-21 | X44: =MIN(SUM(IF(21<=Assumptions!$C$13,C43,0),IF(20<=Assumptions!$C$13,D43,0),IF(19<=Assumptions!$C$13,E43,0),IF(18<=Assumptions!$C$13,F43,0),IF(17<=Assumptions!$C$13,G43,0),IF(16<=Assumptions!$C$13,H43,0),IF(15<=Assumptions!$C$13,I43,0),IF(14<=Assumptions!$C$13,J43,0),IF(13<=Assumptions!$C$13,K43,0),IF(12<=Assumptions!$C$13,L43,0),IF(11<=Assumptions!$C$13,M43,0),IF(10<=Assumptions!$C$13,N43,0),IF(9<=Assumptions!$C$13,O43,0),IF(8<=Assumptions!$C$13,P43,0),IF(7<=Assumptions!$C$13,Q43,0),IF(6<=Assumptions!$C$13,R43,0),IF(5<=Assumptions!$C$13,S43,0),IF(4<=Assumptions!$C$13,T43,0),IF(3<=Assumptions!$C$13,U43,0),IF(2<=Assumptions!$C$13,V43,0),IF(1<=Assumptions!$C$13,W43,0))*Assumptions!$C$36,X34) -> 2.3608172e-22 | Y44: =MIN(SUM(IF(22<=Assumptions!$C$13,C43,0),IF(21<=Assumptions!$C$13,D43,0),IF(20<=Assumptions!$C$13,E43,0),IF(19<=Assumptions!$C$13,F43,0),IF(18<=Assumptions!$C$13,G43,0),IF(17<=Assumptions!$C$13,H43,0),IF(16<=Assumptions!$C$13,I43,0),IF(15<=Assumptions!$C$13,J43,0),IF(14<=Assumptions!$C$13,K43,0),IF(13<=Assumptions!$C$13,L43,0),IF(12<=Assumptions!$C$13,M43,0),IF(11<=Assumptions!$C$13,N43,0),IF(10<=Assumptions!$C$13,O43,0),IF(9<=Assumptions!$C$13,P43,0),IF(8<=Assumptions!$C$13,Q43,0),IF(7<=Assumptions!$C$13,R43,0),IF(6<=Assumptions!$C$13,S43,0),IF(5<=Assumptions!$C$13,T43,0),IF(4<=Assumptions!$C$13,U43,0),IF(3<=Assumptions!$C$13,V43,0),IF(2<=Assumptions!$C$13,W43,0),IF(1<=Assumptions!$C$13,X43,0))*Assumptions!$C$36,Y34) -> 1.9830864e-23 | Z44: =MIN(SUM(IF(23<=Assumptions!$C$13,C43,0),IF(22<=Assumptions!$C$13,D43,0),IF(21<=Assumptions!$C$13,E43,0),IF(20<=Assumptions!$C$13,F43,0),IF(19<=Assumptions!$C$13,G43,0),IF(18<=Assumptions!$C$13,H43,0),IF(17<=Assumptions!$C$13,I43,0),IF(16<=Assumptions!$C$13,J43,0),IF(15<=Assumptions!$C$13,K43,0),IF(14<=Assumptions!$C$13,L43,0),IF(13<=Assumptions!$C$13,M43,0),IF(12<=Assumptions!$C$13,N43,0),IF(11<=Assumptions!$C$13,O43,0),IF(10<=Assumptions!$C$13,P43,0),IF(9<=Assumptions!$C$13,Q43,0),IF(8<=Assumptions!$C$13,R43,0),IF(7<=Assumptions!$C$13,S43,0),IF(6<=Assumptions!$C$13,T43,0),IF(5<=Assumptions!$C$13,U43,0),IF(4<=Assumptions!$C$13,V43,0),IF(3<=Assumptions!$C$13,W43,0),IF(2<=Assumptions!$C$13,X43,0),IF(1<=Assumptions!$C$13,Y43,0))*Assumptions!$C$36,Z34) -> 1.6657926e-24
A46: 매출
A47: 유료 서비스 정가 총액 (VAT 포함) | B47: 원 | C47: =C31*Assumptions!$C$6+C32*Assumptions!$C$7+C33*Assumptions!$C$8+C42*(Assumptions!$C$6*Assumptions!$C$33+Assumptions!$C$7*Assumptions!$C$34+Assumptions!$C$8*Assumptions!$C$35) -> 203175 | D47: =D31*Assumptions!$C$6+D32*Assumptions!$C$7+D33*Assumptions!$C$8+D42*(Assumptions!$C$6*Assumptions!$C$33+Assumptions!$C$7*Assumptions!$C$34+Assumptions!$C$8*Assumptions!$C$35) -> 139320 | E47: =E31*Assumptions!$C$6+E32*Assumptions!$C$7+E33*Assumptions!$C$8+E42*(Assumptions!$C$6*Assumptions!$C$33+Assumptions!$C$7*Assumptions!$C$34+Assumptions!$C$8*Assumptions!$C$35) -> 195622.7 | F47: =F31*Assumptions!$C$6+F32*Assumptions!$C$7+F33*Assumptions!$C$8+F42*(Assumptions!$C$6*Assumptions!$C$33+Assumptions!$C$7*Assumptions!$C$34+Assumptions!$C$8*Assumptions!$C$35) -> 247461.37 | G47: =G31*Assumptions!$C$6+G32*Assumptions!$C$7+G33*Assumptions!$C$8+G42*(Assumptions!$C$6*Assumptions!$C$33+Assumptions!$C$7*Assumptions!$C$34+Assumptions!$C$8*Assumptions!$C$35) -> 298854.08 | H47: =H31*Assumptions!$C$6+H32*Assumptions!$C$7+H33*Assumptions!$C$8+H42*(Assumptions!$C$6*Assumptions!$C$33+Assumptions!$C$7*Assumptions!$C$34+Assumptions!$C$8*Assumptions!$C$35) -> 350290.08 | I47: =I31*Assumptions!$C$6+I32*Assumptions!$C$7+I33*Assumptions!$C$8+I42*(Assumptions!$C$6*Assumptions!$C$33+Assumptions!$C$7*Assumptions!$C$34+Assumptions!$C$8*Assumptions!$C$35) -> 401959.88 | J47: =J31*Assumptions!$C$6+J32*Assumptions!$C$7+J33*Assumptions!$C$8+J42*(Assumptions!$C$6*Assumptions!$C$33+Assumptions!$C$7*Assumptions!$C$34+Assumptions!$C$8*Assumptions!$C$35) -> 454027.01 | ... Z47: =Z31*Assumptions!$C$6+Z32*Assumptions!$C$7+Z33*Assumptions!$C$8+Z42*(Assumptions!$C$6*Assumptions!$C$33+Assumptions!$C$7*Assumptions!$C$34+Assumptions!$C$8*Assumptions!$C$35) -> 1472952.9
A48: 사전예약 첫달 할인 (VAT 포함) | B48: 원 | C48: =C42*(Assumptions!$C$6*Assumptions!$C$33+Assumptions!$C$7*Assumptions!$C$34+Assumptions!$C$8*Assumptions!$C$35) -> 203175 | D48: =D42*(Assumptions!$C$6*Assumptions!$C$33+Assumptions!$C$7*Assumptions!$C$34+Assumptions!$C$8*Assumptions!$C$35) -> 0 | E48: =E42*(Assumptions!$C$6*Assumptions!$C$33+Assumptions!$C$7*Assumptions!$C$34+Assumptions!$C$8*Assumptions!$C$35) -> 0 | F48: =F42*(Assumptions!$C$6*Assumptions!$C$33+Assumptions!$C$7*Assumptions!$C$34+Assumptions!$C$8*Assumptions!$C$35) -> 0 | G48: =G42*(Assumptions!$C$6*Assumptions!$C$33+Assumptions!$C$7*Assumptions!$C$34+Assumptions!$C$8*Assumptions!$C$35) -> 0 | H48: =H42*(Assumptions!$C$6*Assumptions!$C$33+Assumptions!$C$7*Assumptions!$C$34+Assumptions!$C$8*Assumptions!$C$35) -> 0 | I48: =I42*(Assumptions!$C$6*Assumptions!$C$33+Assumptions!$C$7*Assumptions!$C$34+Assumptions!$C$8*Assumptions!$C$35) -> 0 | J48: =J42*(Assumptions!$C$6*Assumptions!$C$33+Assumptions!$C$7*Assumptions!$C$34+Assumptions!$C$8*Assumptions!$C$35) -> 0 | ... Z48: =Z42*(Assumptions!$C$6*Assumptions!$C$33+Assumptions!$C$7*Assumptions!$C$34+Assumptions!$C$8*Assumptions!$C$35) -> 0
A49: 추천 무료월 할인 (VAT 포함) | B49: 원 | C49: =MIN(C44*(Assumptions!$C$6*Assumptions!$C$33+Assumptions!$C$7*Assumptions!$C$34+Assumptions!$C$8*Assumptions!$C$35),C47-C48) -> 0 | D49: =MIN(D44*(Assumptions!$C$6*Assumptions!$C$33+Assumptions!$C$7*Assumptions!$C$34+Assumptions!$C$8*Assumptions!$C$35),D47-D48) -> 0 | E49: =MIN(E44*(Assumptions!$C$6*Assumptions!$C$33+Assumptions!$C$7*Assumptions!$C$34+Assumptions!$C$8*Assumptions!$C$35),E47-E48) -> 1254.4024 | F49: =MIN(F44*(Assumptions!$C$6*Assumptions!$C$33+Assumptions!$C$7*Assumptions!$C$34+Assumptions!$C$8*Assumptions!$C$35),F47-F48) -> 105.36981 | G49: =MIN(G44*(Assumptions!$C$6*Assumptions!$C$33+Assumptions!$C$7*Assumptions!$C$34+Assumptions!$C$8*Assumptions!$C$35),G47-G48) -> 8.8510637 | H49: =MIN(H44*(Assumptions!$C$6*Assumptions!$C$33+Assumptions!$C$7*Assumptions!$C$34+Assumptions!$C$8*Assumptions!$C$35),H47-H48) -> 0.74348935 | I49: =MIN(I44*(Assumptions!$C$6*Assumptions!$C$33+Assumptions!$C$7*Assumptions!$C$34+Assumptions!$C$8*Assumptions!$C$35),I47-I48) -> 0.062453105 | J49: =MIN(J44*(Assumptions!$C$6*Assumptions!$C$33+Assumptions!$C$7*Assumptions!$C$34+Assumptions!$C$8*Assumptions!$C$35),J47-J48) -> 0.0052460609 | ... Z49: =MIN(Z44*(Assumptions!$C$6*Assumptions!$C$33+Assumptions!$C$7*Assumptions!$C$34+Assumptions!$C$8*Assumptions!$C$35),Z47-Z48) -> 3.2233087e-20
A50: 고객 결제액 (VAT 포함) | B50: 원 | C50: =C47-C48-C49 -> 0 | D50: =D47-D48-D49 -> 139320 | E50: =E47-E48-E49 -> 194368.29 | F50: =F47-F48-F49 -> 247356 | G50: =G47-G48-G49 -> 298845.23 | H50: =H47-H48-H49 -> 350289.34 | I50: =I47-I48-I49 -> 401959.81 | J50: =J47-J48-J49 -> 454027.01 | ... Z50: =Z47-Z48-Z49 -> 1472952.9
A51: 매출 부가세 분리 | B51: 원 | C51: =C50*Assumptions!$C$70/(1+Assumptions!$C$70) -> 0 | D51: =D50*Assumptions!$C$70/(1+Assumptions!$C$70) -> 12665.455 | E51: =E50*Assumptions!$C$70/(1+Assumptions!$C$70) -> 17669.845 | F51: =F50*Assumptions!$C$70/(1+Assumptions!$C$70) -> 22486.909 | G51: =G50*Assumptions!$C$70/(1+Assumptions!$C$70) -> 27167.748 | H51: =H50*Assumptions!$C$70/(1+Assumptions!$C$70) -> 31844.485 | I51: =I50*Assumptions!$C$70/(1+Assumptions!$C$70) -> 36541.801 | J51: =J50*Assumptions!$C$70/(1+Assumptions!$C$70) -> 41275.183 | ... Z51: =Z50*Assumptions!$C$70/(1+Assumptions!$C$70) -> 133904.81
A52: 순매출 (VAT 제외) | B52: 원 | C52: =C50-C51 -> 0 | D52: =D50-D51 -> 126654.55 | E52: =E50-E51 -> 176698.45 | F52: =F50-F51 -> 224869.09 | G52: =G50-G51 -> 271677.48 | H52: =H50-H51 -> 318444.85 | I52: =I50-I51 -> 365418.01 | J52: =J50-J51 -> 412751.83 | ... Z52: =Z50-Z51 -> 1339048.1
A53: 실제 결제 고객 수 | B53: 원 | C53: =MAX(0,C34-C44) -> 0 | D53: =MAX(0,D34-D44) -> 7.2 | E53: =MAX(0,E34-E44) -> 10.044873 | F53: =MAX(0,F34-F44) -> 12.783256 | G53: =MAX(0,G34-G44) -> 15.444198 | H53: =MAX(0,H34-H44) -> 18.102808 | I53: =MAX(0,I34-I44) -> 20.773117 | J53: =MAX(0,J34-J44) -> 23.463928 | ... Z53: =MAX(0,Z34-Z44) -> 76.121595
A55: 사용량 · 원가 · 손익
A56: 유료 고객 강의 이용량 | B56: 분 | C56: =C31*Assumptions!$C$38+C32*Assumptions!$C$39+C33*Assumptions!$C$40 -> 0 | D56: =D31*Assumptions!$C$38+D32*Assumptions!$C$39+D33*Assumptions!$C$40 -> 1656 | E56: =E31*Assumptions!$C$38+E32*Assumptions!$C$39+E33*Assumptions!$C$40 -> 2325.231 | F56: =F31*Assumptions!$C$38+F32*Assumptions!$C$39+F33*Assumptions!$C$40 -> 2941.4013 | G56: =G31*Assumptions!$C$38+G32*Assumptions!$C$39+G33*Assumptions!$C$40 -> 3552.2707 | H56: =H31*Assumptions!$C$38+H32*Assumptions!$C$39+H33*Assumptions!$C$40 -> 4163.6547 | I56: =I31*Assumptions!$C$38+I32*Assumptions!$C$39+I33*Assumptions!$C$40 -> 4777.8176 | J56: =J31*Assumptions!$C$38+J32*Assumptions!$C$39+J33*Assumptions!$C$40 -> 5396.7035 | ... Z56: =Z31*Assumptions!$C$38+Z32*Assumptions!$C$39+Z33*Assumptions!$C$40 -> 17507.967
A57: 일반 무료체험 강의 이용량 | B57: 분 | C57: =C41*MIN(Assumptions!$C$41,Assumptions!$C$10)/MAX(1,ROUNDUP(Assumptions!$C$9/30,0)) -> 960 | D57: =D41*MIN(Assumptions!$C$41,Assumptions!$C$10)/MAX(1,ROUNDUP(Assumptions!$C$9/30,0)) -> 1078.56 | E57: =E41*MIN(Assumptions!$C$41,Assumptions!$C$10)/MAX(1,ROUNDUP(Assumptions!$C$9/30,0)) -> 1064.327 | F57: =F41*MIN(Assumptions!$C$41,Assumptions!$C$10)/MAX(1,ROUNDUP(Assumptions!$C$9/30,0)) -> 1111.8179 | G57: =G41*MIN(Assumptions!$C$41,Assumptions!$C$10)/MAX(1,ROUNDUP(Assumptions!$C$9/30,0)) -> 1166.9278 | H57: =H41*MIN(Assumptions!$C$41,Assumptions!$C$10)/MAX(1,ROUNDUP(Assumptions!$C$9/30,0)) -> 1225.2338 | I57: =I41*MIN(Assumptions!$C$41,Assumptions!$C$10)/MAX(1,ROUNDUP(Assumptions!$C$9/30,0)) -> 1286.4921 | J57: =J41*MIN(Assumptions!$C$41,Assumptions!$C$10)/MAX(1,ROUNDUP(Assumptions!$C$9/30,0)) -> 1350.8164 | ... Z57: =Z41*MIN(Assumptions!$C$41,Assumptions!$C$10)/MAX(1,ROUNDUP(Assumptions!$C$9/30,0)) -> 2948.6628
A58: 사전예약 무료월 강의 이용량 | B58: 분 | C58: =C42*Assumptions!$C$42 -> 2100 | D58: =D42*Assumptions!$C$42 -> 0 | E58: =E42*Assumptions!$C$42 -> 0 | F58: =F42*Assumptions!$C$42 -> 0 | G58: =G42*Assumptions!$C$42 -> 0 | H58: =H42*Assumptions!$C$42 -> 0 | I58: =I42*Assumptions!$C$42 -> 0 | J58: =J42*Assumptions!$C$42 -> 0 | ... Z58: =Z42*Assumptions!$C$42 -> 0
A59: Free 로컬 강의 이용량 | B59: 분 | C59: =C40*Assumptions!$C$43 -> 750 | D59: =D40*Assumptions!$C$43 -> 1969.68 | E59: =E40*Assumptions!$C$43 -> 2524.8655 | F59: =F40*Assumptions!$C$43 -> 2933.5562 | G59: =G40*Assumptions!$C$43 -> 3277.0759 | H59: =H40*Assumptions!$C$43 -> 3580.7586 | I59: =I40*Assumptions!$C$43 -> 3859.8255 | J59: =J40*Assumptions!$C$43 -> 4124.8685 | ... Z59: =Z40*Assumptions!$C$43 -> 9404.5547
A60: 외부 AI 요약 강의량 | B60: 분 | C60: =SUM(C56:C58)*Assumptions!$C$44 -> 3060 | D60: =SUM(D56:D58)*Assumptions!$C$44 -> 2734.56 | E60: =SUM(E56:E58)*Assumptions!$C$44 -> 3389.558 | F60: =SUM(F56:F58)*Assumptions!$C$44 -> 4053.2191 | G60: =SUM(G56:G58)*Assumptions!$C$44 -> 4719.1985 | H60: =SUM(H56:H58)*Assumptions!$C$44 -> 5388.8885 | I60: =SUM(I56:I58)*Assumptions!$C$44 -> 6064.3097 | J60: =SUM(J56:J58)*Assumptions!$C$44 -> 6747.5199 | ... Z60: =SUM(Z56:Z58)*Assumptions!$C$44 -> 20456.63
A61: LLM 입력 토큰 | B61: 토큰 | C61: =C60*Assumptions!$C$45*Assumptions!$C$47 -> 1836000 | D61: =D60*Assumptions!$C$45*Assumptions!$C$47 -> 1640736 | E61: =E60*Assumptions!$C$45*Assumptions!$C$47 -> 2033734.8 | F61: =F60*Assumptions!$C$45*Assumptions!$C$47 -> 2431931.5 | G61: =G60*Assumptions!$C$45*Assumptions!$C$47 -> 2831519.1 | H61: =H60*Assumptions!$C$45*Assumptions!$C$47 -> 3233333.1 | I61: =I60*Assumptions!$C$45*Assumptions!$C$47 -> 3638585.8 | J61: =J60*Assumptions!$C$45*Assumptions!$C$47 -> 4048512 | ... Z61: =Z60*Assumptions!$C$45*Assumptions!$C$47 -> 12273978
A62: LLM 출력 토큰 | B62: 토큰 | C62: =C60*Assumptions!$C$46*Assumptions!$C$47 -> 367200 | D62: =D60*Assumptions!$C$46*Assumptions!$C$47 -> 328147.2 | E62: =E60*Assumptions!$C$46*Assumptions!$C$47 -> 406746.96 | F62: =F60*Assumptions!$C$46*Assumptions!$C$47 -> 486386.3 | G62: =G60*Assumptions!$C$46*Assumptions!$C$47 -> 566303.82 | H62: =H60*Assumptions!$C$46*Assumptions!$C$47 -> 646666.63 | I62: =I60*Assumptions!$C$46*Assumptions!$C$47 -> 727717.17 | J62: =J60*Assumptions!$C$46*Assumptions!$C$47 -> 809702.39 | ... Z62: =Z60*Assumptions!$C$46*Assumptions!$C$47 -> 2454795.6
A63: LLM API 사용 원가 | B63: 원 | C63: =(C61*(Assumptions!$C$49*(1-Assumptions!$C$48)+Assumptions!$C$51*Assumptions!$C$48)+C62*(Assumptions!$C$50*(1-Assumptions!$C$48)+Assumptions!$C$52*Assumptions!$C$48))/1000000*Assumptions!$C$54 -> 4086.936 | D63: =(D61*(Assumptions!$C$49*(1-Assumptions!$C$48)+Assumptions!$C$51*Assumptions!$C$48)+D62*(Assumptions!$C$50*(1-Assumptions!$C$48)+Assumptions!$C$52*Assumptions!$C$48))/1000000*Assumptions!$C$54 -> 3652.2783 | E63: =(E61*(Assumptions!$C$49*(1-Assumptions!$C$48)+Assumptions!$C$51*Assumptions!$C$48)+E62*(Assumptions!$C$50*(1-Assumptions!$C$48)+Assumptions!$C$52*Assumptions!$C$48))/1000000*Assumptions!$C$54 -> 4527.0937 | F63: =(F61*(Assumptions!$C$49*(1-Assumptions!$C$48)+Assumptions!$C$51*Assumptions!$C$48)+F62*(Assumptions!$C$50*(1-Assumptions!$C$48)+Assumptions!$C$52*Assumptions!$C$48))/1000000*Assumptions!$C$54 -> 5413.4795 | G63: =(G61*(Assumptions!$C$49*(1-Assumptions!$C$48)+Assumptions!$C$51*Assumptions!$C$48)+G62*(Assumptions!$C$50*(1-Assumptions!$C$48)+Assumptions!$C$52*Assumptions!$C$48))/1000000*Assumptions!$C$54 -> 6302.9615 | H63: =(H61*(Assumptions!$C$49*(1-Assumptions!$C$48)+Assumptions!$C$51*Assumptions!$C$48)+H62*(Assumptions!$C$50*(1-Assumptions!$C$48)+Assumptions!$C$52*Assumptions!$C$48))/1000000*Assumptions!$C$54 -> 7197.3995 | I63: =(I61*(Assumptions!$C$49*(1-Assumptions!$C$48)+Assumptions!$C$51*Assumptions!$C$48)+I62*(Assumptions!$C$50*(1-Assumptions!$C$48)+Assumptions!$C$52*Assumptions!$C$48))/1000000*Assumptions!$C$54 -> 8099.4921 | J63: =(J61*(Assumptions!$C$49*(1-Assumptions!$C$48)+Assumptions!$C$51*Assumptions!$C$48)+J62*(Assumptions!$C$50*(1-Assumptions!$C$48)+Assumptions!$C$52*Assumptions!$C$48))/1000000*Assumptions!$C$54 -> 9011.9876 | ... Z63: =(Z61*(Assumptions!$C$49*(1-Assumptions!$C$48)+Assumptions!$C$51*Assumptions!$C$48)+Z62*(Assumptions!$C$50*(1-Assumptions!$C$48)+Assumptions!$C$52*Assumptions!$C$48))/1000000*Assumptions!$C$54 -> 27321.875
A64: OpenRouter 충전 수수료 배분 | B64: 원 | C64: =C63*Assumptions!$C$53 -> 224.78148 | D64: =D63*Assumptions!$C$53 -> 200.87531 | E64: =E63*Assumptions!$C$53 -> 248.99015 | F64: =F63*Assumptions!$C$53 -> 297.74137 | G64: =G63*Assumptions!$C$53 -> 346.66288 | H64: =H63*Assumptions!$C$53 -> 395.85698 | I64: =I63*Assumptions!$C$53 -> 445.47207 | J64: =J63*Assumptions!$C$53 -> 495.65932 | ... Z64: =Z63*Assumptions!$C$53 -> 1502.7031
A65: 동의 기반 비전 비용 | B65: 원 | C65: =C60*Assumptions!$C$55*Assumptions!$C$56 -> 0 | D65: =D60*Assumptions!$C$55*Assumptions!$C$56 -> 0 | E65: =E60*Assumptions!$C$55*Assumptions!$C$56 -> 0 | F65: =F60*Assumptions!$C$55*Assumptions!$C$56 -> 0 | G65: =G60*Assumptions!$C$55*Assumptions!$C$56 -> 0 | H65: =H60*Assumptions!$C$55*Assumptions!$C$56 -> 0 | I65: =I60*Assumptions!$C$55*Assumptions!$C$56 -> 0 | J65: =J60*Assumptions!$C$55*Assumptions!$C$56 -> 0 | ... Z65: =Z60*Assumptions!$C$55*Assumptions!$C$56 -> 0
A66: Vercel 비용 | B66: 원 | C66: =(Assumptions!$C$58+Assumptions!$C$59)*Assumptions!$C$54 -> 28000 | D66: =(Assumptions!$C$58+Assumptions!$C$59)*Assumptions!$C$54 -> 28000 | E66: =(Assumptions!$C$58+Assumptions!$C$59)*Assumptions!$C$54 -> 28000 | F66: =(Assumptions!$C$58+Assumptions!$C$59)*Assumptions!$C$54 -> 28000 | G66: =(Assumptions!$C$58+Assumptions!$C$59)*Assumptions!$C$54 -> 28000 | H66: =(Assumptions!$C$58+Assumptions!$C$59)*Assumptions!$C$54 -> 28000 | I66: =(Assumptions!$C$58+Assumptions!$C$59)*Assumptions!$C$54 -> 28000 | J66: =(Assumptions!$C$58+Assumptions!$C$59)*Assumptions!$C$54 -> 28000 | ... Z66: =(Assumptions!$C$58+Assumptions!$C$59)*Assumptions!$C$54 -> 28000
A67: Supabase 비용 | B67: 원 | C67: =(Assumptions!$C$60+Assumptions!$C$62+MAX(0,C34+C40+C41+C42-100000)*Assumptions!$C$61)*Assumptions!$C$54 -> 35000 | D67: =(Assumptions!$C$60+Assumptions!$C$62+MAX(0,D34+D40+D41+D42-100000)*Assumptions!$C$61)*Assumptions!$C$54 -> 35000 | E67: =(Assumptions!$C$60+Assumptions!$C$62+MAX(0,E34+E40+E41+E42-100000)*Assumptions!$C$61)*Assumptions!$C$54 -> 35000 | F67: =(Assumptions!$C$60+Assumptions!$C$62+MAX(0,F34+F40+F41+F42-100000)*Assumptions!$C$61)*Assumptions!$C$54 -> 35000 | G67: =(Assumptions!$C$60+Assumptions!$C$62+MAX(0,G34+G40+G41+G42-100000)*Assumptions!$C$61)*Assumptions!$C$54 -> 35000 | H67: =(Assumptions!$C$60+Assumptions!$C$62+MAX(0,H34+H40+H41+H42-100000)*Assumptions!$C$61)*Assumptions!$C$54 -> 35000 | I67: =(Assumptions!$C$60+Assumptions!$C$62+MAX(0,I34+I40+I41+I42-100000)*Assumptions!$C$61)*Assumptions!$C$54 -> 35000 | J67: =(Assumptions!$C$60+Assumptions!$C$62+MAX(0,J34+J40+J41+J42-100000)*Assumptions!$C$61)*Assumptions!$C$54 -> 35000 | ... Z67: =(Assumptions!$C$60+Assumptions!$C$62+MAX(0,Z34+Z40+Z41+Z42-100000)*Assumptions!$C$61)*Assumptions!$C$54 -> 35000
A68: 결제 변동 수수료 | B68: 원 | C68: =C50*Assumptions!$C$63 -> 0 | D68: =D50*Assumptions!$C$63 -> 4736.88 | E68: =E50*Assumptions!$C$63 -> 6608.5219 | F68: =F50*Assumptions!$C$63 -> 8410.1039 | G68: =G50*Assumptions!$C$63 -> 10160.738 | H68: =H50*Assumptions!$C$63 -> 11909.838 | I68: =I50*Assumptions!$C$63 -> 13666.634 | J68: =J50*Assumptions!$C$63 -> 15436.918 | ... Z68: =Z50*Assumptions!$C$63 -> 50080.398
A69: PG 가입비 · 연관리비 | B69: 원 | C69: =Assumptions!$C$64+Assumptions!$C$65 -> 330000 | D69: =0+0 -> 0 | E69: =0+0 -> 0 | F69: =0+0 -> 0 | G69: =0+0 -> 0 | H69: =0+0 -> 0 | I69: =0+0 -> 0 | J69: =0+0 -> 0 | K69: =0+0 -> 0 | ... N69: =0+0 -> 0 | O69: =0+Assumptions!$C$65 -> 110000 | P69: =0+0 -> 0 | Q69: =0+0 -> 0 | R69: =0+0 -> 0 | S69: =0+0 -> 0 | T69: =0+0 -> 0 | U69: =0+0 -> 0 | V69: =0+0 -> 0 | W69: =0+0 -> 0 | ... Z69: =0+0 -> 0
A70: 고객 지원 변동비 | B70: 원 | C70: =SUM(C34,C40,C41,C42)*Assumptions!$C$66 -> 3500 | D70: =SUM(D34,D40,D41,D42)*Assumptions!$C$66 -> 5351 | E70: =SUM(E34,E40,E41,E42)*Assumptions!$C$66 -> 6549.488 | F70: =SUM(F34,F40,F41,F42)*Assumptions!$C$66 -> 7557.9028 | G70: =SUM(G34,G40,G41,G42)*Assumptions!$C$66 -> 8464.9185 | H70: =SUM(H34,H40,H41,H42)*Assumptions!$C$66 -> 9309.7579 | I70: =SUM(I34,I40,I41,I42)*Assumptions!$C$66 -> 10118.47 | J70: =SUM(J34,J40,J41,J42)*Assumptions!$C$66 -> 10909.694 | ... Z70: =SUM(Z34,Z40,Z41,Z42)*Assumptions!$C$66 -> 26972.246
A71: 마케팅비 | B71: 원 | C71: =Assumptions!$C$67 -> 0 | D71: =Assumptions!$C$67 -> 0 | E71: =Assumptions!$C$67 -> 0 | F71: =Assumptions!$C$67 -> 0 | G71: =Assumptions!$C$67 -> 0 | H71: =Assumptions!$C$67 -> 0 | I71: =Assumptions!$C$67 -> 0 | J71: =Assumptions!$C$67 -> 0 | ... Z71: =Assumptions!$C$67 -> 0
A72: 인건비 | B72: 원 | C72: =Assumptions!$C$68 -> 0 | D72: =Assumptions!$C$68 -> 0 | E72: =Assumptions!$C$68 -> 0 | F72: =Assumptions!$C$68 -> 0 | G72: =Assumptions!$C$68 -> 0 | H72: =Assumptions!$C$68 -> 0 | I72: =Assumptions!$C$68 -> 0 | J72: =Assumptions!$C$68 -> 0 | ... Z72: =Assumptions!$C$68 -> 0
A73: 기타 판관비 | B73: 원 | C73: =Assumptions!$C$69 -> 200000 | D73: =Assumptions!$C$69 -> 200000 | E73: =Assumptions!$C$69 -> 200000 | F73: =Assumptions!$C$69 -> 200000 | G73: =Assumptions!$C$69 -> 200000 | H73: =Assumptions!$C$69 -> 200000 | I73: =Assumptions!$C$69 -> 200000 | J73: =Assumptions!$C$69 -> 200000 | ... Z73: =Assumptions!$C$69 -> 200000
A74: 전체 영업비용 | B74: 원 | C74: =SUM(C63:C73) -> 600811.72 | D74: =SUM(D63:D73) -> 276941.03 | E74: =SUM(E63:E73) -> 280934.09 | F74: =SUM(F63:F73) -> 284679.23 | G74: =SUM(G63:G73) -> 288275.28 | H74: =SUM(H63:H73) -> 291812.85 | I74: =SUM(I63:I73) -> 295330.07 | J74: =SUM(J63:J73) -> 298854.26 | ... Z74: =SUM(Z63:Z73) -> 368877.22
A75: 세전 이익 | B75: 원 | C75: =C52-C74 -> -600811.72 | D75: =D52-D74 -> -150286.49 | E75: =E52-E74 -> -104235.65 | F75: =F52-F74 -> -59810.138 | G75: =G52-G74 -> -16597.802 | H75: =H52-H74 -> 26632.002 | I75: =I52-I74 -> 70087.944 | J75: =J52-J74 -> 113897.57 | ... Z75: =Z52-Z74 -> 970170.84
A76: 기초 이월결손금 | B76: 원 | C76: =0 -> 0 | D76: =C79 -> 600811.72 | E76: =D79 -> 751098.21 | F76: =E79 -> 855333.85 | G76: =F79 -> 915143.99 | H76: =G79 -> 931741.79 | I76: =H79 -> 905109.79 | J76: =I79 -> 835021.85 | K76: =J79 -> 721124.28 | ... Z76: =Y79 -> 0
A77: 추정 과세소득 | B77: 원 | C77: =MAX(0,C75-C76) -> 0 | D77: =MAX(0,D75-D76) -> 0 | E77: =MAX(0,E75-E76) -> 0 | F77: =MAX(0,F75-F76) -> 0 | G77: =MAX(0,G75-G76) -> 0 | H77: =MAX(0,H75-H76) -> 0 | I77: =MAX(0,I75-I76) -> 0 | J77: =MAX(0,J75-J76) -> 0 | ... Z77: =MAX(0,Z75-Z76) -> 970170.84
A78: 추정 법인세 | B78: 원 | C78: =C77*Assumptions!$C$71 -> 0 | D78: =D77*Assumptions!$C$71 -> 0 | E78: =E77*Assumptions!$C$71 -> 0 | F78: =F77*Assumptions!$C$71 -> 0 | G78: =G77*Assumptions!$C$71 -> 0 | H78: =H77*Assumptions!$C$71 -> 0 | I78: =I77*Assumptions!$C$71 -> 0 | J78: =J77*Assumptions!$C$71 -> 0 | ... Z78: =Z77*Assumptions!$C$71 -> 97017.084
A79: 기말 이월결손금 | B79: 원 | C79: =MAX(0,C76-MAX(0,C75))+MAX(0,-C75) -> 600811.72 | D79: =MAX(0,D76-MAX(0,D75))+MAX(0,-D75) -> 751098.21 | E79: =MAX(0,E76-MAX(0,E75))+MAX(0,-E75) -> 855333.85 | F79: =MAX(0,F76-MAX(0,F75))+MAX(0,-F75) -> 915143.99 | G79: =MAX(0,G76-MAX(0,G75))+MAX(0,-G75) -> 931741.79 | H79: =MAX(0,H76-MAX(0,H75))+MAX(0,-H75) -> 905109.79 | I79: =MAX(0,I76-MAX(0,I75))+MAX(0,-I75) -> 835021.85 | J79: =MAX(0,J76-MAX(0,J75))+MAX(0,-J75) -> 721124.28 | ... Z79: =MAX(0,Z76-MAX(0,Z75))+MAX(0,-Z75) -> 0
A80: 추정 순이익 | B80: 원 | C80: =C75-C78 -> -600811.72 | D80: =D75-D78 -> -150286.49 | E80: =E75-E78 -> -104235.65 | F80: =F75-F78 -> -59810.138 | G80: =G75-G78 -> -16597.802 | H80: =H75-H78 -> 26632.002 | I80: =I75-I78 -> 70087.944 | J80: =J75-J78 -> 113897.57 | ... Z80: =Z75-Z78 -> 873153.76
A81: 누적 순이익 | B81: 원 | C81: =C80 -> -600811.72 | D81: =C81+D80 -> -751098.21 | E81: =D81+E80 -> -855333.85 | F81: =E81+F80 -> -915143.99 | G81: =F81+G80 -> -931741.79 | H81: =G81+H80 -> -905109.79 | I81: =H81+I80 -> -835021.85 | J81: =I81+J80 -> -721124.28 | K81: =J81+K80 -> -562939.44 | ... Z81: =Y81+Z80 -> 6966935
A82: 순이익률 | B82: % | C82: =IF(C52=0,0,C80/C52) -> 0 | D82: =IF(D52=0,0,D80/D52) -> -1.1865858 | E82: =IF(E52=0,0,E80/E52) -> -0.58990697 | F82: =IF(F52=0,0,F80/F52) -> -0.26597759 | G82: =IF(G52=0,0,G80/G52) -> -0.061093772 | H82: =IF(H52=0,0,H80/H52) -> 0.083631442 | I82: =IF(I52=0,0,I80/I52) -> 0.19180211 | J82: =IF(J52=0,0,J80/J52) -> 0.27594685 | ... Z82: =IF(Z52=0,0,Z80/Z52) -> 0.65207051
A84: 검증: 정상은 모두 0
A85: 가입 경로 합계 차이 | B85: 명 | C85: =ROUND(C14-SUM(C7,C9,C11),6) -> 0 | D85: =ROUND(D14-SUM(D7,D9,D11),6) -> 0 | E85: =ROUND(E14-SUM(E7,E9,E11),6) -> 0 | F85: =ROUND(F14-SUM(F7,F9,F11),6) -> 0 | G85: =ROUND(G14-SUM(G7,G9,G11),6) -> 0 | H85: =ROUND(H14-SUM(H7,H9,H11),6) -> 0 | I85: =ROUND(I14-SUM(I7,I9,I11),6) -> 0 | J85: =ROUND(J14-SUM(J7,J9,J11),6) -> 0 | ... Z85: =ROUND(Z14-SUM(Z7,Z9,Z11),6) -> 0
A86: 유료 고객 롤포워드 차이 | B86: 명 | C86: =ROUND(C34-(SUM(C22:C24)-SUM(C25:C27)+C21),6) -> 0 | D86: =ROUND(D34-(SUM(D22:D24)-SUM(D25:D27)+D21),6) -> 0 | E86: =ROUND(E34-(SUM(E22:E24)-SUM(E25:E27)+E21),6) -> 0 | F86: =ROUND(F34-(SUM(F22:F24)-SUM(F25:F27)+F21),6) -> 0 | G86: =ROUND(G34-(SUM(G22:G24)-SUM(G25:G27)+G21),6) -> 0 | H86: =ROUND(H34-(SUM(H22:H24)-SUM(H25:H27)+H21),6) -> 0 | I86: =ROUND(I34-(SUM(I22:I24)-SUM(I25:I27)+I21),6) -> 0 | J86: =ROUND(J34-(SUM(J22:J24)-SUM(J25:J27)+J21),6) -> 0 | ... Z86: =ROUND(Z34-(SUM(Z22:Z24)-SUM(Z25:Z27)+Z21),6) -> 0
A87: 음수 고객 수 검사 | B87: 명 | C87: =MAX(0,-MIN(C31,C32,C33,C40,C50)) -> 0 | D87: =MAX(0,-MIN(D31,D32,D33,D40,D50)) -> 0 | E87: =MAX(0,-MIN(E31,E32,E33,E40,E50)) -> 0 | F87: =MAX(0,-MIN(F31,F32,F33,F40,F50)) -> 0 | G87: =MAX(0,-MIN(G31,G32,G33,G40,G50)) -> 0 | H87: =MAX(0,-MIN(H31,H32,H33,H40,H50)) -> 0 | I87: =MAX(0,-MIN(I31,I32,I33,I40,I50)) -> 0 | J87: =MAX(0,-MIN(J31,J32,J33,J40,J50)) -> 0 | ... Z87: =MAX(0,-MIN(Z31,Z32,Z33,Z40,Z50)) -> 0
A88: 추천 보상 상한 차이 | B88: 명 | C88: =MAX(0,C44-C34) -> 0 | D88: =MAX(0,D44-D34) -> 0 | E88: =MAX(0,E44-E34) -> 0 | F88: =MAX(0,F44-F34) -> 0 | G88: =MAX(0,G44-G34) -> 0 | H88: =MAX(0,H44-H34) -> 0 | I88: =MAX(0,I44-I34) -> 0 | J88: =MAX(0,J44-J34) -> 0 | ... Z88: =MAX(0,Z44-Z34) -> 0
A89: 매출·결제액 대사 차이 | B89: 명 | C89: =ROUND(C52+C51-C50,6) -> 0 | D89: =ROUND(D52+D51-D50,6) -> 0 | E89: =ROUND(E52+E51-E50,6) -> 0 | F89: =ROUND(F52+F51-F50,6) -> 0 | G89: =ROUND(G52+G51-G50,6) -> 0 | H89: =ROUND(H52+H51-H50,6) -> 0 | I89: =ROUND(I52+I51-I50,6) -> 0 | J89: =ROUND(J52+J51-J50,6) -> 0 | ... Z89: =ROUND(Z52+Z51-Z50,6) -> 0

Sheet Sources
A2: 출처 · 산식 · 확인할 실측값
A4: ID | B4: 자료 / 정의 | C4: 확인값 | D4: 직접 URL
A5: U | B5: 사용자 지정 가격·무료 혜택 | C5: Free 0 / Essential 21,900 / 학생 12,900 / Pro 28,900; 14일 200분; 예약 첫달 무료; 2명 추천 1달 추가 | D5: 이 대화의 사용자 제공 조건
A6: P1 | B6: Vercel Pro 공식 요금 | C6: 월 $20, 사용량 크레딧 $20 포함. 초과액 별도 | D6: https://vercel.com/docs/plans/pro-plan
A7: P2 | B7: Supabase Pro 공식 요금 | C7: 월 $25, 10만 MAU 포함, 초과 $0.00325/MAU. 기타 초과요금 별도 | D7: https://supabase.com/pricing
A8: P3 | B8: OpenRouter Gemini 2.5 Flash Lite | C8: 입력 $0.10, 출력 $0.40 / 100만 토큰 | D8: https://openrouter.ai/google/gemini-2.5-flash-lite
A9: P4 | B9: OpenRouter Gemini 3.8 Flash | C9: 현재 50% 한시 할인 표시. 계획은 보수적 정가 $1.50/$7.50 적용 | D9: https://openrouter.ai/google/gemini-3.8-flash
A10: P5 | B10: OpenRouter Standard 수수료 | C10: 크레딧 충전액에 5.5% 수수료. API 소비액에 배분해 근사 | D10: https://openrouter.ai/pricing
A11: P6 | B11: 토스페이먼츠 일반 카드 요금 | C11: 카드 3.4%, 가입비 22만원, 연관리비 11만원. 자동결제는 추가 계약·심사 필요 | D11: https://www.tosspayments.com/about/fee
A12: P9 | B12: 토스페이먼츠 자동결제 안내 | C12: 자동결제는 추가 계약·심사 대상. 실제 수수료 확인 필요 | D12: https://docs.tosspayments.com/guides/v2/billing
A13: P7 | B13: 국세청 부가세 계산 | C13: 일반 과세 10%; 소비자가 포함 가격이면 공급가액은 결제액/1.1 | D13: https://www.nts.go.kr/nts/cm/cntnts/cntntsView.do?cntntsId=7696&mi=2274
A14: P8 | B14: 국세청 2026년 이후 법인세율 | C14: 과세표준 2억원 이하 영리법인 10%; 실제 지방세·공제·세무조정 미반영 | D14: https://s.nts.go.kr/nts/cm/cntnts/cntntsView.do?cntntsId=7746&mi=2372
A15: B1 | B15: ChartMogul/ProductLed 2026 SaaS 전환 조사 | C15: 200개 제품 중위: 무료/리드 가입자의 6개월 내 유료 전환 8%. 카드 체험 월전환과 정의 다름 | D15: https://chartmogul.com/reports/saas-conversion-report/
... A17: B3 | B17: My Yoga Teacher 추천 연구 | C17: 추천 유입 고객의 이메일 공유 8.72%, 수신자 계정 생성 23.8%; 학생 SaaS 직접 비교 불가 | D17: https://faculty.wharton.upenn.edu/wp-content/uploads/2020/06/gershon-jiang-2024-express-referral-contagion-downstream-benefits-of-customer-referrals.pdf
A18: A | B18: 모델 가정 / 미측정값 | C18: 웨이트리스트, 카드 등록률, 유료 전환, 토큰/분, 이용량, 급여, 환율 등은 실측 전 가정
A20: 업데이트 우선순위 | B20: 1. 실제 사전예약자·채널별 카드 등록률·체험 종료 유료 전환·취소율
B21: 2. API 요청당 입력/출력 토큰, 요약 횟수, 강의 분, 모델 구성
B22: 3. 결제사 자동결제 계약 요율, Vercel/Supabase 실제 청구서, 급여·마케팅비
B24: 월 단위 계획 모델입니다. 14일 체험의 일별 기산·결제일·환불·부가세 매입세액은 별도 회계 장부에서 검증하세요.
